composition,minimum CN_VoronoiNN,maximum CN_VoronoiNN,range CN_VoronoiNN,mean CN_VoronoiNN,avg_dev CN_VoronoiNN,spacegroup_num,crystal_system,crystal_system_int,is_centrosymmetric,n_symmetry_ops,density,vpa,packing fraction
Ag0.01Cu1.965S0.5Se0.5_generalized_grouping_grouped_from_oqmd-3241062_rank_3,7.999999999893485,9.971817977428946,1.9718179775354612,9.314545318200231,0.8763635455378301,160,trigonal,3,False,24,4.738277038873865,21.331375935662052,0.40459489864508336
Ag0.01Cu1.965S0.5Se0.5_generalized_grouping_grouped_from_oqmd-5473064_rank_2,7.999999999989332,9.971811232772206,1.9718112327828736,9.314540821839282,0.876360547899966,160,trigonal,3,False,24,4.041738093133902,25.007550334653875,0.34511840500785346
Ag0.01Cu1.965S0.5Se0.5_generalized_grouping_grouped_from_oqmd-5757776_rank_1,9.579430431937665,13.16415928098807,3.5847288490504052,10.774342207619533,1.5932093534523013,187,hexagonal,2,False,96,7.266325635969527,13.909914565788377,0.6204614588989895
Ag0.01Sn0.99Se0.65S0.35_generalized_grouping_grouped_from_agm002068072_rank_3,7.80451602453066,10.247049694187456,2.4425336696567967,9.02576205345484,1.221239377850751,164,trigonal,3,True,24,4.925245763410964,30.357585667201587,0.3017777583651486
Ag0.01Sn0.99Se0.65S0.35_generalized_grouping_grouped_from_oqmd-5395345_rank_2,9.646113141270112,9.660429604919027,0.0143164636489157,9.653267507269241,0.007143811451440829,187,hexagonal,2,False,24,6.6040002701037555,22.64060631124428,0.40463775687297726
Ag0.01Sn0.99Se0.85S0.15_generalized_grouping_grouped_from_agm002068072_rank_3,7.80451602453066,10.247049694187456,2.4425336696567967,9.025762053454843,1.2212393778507515,164,trigonal,3,True,24,5.2458862965987505,30.357585667201587,0.31076165831126396
Ag0.01Sn0.99Se0.85S0.15_generalized_grouping_grouped_from_oqmd-5395345_rank_2,9.646113141270112,9.660429604919031,0.014316463648919253,9.653267507269243,0.007143811451442161,187,hexagonal,2,False,24,7.03393011919049,22.64060631124428,0.4166837908214726
Ag0.01Sn0.99Se0.8S0.2_generalized_grouping_grouped_from_agm002068072_rank_3,7.80451602453066,10.247049694187453,2.442533669656793,9.02576205345484,1.2212393778507513,12,monoclinic,6,True,4,5.165726163301804,30.357585667201587,0.3085156833247351
Ag0.01Sn0.99Se0.8S0.2_generalized_grouping_grouped_from_oqmd-5395345_rank_2,9.646113141270112,9.660429604919031,0.014316463648919253,9.653267507269243,0.007143811451442161,38,orthorhombic,5,False,4,6.926447656918808,22.64060631124428,0.4136722823343487
Ag0.01Sn0.99Se0.9S0.1_generalized_grouping_grouped_from_agm002068072_rank_3,7.80451602453066,10.247049694187456,2.4425336696567967,9.025762053454843,1.2212393778507515,164,trigonal,3,True,24,5.2458862965987505,30.357585667201587,0.31076165831126396
Ag0.01Sn0.99Se0.9S0.1_generalized_grouping_grouped_from_oqmd-5395345_rank_2,9.646113141270112,9.660429604919031,0.014316463648919253,9.653267507269243,0.007143811451442161,187,hexagonal,2,False,24,7.03393011919049,22.64060631124428,0.4166837908214726
Ag0.01Sn0.99Se_generalized_grouping_grouped_from_agm002068072_rank_3,7.80451602453066,10.247049694187456,2.4425336696567967,9.025762053454843,1.2212393778507513,194,hexagonal,2,True,192,5.406206563192644,30.357585667201587,0.31525360828432164
Ag0.01Sn0.99Se_generalized_grouping_grouped_from_oqmd-5395345_rank_2,9.646113141270112,9.66042960491903,0.014316463648917477,9.653267507269243,0.007143811451441828,194,hexagonal,2,True,192,7.2488950437338575,22.64060631124428,0.42270680779572023
Ag0.02Cu1.955S0.5Se0.5_generalized_grouping_grouped_from_oqmd-3241062_rank_3,7.999999999893485,9.971817977428946,1.9718179775354612,9.314545318200231,0.8763635455378301,160,trigonal,3,False,24,4.738277038873865,21.331375935662052,0.40459489864508336
Ag0.02Cu1.955S0.5Se0.5_generalized_grouping_grouped_from_oqmd-5473064_rank_2,7.999999999989332,9.971811232772206,1.9718112327828736,9.314540821839282,0.876360547899966,160,trigonal,3,False,24,4.041738093133902,25.007550334653875,0.34511840500785346
Ag0.02Cu1.955S0.5Se0.5_generalized_grouping_grouped_from_oqmd-5757776_rank_1,9.579430431937665,13.16415928098807,3.5847288490504052,10.774342207619533,1.5932093534523013,187,hexagonal,2,False,96,7.266325635969527,13.909914565788377,0.6204614588989895
Ag0.03Cu1.945S0.5Se0.5_generalized_grouping_grouped_from_oqmd-3241062_rank_3,7.999999999893485,9.971817977428946,1.9718179775354612,9.314545318200231,0.8763635455378301,160,trigonal,3,False,24,4.738277038873865,21.331375935662052,0.40459489864508336
Ag0.03Cu1.945S0.5Se0.5_generalized_grouping_grouped_from_oqmd-5473064_rank_2,7.999999999989332,9.971811232772206,1.9718112327828736,9.314540821839282,0.876360547899966,160,trigonal,3,False,24,4.041738093133902,25.007550334653875,0.34511840500785346
Ag0.03Cu1.945S0.5Se0.5_generalized_grouping_grouped_from_oqmd-5757776_rank_1,9.579430431937665,13.16415928098807,3.5847288490504052,10.774342207619533,1.5932093534523013,187,hexagonal,2,False,96,7.266325635969527,13.909914565788377,0.6204614588989895
Ag0.04Cr1.96Se3,11.99999999999948,11.999999999999492,1.2434497875801753e-14,11.99999999999949,4.6753712013014594e-15,1,triclinic,7,False,1,8.324818166545196,13.687811707283439,0.6184551662664023
Ag0.05Sb0.05Sn0.9S0.05Se0.05Te0.9_generalized_grouping_grouped_from_agm002068072_rank_3,7.80451602453066,10.247049694187456,2.4425336696567967,9.025762053454843,1.2212393778507515,8,monoclinic,6,False,2,6.476728861781093,30.357585667201587,0.39136019816861356
Ag0.05Sb0.05Sn0.9S0.05Se0.05Te0.9_generalized_grouping_grouped_from_oqmd-5395345_rank_2,9.646113141270115,9.66042960491903,0.014316463648913924,9.653267507269243,0.0071438114514407736,8,monoclinic,6,False,2,8.684301496250471,22.64060631124428,0.5247540891489374
Ag0.15Sb0.15Sn0.7S0.15Se0.15Te0.7_generalized_grouping_grouped_from_agm002068072_rank_3,7.804518289539199,10.24703413494762,2.4425158454084217,9.02576205630667,1.2212393793901166,8,monoclinic,6,False,2,6.142745303948988,30.357585698957983,0.3807172839033035
Ag0.15Sb0.15Sn0.7S0.15Se0.15Te0.7_generalized_grouping_grouped_from_oqmd-3052242_rank_1,11.008523700304362,12.144802125379167,1.1362784250748046,11.553246175289617,0.36843450710113185,6,monoclinic,6,False,2,8.06639564396101,22.931785250728392,0.5019143425855804
Ag0.15Sb0.15Sn0.7S0.15Se0.15Te0.7_generalized_grouping_grouped_from_oqmd-5395345_rank_2,9.646110035505252,9.6604297397182,0.014319704212947926,9.653267500713904,0.007143811559488051,8,monoclinic,6,False,2,8.236480691862983,22.64060634243095,0.5104835709063476
Ag0.15Sb0.15Te1.15Ge0.85_generalized_grouping_grouped_from_agm002068072_rank_3,7.80451602453066,10.247049694187456,2.4425336696567967,9.025762053454843,1.2212393778507513,187,hexagonal,2,False,24,5.764856964981438,30.357585667201587,0.35198583658572313
Ag0.15Sb0.15Te1.15Ge0.85_generalized_grouping_grouped_from_oqmd-5395345_rank_2,9.646113141270112,9.66042960491903,0.014316463648917477,9.653267507269243,0.007143811451441828,12,monoclinic,6,True,8,7.729790305424453,22.64060631124428,0.4719591004277066
Ag0.1Sb0.1Sn0.8S0.1Se0.1Te0.8_generalized_grouping_grouped_from_agm002068072_rank_3,7.80451602453066,10.247049694187456,2.4425336696567967,9.025762053454843,1.2212393778507513,1,triclinic,7,False,2,6.216963877353958,30.357585667201587,0.38308237627201897
Ag0.1Sb0.1Sn0.8S0.1Se0.1Te0.8_generalized_grouping_grouped_from_oqmd-5395345_rank_2,9.646113141270112,9.66042960491903,0.014316463648917477,9.653267507269245,0.007143811451441218,8,monoclinic,6,False,4,8.33599643499557,22.64060631124428,0.5136547977293916
Ag0.4Sb1.1Pb19.6Te18.8,11.008524524716522,12.14480173004947,1.1362772053329486,11.553246171984863,0.36843450881166795,6,monoclinic,6,False,2,9.653175563652956,28.744667938281527,0.6274661182688841
Ag0.5Cu0.5In5S8,11.999999999999481,11.99999999999949,8.881784197001252e-15,11.999999999999488,2.5165055224836883e-15,1,triclinic,7,False,1,8.401106012074974,12.833515059507244,0.6887538362854478
Ag0.5Sb1.1Pb19.6Te18.8,11.008524567001462,12.144801731117646,1.1362771641161835,11.5532461730589,0.3684345091793155,1,triclinic,7,False,1,9.632387218998803,28.79139707982185,0.6272845946316734
Ag0.6Sb0.9Pb19.5Te19.1,11.008524564918867,12.144801730027615,1.1362771651087478,11.55324617119689,0.36843450919387183,1,triclinic,7,False,1,9.645290525199954,28.763353540326538,0.6274340732803855
Ag0.7Cu0.3In5S8,11.999999999999481,11.999999999999492,1.0658141036401503e-14,11.999999999999488,2.1094237467877974e-15,1,triclinic,7,False,1,8.391798718425605,12.899103610753405,0.6897793892391147
Ag0.85Nb0.15Bi0.7Sb0.3Se2,11.999999999999481,11.999999999999492,1.0658141036401503e-14,11.999999999999488,2.434266779918862e-15,1,triclinic,7,False,1,10.543234896804682,17.820716659583216,0.6439829656004373
Ag0.85Nb0.15Bi0.9Sb0.1Se2,11.99999999999948,11.999999999999494,1.4210854715202004e-14,11.999999999999483,2.7015426932545475e-15,1,triclinic,7,False,1,10.857166190375862,17.779999116044504,0.6462178812253375
Ag0.8Nb0.2Bi0.7Sb0.3Se2,11.999999999999483,11.999999999999494,1.0658141036401503e-14,11.999999999999488,2.1711028037114174e-15,1,triclinic,7,False,1,10.835059263610864,17.1766578394592,0.6448712084335702
Ag0.8Nb0.2Bi0.9Sb0.1Se2,11.99999999999948,11.999999999999492,1.2434497875801753e-14,11.999999999999488,2.3314683517128287e-15,1,triclinic,7,False,1,10.857166190375862,17.779999116044504,0.6462178812253375
Ag0.8Sb0.8Pb18.3Te20.0,11.008524565997607,12.144801730142067,1.1362771641444596,11.553246171940735,0.3684345089134038,6,monoclinic,6,False,2,9.704384956330344,27.985507738067525,0.6277228447356908
Ag0.94CuSe_generalized_grouping_grouped_from_oqmd-3241062_rank_3,7.999999999893484,9.971817977428948,1.9718179775354638,9.314545318200231,0.876363545537831,216,cubic,1,False,192,6.496785802027951,21.331375935662052,0.528703286396182
Ag0.94CuSe_generalized_grouping_grouped_from_oqmd-5473064_rank_2,7.999999999989333,9.971811232772206,1.9718112327828727,9.314540821839282,0.8763605478999651,216,cubic,1,False,192,5.5417415325357595,25.007550334653875,0.45098253965757956
Ag0.94CuSe_generalized_grouping_grouped_from_oqmd-5757776_rank_1,9.579430432696606,13.164159280968901,3.584728848272295,10.774342208119096,1.593209353106482,194,hexagonal,2,True,192,7.77664462332514,17.820716649550782,0.6328571842716133
Ag0.96Nb0.04BiSe2.0,11.99999999999948,11.999999999999494,1.4210854715202004e-14,11.99999999999949,4.334310688136611e-15,1,triclinic,7,False,1,10.881780125761342,18.089366179765488,0.6478990492468057
Ag0.97Cr0.95Bi0.05Se2,11.999999999999481,11.999999999999494,1.2434497875801753e-14,11.999999999999488,2.1538326677728035e-15,1,triclinic,7,False,1,8.277081964942672,16.332059296303946,0.6379437379556737
Ag0.97Cr0.95Sb0.05Se2,11.999999999999481,11.999999999999492,1.0658141036401503e-14,11.999999999999488,2.55351295663786e-15,1,triclinic,7,False,1,8.200932479012687,16.26295336177221,0.6372824356491437
Ag0.97Cr0.97Bi0.03Se2,11.99999999999948,11.999999999999519,3.907985046680551e-14,11.999999999999499,1.0669983415330838e-14,1,triclinic,7,False,1,8.198961930456436,16.264486928988962,0.6374023311026737
Ag0.97Cr0.97Sb0.03Se2,11.999999999999476,11.999999999999519,4.263256414560601e-14,11.999999999999497,1.0279184910662783e-14,1,triclinic,7,False,1,8.158044068102054,16.227707952870528,0.6370445958939601
Ag0.97CrSe2,11.999999999999481,11.999999999999492,1.0658141036401503e-14,11.999999999999487,2.565848768022584e-15,1,triclinic,7,False,1,8.007135818881286,16.479451418139345,0.6368816303633934
Ag0.97CuSe_generalized_grouping_grouped_from_oqmd-3241062_rank_3,7.999999999893484,9.971817977428948,1.9718179775354638,9.314545318200231,0.876363545537831,216,cubic,1,False,192,6.496785802027951,21.331375935662052,0.528703286396182
Ag0.97CuSe_generalized_grouping_grouped_from_oqmd-5473064_rank_2,7.999999999989333,9.971811232772206,1.9718112327828727,9.314540821839282,0.8763605478999651,216,cubic,1,False,192,5.5417415325357595,25.007550334653875,0.45098253965757956
Ag0.97CuSe_generalized_grouping_grouped_from_oqmd-5757776_rank_1,9.579430432696606,13.164159280968901,3.584728848272295,10.774342208119096,1.593209353106482,194,hexagonal,2,True,192,7.77664462332514,17.820716649550782,0.6328571842716133
Ag0.9Nb0.1Bi0.7Sb0.3Se2,11.99999999999948,11.99999999999949,1.0658141036401503e-14,11.999999999999483,2.7385501274087196e-15,1,triclinic,7,False,1,10.520955320078336,17.536995660572476,0.6447485164091553
Ag0.9Nb0.1Bi0.9Sb0.1Se2,11.999999999999481,11.999999999999492,1.0658141036401503e-14,11.999999999999487,1.96139401017111e-15,1,triclinic,7,False,1,10.811883993902308,17.902338113818132,0.6469073477773822
Ag0.9Sb0.9Pb18.3Te19.9,11.008524521765846,12.144801722972751,1.1362772012069051,11.553246174159128,0.3684345070433006,6,monoclinic,6,False,2,9.704384956330344,27.985507738067525,0.6277228447356908
Ag1.1Sb0.8Pb15.5Te22.6,11.008524565140348,12.144801730356962,1.1362771652166135,11.553246171499518,0.3684345093217208,1,triclinic,7,False,1,9.681029319057691,27.87554517620814,0.6274817273925406
Ag1.2Sb0.8Pb14.9Te22.7,11.99999999999948,11.999999999999492,1.2434497875801753e-14,11.999999999999485,2.1094237467877974e-15,1,triclinic,7,False,1,9.876555296583636,26.35295655930187,0.6276932680260148
Ag1.3Sb0.9Pb15.7Te22.0,11.008524520049066,12.144801723403102,1.1362772033540356,11.55324617327553,0.36843450786101145,6,monoclinic,6,False,2,9.657388366859657,27.765871040537004,0.6272321845842047
Ag2.0Se0.5Te0.5_generalized_grouping_grouped_from_oqmd-3241062_rank_3,7.999999999894382,9.971818063899068,1.9718180640046858,9.314545375847063,0.876363583968453,160,trigonal,3,False,6,7.620581965701663,23.17142348665907,0.6221298502273526
Ag2.0Se0.5Te0.5_generalized_grouping_grouped_from_oqmd-5473064_rank_2,7.999999999989047,9.9718111463016,1.9718111463125538,9.314540764192186,0.8763605094687584,160,trigonal,3,False,6,7.061056729110339,25.007550387478375,0.576451271713837
Ag2.0Se0.5Te0.5_generalized_grouping_grouped_from_oqmd-5757776_rank_1,9.579432102962235,13.164158426961789,3.584726323999554,10.774342203535234,1.5932093562919605,187,hexagonal,2,False,8,7.6205819825603465,23.171423435397937,0.6221298516036633
Ag2.0Se0.6Te0.4_generalized_grouping_grouped_from_oqmd-3241062_rank_3,7.999999999894382,9.971818063899068,1.9718180640046858,9.314545375847063,0.876363583968453,160,trigonal,3,False,6,7.620581965701663,23.17142348665907,0.6221298502273526
Ag2.0Se0.6Te0.4_generalized_grouping_grouped_from_oqmd-5473064_rank_2,7.999999999989047,9.9718111463016,1.9718111463125538,9.314540764192186,0.8763605094687584,160,trigonal,3,False,6,7.061056729110339,25.007550387478375,0.576451271713837
Ag2.0Se0.6Te0.4_generalized_grouping_grouped_from_oqmd-5757776_rank_1,9.579432102962235,13.164158426961789,3.584726323999554,10.774342203535234,1.5932093562919605,187,hexagonal,2,False,8,7.6205819825603465,23.171423435397937,0.6221298516036633
Ag2.0Se0.8Te0.2_generalized_grouping_grouped_from_oqmd-3241062_rank_3,7.999999999893483,9.971818150368776,1.9718181504752925,9.314545433492592,0.8763636223994058,160,trigonal,3,False,6,7.6502508950404415,22.025796568329724,0.6312276960451902
Ag2.0Se0.8Te0.2_generalized_grouping_grouped_from_oqmd-5473064_rank_2,7.99999999998831,9.971811103066152,1.971811103077842,9.314540735368205,0.8763604902532627,160,trigonal,3,False,6,6.738079790478849,25.00755039276083,0.555963803052519
Ag2.0Se0.8Te0.2_generalized_grouping_grouped_from_oqmd-5757776_rank_1,9.579432137491565,13.164159260955765,3.5847271234641997,10.774342207446558,1.593209353587092,38,orthorhombic,5,False,4,7.650250888557251,22.025796586995444,0.631227695510258
Ag2.0Se0.9Te0.1_generalized_grouping_grouped_from_oqmd-3241062_rank_3,7.999999999893484,9.971817977428946,1.971817977535462,9.314545318200231,0.8763635455378299,216,cubic,1,False,24,7.656034809130291,21.74541502926482,0.6334764111132177
Ag2.0Se0.9Te0.1_generalized_grouping_grouped_from_oqmd-5473064_rank_2,7.999999999989332,9.971811232772206,1.9718112327828736,9.314540821839282,0.876360547899966,216,cubic,1,False,24,6.657335571662689,25.007550334653875,0.5508419371975549
Ag2.0Se0.9Te0.1_generalized_grouping_grouped_from_oqmd-5757776_rank_1,9.579430432047351,13.16415928098529,3.5847288489379387,10.774342207691719,1.5932093534023266,187,hexagonal,2,False,24,7.6560348110889365,21.745415023701682,0.6334764112752795
Ag2Mo6Te8,11.999999999999481,11.999999999999492,1.0658141036401503e-14,11.999999999999488,1.907938827503973e-15,1,triclinic,7,False,1,9.041585701125767,20.878287344647692,0.603300733596531
Ag2S0.5Se0.5_generalized_grouping_grouped_from_oqmd-3241062_rank_3,7.999999999894382,9.971818063899065,1.9718180640046823,9.314545375847063,0.8763635839684533,160,trigonal,3,False,6,7.038448859090511,21.331375935662052,0.6187173568608761
Ag2S0.5Se0.5_generalized_grouping_grouped_from_oqmd-5473064_rank_2,7.999999999989047,9.9718111463016,1.9718111463125538,9.314540764192186,0.8763605094687584,160,trigonal,3,False,6,6.003778710463717,25.007550387478375,0.5277643084836886
Ag2S0.5Se0.5_generalized_grouping_grouped_from_oqmd-5757776_rank_1,9.57943210335046,13.164158426951989,3.5847263236015294,10.774342203790782,1.59320935611506,187,hexagonal,2,False,8,7.432139917356629,20.201422509089575,0.6533249097275241
Ag2Se0.98_generalized_grouping_grouped_from_oqmd-3241062_rank_3,7.999999999893484,9.971817977428948,1.9718179775354638,9.314545318200231,0.876363545537831,216,cubic,1,False,192,7.6468717121362735,21.331375935662052,0.6357645155040788
Ag2Se0.98_generalized_grouping_grouped_from_oqmd-5473064_rank_2,7.999999999989332,9.971811232772206,1.9718112327828736,9.314540821839282,0.876360547899966,216,cubic,1,False,192,6.522761847541685,25.007550334653875,0.5423054919529068
Ag2Se0.98_generalized_grouping_grouped_from_oqmd-5757776_rank_1,9.579430431818448,13.164159280991083,3.5847288491726346,10.774342207541059,1.5932093535066258,194,hexagonal,2,True,192,7.664102570564116,21.28341755887438,0.6371970971887831
Ag2Se1.01_generalized_grouping_grouped_from_oqmd-3241062_rank_3,7.999999999893484,9.971817977428948,1.9718179775354638,9.314545318200231,0.876363545537831,216,cubic,1,False,192,7.6468717121362735,21.331375935662052,0.6357645155040788
Ag2Se1.01_generalized_grouping_grouped_from_oqmd-5473064_rank_2,7.999999999989332,9.971811232772206,1.9718112327828736,9.314540821839282,0.876360547899966,216,cubic,1,False,192,6.522761847541685,25.007550334653875,0.5423054919529068
Ag2Se1.01_generalized_grouping_grouped_from_oqmd-5757776_rank_1,9.579430431818448,13.164159280991083,3.5847288491726346,10.774342207541059,1.5932093535066258,194,hexagonal,2,True,192,7.664102570564116,21.28341755887438,0.6371970971887831
Ag2Se1.02_generalized_grouping_grouped_from_oqmd-3241062_rank_3,7.999999999893484,9.971817977428948,1.9718179775354638,9.314545318200231,0.876363545537831,216,cubic,1,False,192,7.6468717121362735,21.331375935662052,0.6357645155040788
Ag2Se1.02_generalized_grouping_grouped_from_oqmd-5473064_rank_2,7.999999999989332,9.971811232772206,1.9718112327828736,9.314540821839282,0.876360547899966,216,cubic,1,False,192,6.522761847541685,25.007550334653875,0.5423054919529068
Ag2Se1.02_generalized_grouping_grouped_from_oqmd-5757776_rank_1,9.579430431818448,13.164159280991083,3.5847288491726346,10.774342207541059,1.5932093535066258,194,hexagonal,2,True,192,7.664102570564116,21.28341755887438,0.6371970971887831
Ag2Se1.04_generalized_grouping_grouped_from_oqmd-3241062_rank_3,7.999999999893484,9.971817977428948,1.9718179775354638,9.314545318200231,0.876363545537831,216,cubic,1,False,192,7.6468717121362735,21.331375935662052,0.6357645155040788
Ag2Se1.04_generalized_grouping_grouped_from_oqmd-5473064_rank_2,7.999999999989332,9.971811232772206,1.9718112327828736,9.314540821839282,0.876360547899966,216,cubic,1,False,192,6.522761847541685,25.007550334653875,0.5423054919529068
Ag2Se1.04_generalized_grouping_grouped_from_oqmd-5757776_rank_1,9.579430431818448,13.164159280991083,3.5847288491726346,10.774342207541059,1.5932093535066258,194,hexagonal,2,True,192,7.664102570564116,21.28341755887438,0.6371970971887831
Ag2Se1.06_generalized_grouping_grouped_from_oqmd-3241062_rank_3,7.999999999893484,9.971817977428948,1.9718179775354638,9.314545318200231,0.876363545537831,216,cubic,1,False,192,7.6468717121362735,21.331375935662052,0.6357645155040788
Ag2Se1.06_generalized_grouping_grouped_from_oqmd-5473064_rank_2,7.999999999989332,9.971811232772206,1.9718112327828736,9.314540821839282,0.876360547899966,216,cubic,1,False,192,6.522761847541685,25.007550334653875,0.5423054919529068
Ag2Se1.06_generalized_grouping_grouped_from_oqmd-5757776_rank_1,9.579430430838144,13.164159281015824,3.5847288501776795,10.77434220689576,1.5932093539533199,187,hexagonal,2,False,12,7.766791561316953,20.873256011868513,0.6389520556680771
Ag2SeTe0.02_generalized_grouping_grouped_from_oqmd-3241062_rank_3,7.999999999893484,9.971817977428948,1.9718179775354638,9.314545318200231,0.876363545537831,216,cubic,1,False,192,7.6468717121362735,21.331375935662052,0.6357645155040788
Ag2SeTe0.02_generalized_grouping_grouped_from_oqmd-5473064_rank_2,7.999999999989332,9.971811232772206,1.9718112327828736,9.314540821839282,0.876360547899966,216,cubic,1,False,192,6.522761847541685,25.007550334653875,0.5423054919529068
Ag2SeTe0.02_generalized_grouping_grouped_from_oqmd-5757776_rank_1,9.579430431818448,13.164159280991083,3.5847288491726346,10.774342207541059,1.5932093535066258,194,hexagonal,2,True,192,7.664102570564116,21.28341755887438,0.6371970971887831
Ag2SeTe0.04_generalized_grouping_grouped_from_oqmd-3241062_rank_3,7.999999999893484,9.971817977428948,1.9718179775354638,9.314545318200231,0.876363545537831,216,cubic,1,False,192,7.6468717121362735,21.331375935662052,0.6357645155040788
Ag2SeTe0.04_generalized_grouping_grouped_from_oqmd-5473064_rank_2,7.999999999989332,9.971811232772206,1.9718112327828736,9.314540821839282,0.876360547899966,216,cubic,1,False,192,6.522761847541685,25.007550334653875,0.5423054919529068
Ag2SeTe0.04_generalized_grouping_grouped_from_oqmd-5757776_rank_1,9.579430431818448,13.164159280991083,3.5847288491726346,10.774342207541059,1.5932093535066258,194,hexagonal,2,True,192,7.664102570564116,21.28341755887438,0.6371970971887831
Ag2SeTe0.06_generalized_grouping_grouped_from_oqmd-3241062_rank_3,7.999999999893484,9.971817977428948,1.9718179775354638,9.314545318200231,0.876363545537831,216,cubic,1,False,192,7.6468717121362735,21.331375935662052,0.6357645155040788
Ag2SeTe0.06_generalized_grouping_grouped_from_oqmd-5473064_rank_2,7.999999999989332,9.971811232772206,1.9718112327828736,9.314540821839282,0.876360547899966,216,cubic,1,False,192,6.522761847541685,25.007550334653875,0.5423054919529068
Ag2SeTe0.06_generalized_grouping_grouped_from_oqmd-5757776_rank_1,9.57943043072447,13.164159281018698,3.584728850294228,10.774342206820942,1.5932093540051107,187,hexagonal,2,False,12,7.762904566142067,21.100466564338024,0.637130349148679
Ag2SeTe0.08_generalized_grouping_grouped_from_oqmd-3241062_rank_3,7.999999999893484,9.971817977428948,1.9718179775354638,9.314545318200231,0.876363545537831,216,cubic,1,False,192,7.6468717121362735,21.331375935662052,0.6357645155040788
Ag2SeTe0.08_generalized_grouping_grouped_from_oqmd-5473064_rank_2,7.999999999989332,9.971811232772206,1.9718112327828736,9.314540821839282,0.876360547899966,216,cubic,1,False,192,6.522761847541685,25.007550334653875,0.5423054919529068
Ag2SeTe0.08_generalized_grouping_grouped_from_oqmd-5757776_rank_1,9.57943043072447,13.164159281018698,3.584728850294228,10.774342206820942,1.5932093540051107,187,hexagonal,2,False,12,7.762904566142067,21.100466564338024,0.637130349148679
Ag2SeTe0.10_generalized_grouping_grouped_from_oqmd-3241062_rank_3,7.999999999893485,9.971817977428946,1.9718179775354612,9.314545318200231,0.8763635455378301,216,cubic,1,False,24,7.710872554719323,21.331375935662052,0.624702476394115
Ag2SeTe0.10_generalized_grouping_grouped_from_oqmd-5473064_rank_2,7.999999999989333,9.971811232772206,1.9718112327828727,9.314540821839282,0.8763605478999651,216,cubic,1,False,24,6.577354401193223,25.007550334653875,0.5328696011234623
Ag2SeTe0.10_generalized_grouping_grouped_from_oqmd-5757776_rank_1,9.579430431075533,13.164159281009836,3.5847288499343026,10.77434220705203,1.593209353845145,38,orthorhombic,5,False,4,7.758502764781171,21.329319953465795,0.6352985210483553
Ag2SeTe0.12_generalized_grouping_grouped_from_oqmd-3241062_rank_3,7.999999999893485,9.971817977428946,1.9718179775354612,9.314545318200231,0.8763635455378301,216,cubic,1,False,24,7.710872554719323,21.331375935662052,0.624702476394115
Ag2SeTe0.12_generalized_grouping_grouped_from_oqmd-5473064_rank_2,7.999999999989333,9.971811232772206,1.9718112327828727,9.314540821839282,0.8763605478999651,216,cubic,1,False,24,6.577354401193223,25.007550334653875,0.5328696011234623
Ag2SeTe0.12_generalized_grouping_grouped_from_oqmd-5757776_rank_1,9.579430431075533,13.164159281009836,3.5847288499343026,10.77434220705203,1.593209353845145,38,orthorhombic,5,False,4,7.758502764781171,21.329319953465795,0.6352985210483553
Ag2Se_generalized_grouping_grouped_from_oqmd-3241062_rank_3,7.99999999989483,9.971818107134123,1.9718181072392928,9.314545404670476,0.8763636031837647,216,cubic,1,False,24,7.6468717121362735,21.331375935662052,0.6357645155040784
Ag2Se_generalized_grouping_grouped_from_oqmd-5473064_rank_2,7.999999999988903,9.971811103066289,1.9718111030773855,9.314540735368631,0.8763604902531519,216,cubic,1,False,24,6.52276182687423,25.007550413890623,0.5423054902346045
Ag2Se_generalized_grouping_grouped_from_oqmd-5757776_rank_1,9.579434094870017,13.164157892882198,3.584723798012181,10.774342209933216,1.593209351874786,194,hexagonal,2,True,24,7.6641025617874385,21.283417583247452,0.6371970964590864
Ag2Te_generalized_grouping_grouped_from_oqmd-3241062_rank_3,7.999999999894832,9.97181810713412,1.9718181072392875,9.314545404670476,0.8763636031837624,216,cubic,1,False,24,7.550932740430658,25.16790642872854,0.6067066644215666
Ag2Te_generalized_grouping_grouped_from_oqmd-5473064_rank_2,7.999999999988903,9.97181110306629,1.9718111030773873,9.314540735368631,0.8763604902531519,216,cubic,1,False,24,7.550932740430658,25.16790642872854,0.6067066644215666
Ag2Te_generalized_grouping_grouped_from_oqmd-5757776_rank_1,9.57943409048692,13.16415789299286,3.5847238025059394,10.774342207048036,1.5932093538720054,194,hexagonal,2,True,24,7.550932758235145,25.167906369384653,0.6067066658521318
Ag3.4Mo9Se11,11.99999999999948,11.999999999999492,1.2434497875801753e-14,11.999999999999485,2.6974307561263064e-15,1,triclinic,7,False,1,9.097285523770768,16.342313837888202,0.6326403343245802
Ag3.5Mo9Se11,11.99999999999948,11.999999999999492,1.2434497875801753e-14,11.999999999999488,2.3684757858670005e-15,1,triclinic,7,False,1,9.097285523770768,16.342313837888202,0.6326403343245802
Ag3.7Mo9Se11,11.999999999999481,11.99999999999949,8.881784197001252e-15,11.999999999999487,2.3684757858670005e-15,1,triclinic,7,False,1,9.097285523770768,16.342313837888202,0.6326403343245802
Ag3.8Mo9Se11,11.999999999999481,11.999999999999492,1.0658141036401503e-14,11.999999999999488,2.6974307561263064e-15,1,triclinic,7,False,1,9.097285523770768,16.342313837888202,0.6326403343245802
Ag3.9Mo9Se11,11.999999999999481,11.999999999999492,1.0658141036401503e-14,11.999999999999485,1.8421478334521115e-15,1,triclinic,7,False,1,9.097285523770768,16.342313837888202,0.6326403343245802
Ag3RbMo9Se11,11.999999999999481,11.99999999999949,8.881784197001252e-15,11.999999999999485,1.907938827503973e-15,1,triclinic,7,False,1,8.470185024833095,17.389589206987722,0.6737792477455509
Ag8GeTe6,11.008524518765965,12.144801722737759,1.1362772039717939,11.553246172131374,0.36843450787372795,6,monoclinic,6,False,2,8.17732220267449,22.977791409151838,0.6114423617031981
Ag8SiSe6,11.008524522970818,12.144801723712721,1.1362772007419029,11.553246175290026,0.36843450710110653,26,orthorhombic,5,False,4,6.457318366064939,22.931785250728392,0.5101075421957711
Ag8Sn0.4Ga0.6Se6,11.00852452297087,12.144801723712753,1.1362772007418833,11.553246175290084,0.36843450710114006,6,monoclinic,6,False,2,6.796409214382822,22.931785250728392,0.5239575886338951
Ag8Sn0.5Ga0.5Se6,11.008524522970873,12.144801723712753,1.1362772007418798,11.553246175290084,0.3684345071011399,31,orthorhombic,5,False,4,6.856375497051794,22.931785250728392,0.5297714115342503
Ag8Sn0.6Ga0.4Se6,11.00852452297087,12.144801723712751,1.1362772007418815,11.553246175290084,0.3684345071011397,1,triclinic,7,False,1,6.870310303416909,22.931785250728392,0.5271984310017661
Ag8Sn0.7Ga0.3Se6,11.008524567202638,12.144801730882072,1.1362771636794342,11.553246173071694,0.3684345089712422,6,monoclinic,6,False,2,6.870310303416909,22.931785250728392,0.5271984310017654
Ag8SnSe6,11.008524522970818,12.144801723712721,1.1362772007419029,11.553246175290026,0.36843450710110653,6,monoclinic,6,False,2,7.004177675119971,22.931785250728392,0.5362530962699927
Ag9TlTe5,11.999999999999483,11.999999999999492,8.881784197001252e-15,11.999999999999488,2.434266779918862e-15,5,monoclinic,6,False,2,7.683691600794786,26.27809857100765,0.6136989799642575
AgBi0.7Sb0.3Se2,11.99999999999948,11.99999999999949,1.0658141036401503e-14,11.999999999999485,2.1711028037114174e-15,5,monoclinic,6,False,2,10.466707605101973,18.03892708907445,0.6452006851323971
AgBi0.85Pb0.150.7Sb0.3Se2,11.999999999999481,11.999999999999492,1.0658141036401503e-14,11.999999999999488,2.7015426932545475e-15,1,triclinic,7,False,1,10.379041250473684,17.820716654518005,0.6481135101734645
AgBi0.85Pb0.150.9Sb0.1Se2,11.999999999999478,11.999999999999492,1.4210854715202004e-14,11.999999999999483,2.5905203907920318e-15,1,triclinic,7,False,1,10.566323427164177,18.355714507368138,0.652415024913824
AgBi0.85Sb0.15Se2,11.99999999999948,11.999999999999494,1.4210854715202004e-14,11.999999999999487,2.3026847918151395e-15,1,triclinic,7,False,1,10.634388316009646,18.258911597805508,0.6463264914269712
AgBi0.8Pb0.20.7Sb0.3Se2,11.99999999999948,11.99999999999949,1.0658141036401503e-14,11.999999999999487,2.319132540328105e-15,1,triclinic,7,False,1,10.3463134737677,17.875103341746513,0.6489666211158993
AgBi0.8Pb0.20.9Sb0.1Se2,11.99999999999948,11.99999999999949,1.0658141036401503e-14,11.999999999999483,2.3684757858670005e-15,1,triclinic,7,False,1,10.566323427164177,18.355714507368138,0.652415024913824
AgBi0.94Pb0.06Se2.12,11.99999999999948,11.999999999999494,1.4210854715202004e-14,11.999999999999488,3.0198066269804257e-15,1,triclinic,7,False,1,10.882529952087802,17.804422173596,0.6506914779844398
AgBi0.95Pb0.05Se2.12,11.99999999999948,11.999999999999492,1.2434497875801753e-14,11.99999999999949,4.831690603168682e-15,1,triclinic,7,False,1,10.8781471689145,17.872925737981475,0.6501979525653354
AgBi0.95Sb0.05Se2,11.99999999999948,11.999999999999492,1.2434497875801753e-14,11.999999999999487,1.84297022087776e-15,1,triclinic,7,False,1,10.804280135557281,18.07455367469098,0.6478231924692729
AgBi0.96Pb0.04Se2.12,11.99999999999948,11.999999999999492,1.2434497875801753e-14,11.99999999999949,3.936406756110955e-15,1,triclinic,7,False,1,10.888026095516237,17.8572523301011,0.6499542049944879
AgBi0.9Pb0.10.7Sb0.3Se2,11.99999999999948,11.999999999999492,1.2434497875801753e-14,11.999999999999487,2.1094237467877974e-15,1,triclinic,7,False,1,10.428194684017802,17.810531435645544,0.6476406276529697
AgBi0.9Pb0.10.9Sb0.1Se2,11.99999999999948,11.999999999999494,1.4210854715202004e-14,11.999999999999488,2.4424906541753444e-15,1,triclinic,7,False,1,10.665985171717253,18.189975446209612,0.6500310785755561
AgBi0.9Sb0.1Se2,11.999999999999483,11.999999999999494,1.0658141036401503e-14,11.999999999999488,2.1834386150961413e-15,1,triclinic,7,False,1,10.766882011312257,18.025237050141154,0.6475673383389986
AgBiSe2.0,11.999999999999481,11.99999999999949,8.881784197001252e-15,11.999999999999485,2.1711028037114174e-15,1,triclinic,7,False,1,10.797035909977135,18.480677347940656,0.6473630916444022
AgBiSe2.12,11.999999999999483,11.999999999999492,8.881784197001252e-15,11.999999999999487,2.2368937977632784e-15,1,triclinic,7,False,1,10.797035909977135,18.480677347940656,0.6473630916444022
AgBiSe20.8PbS0.2,11.99999999999948,11.999999999999492,1.2434497875801753e-14,11.999999999999485,2.500057773970723e-15,1,triclinic,7,False,1,10.723192526326072,18.629514299842047,0.662429418638973
AgBiSe2,11.99999999999948,11.99999999999949,1.0658141036401503e-14,11.999999999999487,1.973729821555834e-15,1,triclinic,7,False,1,10.797035909977135,18.480677347940656,0.6473630916444022
AgCrSe2,11.999999999999481,11.999999999999494,1.2434497875801753e-14,11.999999999999487,2.960594732333751e-15,1,triclinic,7,False,1,8.007135818881286,16.479451418139345,0.6368816303633934
AgCuSe_transmutation_transmuted_from_oqmd-3241062_rank_3,7.99999999989483,9.971818107134123,1.9718181072392928,9.314545404670476,0.8763636031837647,216,cubic,1,False,24,6.496785802027951,21.331375935662052,0.5287032863961821
AgCuSe_transmutation_transmuted_from_oqmd-3750974_rank_4,7.999999999996656,9.971809676302795,1.9718096763061395,9.31453978419915,0.8763598561349975,216,cubic,1,False,24,4.789109146538052,28.937611584131556,0.38973391178978406
AgCuSe_transmutation_transmuted_from_oqmd-5473064_rank_2,7.999999999988903,9.971811103066289,1.9718111030773855,9.314540735368631,0.8763604902531519,216,cubic,1,False,24,5.54174151497668,25.007550413890623,0.45098253822863565
AgCuSe_transmutation_transmuted_from_oqmd-5757776_rank_1,9.579434092147764,13.164157892950929,3.5847238008031646,10.77434220814129,1.5932093531152194,194,hexagonal,2,True,24,7.776644623325138,17.820716649550786,0.6328571842716127
AgCuSe_transmutation_transmuted_from_oqmd-7001747_rank_5,7.999999999909052,9.971808898020026,1.9718088981109734,9.314539265311607,0.8763595102683693,216,cubic,1,False,24,5.121831761200502,27.057776744319884,0.4168106148227604
AgCuTe0.5Se0.5_generalized_grouping_grouped_from_oqmd-3241062_rank_3,7.999999999894382,9.971818063899065,1.9718180640046823,9.314545375847063,0.8763635839684533,160,trigonal,3,False,6,7.127848550127875,21.331375935662052,0.568733631326284
AgCuTe0.5Se0.5_generalized_grouping_grouped_from_oqmd-5473064_rank_2,7.999999999989047,9.971811146301599,1.971811146312552,9.314540764192186,0.8763605094687575,160,trigonal,3,False,6,6.080036416176665,25.007550387478375,0.48512831961141545
AgCuTe0.5Se0.5_generalized_grouping_grouped_from_oqmd-5757776_rank_1,9.579432103453247,13.164158426949404,3.5847263234961577,10.774342203858453,1.5932093560682195,187,hexagonal,2,False,8,7.796929339369923,19.50085866079279,0.6221198311368086
AgCuTe0.6Se0.4_generalized_grouping_grouped_from_oqmd-3241062_rank_3,7.999999999894382,9.971818063899065,1.9718180640046823,9.314545375847063,0.8763635839684533,160,trigonal,3,False,6,7.127848550127875,21.331375935662052,0.568733631326284
AgCuTe0.6Se0.4_generalized_grouping_grouped_from_oqmd-5473064_rank_2,7.999999999989047,9.971811146301599,1.971811146312552,9.314540764192186,0.8763605094687575,160,trigonal,3,False,6,6.080036416176665,25.007550387478375,0.48512831961141545
AgCuTe0.6Se0.4_generalized_grouping_grouped_from_oqmd-5757776_rank_1,9.579432103453247,13.164158426949404,3.5847263234961577,10.774342203858453,1.5932093560682195,187,hexagonal,2,False,8,7.796929339369923,19.50085866079279,0.6221198311368086
AgCuTe0.7Se0.3_generalized_grouping_grouped_from_oqmd-3241062_rank_3,7.999999999894267,9.971818136794772,1.971818136900505,9.314545404670476,0.8763636031837642,156,trigonal,3,False,6,7.3382028049426795,21.331375919824822,0.5820770800684741
AgCuTe0.7Se0.3_generalized_grouping_grouped_from_oqmd-5473064_rank_2,7.999999999988716,9.97181113272694,1.9718111327382237,9.31454073536863,0.8763604902531541,156,trigonal,3,False,6,6.259468045755295,25.007550396282465,0.4965102464054371
AgCuTe0.7Se0.3_generalized_grouping_grouped_from_oqmd-5757776_rank_1,9.579434060504436,13.164157913033218,3.584723852528782,10.774342206128289,1.5932093544991623,38,orthorhombic,5,False,4,7.7941514471425375,20.083515655258807,0.6182435994966533
AgCuTe0.8Se0.2_generalized_grouping_grouped_from_oqmd-3241062_rank_3,7.9999999998934825,9.971818150368783,1.9718181504753005,9.31454543349259,0.8763636223994075,160,trigonal,3,False,6,7.50648620233169,21.331375926159712,0.592751838548394
AgCuTe0.8Se0.2_generalized_grouping_grouped_from_oqmd-5473064_rank_2,7.99999999998831,9.97181110306615,1.9718111030778402,9.314540735368205,0.876360490253263,160,trigonal,3,False,6,6.403013352032303,25.00755039276083,0.505615788048491
AgCuTe0.8Se0.2_generalized_grouping_grouped_from_oqmd-5757776_rank_1,9.579432134908886,13.164159261020966,3.58472712611208,10.77434220574649,1.5932093547639299,38,orthorhombic,5,False,4,7.7889084469355945,20.55791002774799,0.6150533921946165
AgCuTe0.9Se0.1_generalized_grouping_grouped_from_oqmd-3241062_rank_3,7.999999999893486,9.971817977428948,1.971817977535462,9.314545318200233,0.8763635455378299,216,cubic,1,False,24,7.601145611202816,21.331375935662052,0.5987563900238605
AgCuTe0.9Se0.1_generalized_grouping_grouped_from_oqmd-5473064_rank_2,7.999999999989332,9.971811232772206,1.9718112327828736,9.314540821839282,0.876360547899966,216,cubic,1,False,24,6.4837576013827976,25.007550334653875,0.5107376563701171
AgCuTe0.9Se0.1_generalized_grouping_grouped_from_oqmd-5757776_rank_1,9.579430431586262,13.164159280996936,3.5847288494106735,10.77434220738821,1.593209353612427,187,hexagonal,2,False,24,7.784847925724409,20.828010530364597,0.6132269633174261
AgCuTe_transmutation_transmuted_from_oqmd-3241062_rank_3,7.99999999989483,9.971818107134123,1.9718181072392928,9.314545404670476,0.8763636031837647,216,cubic,1,False,24,7.758911298227796,21.331375935662052,0.6087639762563857
AgCuTe_transmutation_transmuted_from_oqmd-3750974_rank_4,7.999999999996656,9.971809676302795,1.9718096763061395,9.31453978419915,0.8763598561349975,216,cubic,1,False,24,5.719485634561221,28.937611584131556,0.44875069235964127
AgCuTe_transmutation_transmuted_from_oqmd-5473064_rank_2,7.999999999988903,9.971811103066289,1.9718111030773855,9.314540735368631,0.8763604902531519,216,cubic,1,False,24,6.618331304533533,25.007550413890623,0.5192740999694384
AgCuTe_transmutation_transmuted_from_oqmd-5757776_rank_1,9.579434094870017,13.164157892882198,3.584723798012181,10.774342209933218,1.5932093518747867,194,hexagonal,2,True,24,7.776394608929125,21.283417583247452,0.6101357163538782
AgCuTe_transmutation_transmuted_from_oqmd-7001747_rank_5,7.999999999909052,9.971808898020026,1.9718088981109734,9.314539265311607,0.8763595102683693,216,cubic,1,False,24,6.116846011330077,27.057776744319884,0.479927577063014
AgIn5S8,11.999999999999481,11.999999999999492,1.0658141036401503e-14,11.999999999999485,2.105311809659556e-15,1,triclinic,7,False,1,8.358346508642319,13.574872797516957,0.6906325779216216
AgMo6Te8,11.008524522970822,12.144801723712723,1.136277200741901,11.553246175290026,0.36843450710110576,6,monoclinic,6,False,2,8.165480933822991,22.931785250728392,0.5449923823381753
AgSb0.92Cd0.08Te2,11.99999999999948,11.99999999999949,1.0658141036401503e-14,11.999999999999485,2.3037127760972e-15,8,monoclinic,6,False,2,9.175654334739612,21.908679881146323,0.6058351779451572
AgSb0.93Mn0.07Te2,11.999999999999481,11.999999999999492,1.0658141036401503e-14,11.999999999999485,2.220446049250313e-15,1,triclinic,7,False,1,9.151470676987481,21.80363044372449,0.6058127035151445
AgSb0.94Cd0.06Te2,11.99999999999948,11.999999999999494,1.4210854715202004e-14,11.999999999999485,1.9761969838327787e-15,1,triclinic,7,False,1,9.183748175345636,21.894653834955637,0.6058195791764648
AgSb0.95Mn0.05Te2,11.99999999999948,11.999999999999492,1.2434497875801753e-14,11.999999999999485,2.4646951146678474e-15,1,triclinic,7,False,1,9.164434858083554,21.810623263964125,0.6058012958902389
AgSb0.96Cd0.04Te2,11.99999999999948,11.999999999999494,1.4210854715202004e-14,11.99999999999949,3.677058657558518e-15,1,triclinic,7,False,1,9.190228908168843,21.88343730777197,0.6058069664556032
AgSbTe2,11.999999999999481,11.99999999999949,8.881784197001252e-15,11.999999999999485,2.3026847918151395e-15,1,triclinic,7,False,1,9.15466028323351,21.94247083595864,0.6058162921450959
AgSn15.0BiTe17.0,11.00852452297087,12.144801723712751,1.1362772007418815,11.553246175290084,0.3684345071011397,1,triclinic,7,False,1,9.037738865415777,22.931785250728392,0.5370208519696468
AgSn25.0BiTe27.0,11.008524567202635,12.14480173088207,1.136277163679436,11.553246173071694,0.3684345089712419,7,monoclinic,6,False,2,9.037738865415777,22.931785250728392,0.5370208519696462
AgSn5.0BiTe7.0,11.00852452297082,12.144801723712726,1.1362772007419064,11.553246175290028,0.36843450710110687,6,monoclinic,6,False,2,9.397213422366782,22.931785250728392,0.5609354430752325
Al0.005Sb0.1Ge0.895Te_generalized_grouping_grouped_from_agm002068072_rank_3,7.80451602453066,10.247049694187456,2.4425336696567967,9.025762053454843,1.2212393778507513,187,hexagonal,2,False,24,5.644422069670146,30.357585667201587,0.3335059953598706
Al0.005Sb0.1Ge0.895Te_generalized_grouping_grouped_from_oqmd-5395345_rank_2,9.646113141270112,9.66042960491903,0.014316463648917477,9.653267507269243,0.007143811451441828,164,trigonal,3,True,24,7.568305555348781,22.64060631124428,0.44718046352117274
Al0.0075Sb0.1Ge0.8925Te_generalized_grouping_grouped_from_agm002068072_rank_3,7.80451602453066,10.247049694187456,2.4425336696567967,9.025762053454843,1.2212393778507513,187,hexagonal,2,False,24,5.644422069670146,30.357585667201587,0.3335059953598706
Al0.0075Sb0.1Ge0.8925Te_generalized_grouping_grouped_from_oqmd-5395345_rank_2,9.646113141270112,9.66042960491903,0.014316463648917477,9.653267507269243,0.007143811451441828,164,trigonal,3,True,24,7.568305555348781,22.64060631124428,0.44718046352117274
Al0.01Ge0.99Te_generalized_grouping_grouped_from_agm002068072_rank_3,7.80451602453066,10.247049694187456,2.4425336696567967,9.025762053454843,1.2212393778507513,194,hexagonal,2,True,192,5.476495179914479,30.357585667201587,0.3240585632591081
Al0.01Ge0.99Te_generalized_grouping_grouped_from_oqmd-5395345_rank_2,9.646113141270112,9.66042960491903,0.014316463648917477,9.653267507269243,0.007143811451441828,194,hexagonal,2,True,192,7.3431413140955515,22.64060631124428,0.43451290394298553
Al0.01Sb0.1Ge0.89Te_generalized_grouping_grouped_from_agm002068072_rank_3,7.80451602453066,10.247049694187456,2.4425336696567967,9.025762053454843,1.2212393778507513,187,hexagonal,2,False,24,5.644422069670146,30.357585667201587,0.3335059953598706
Al0.01Sb0.1Ge0.89Te_generalized_grouping_grouped_from_oqmd-5395345_rank_2,9.646113141270112,9.66042960491903,0.014316463648917477,9.653267507269243,0.007143811451441828,164,trigonal,3,True,24,7.568305555348781,22.64060631124428,0.44718046352117274
Al0.02Ge0.98Te_generalized_grouping_grouped_from_agm002068072_rank_3,7.80451602453066,10.247049694187456,2.4425336696567967,9.025762053454843,1.2212393778507513,194,hexagonal,2,True,192,5.476495179914479,30.357585667201587,0.3240585632591081
Al0.02Ge0.98Te_generalized_grouping_grouped_from_oqmd-5395345_rank_2,9.646113141270112,9.66042960491903,0.014316463648917477,9.653267507269243,0.007143811451441828,194,hexagonal,2,True,192,7.3431413140955515,22.64060631124428,0.43451290394298553
Al0.02Zn0.98O_generalized_grouping_grouped_from_agm002068072_rank_3,7.80451602453066,10.247049694187456,2.4425336696567967,9.025762053454843,1.2212393778507513,194,hexagonal,2,True,192,2.2264917609096577,30.357585667201587,0.1846453388493165
Al0.02Zn0.98O_generalized_grouping_grouped_from_oqmd-5395345_rank_2,9.646113141270112,9.66042960491903,0.014316463648917477,9.653267507269243,0.007143811451441828,194,hexagonal,2,True,192,2.985384465413585,22.64060631124428,0.24758112106669686
Al0.03Ge0.97Te_generalized_grouping_grouped_from_agm002068072_rank_3,7.80451602453066,10.247049694187456,2.4425336696567967,9.025762053454843,1.2212393778507513,194,hexagonal,2,True,192,5.476495179914479,30.357585667201587,0.3240585632591081
Al0.03Ge0.97Te_generalized_grouping_grouped_from_oqmd-5395345_rank_2,9.646113141270112,9.66042960491903,0.014316463648917477,9.653267507269243,0.007143811451441828,194,hexagonal,2,True,192,7.3431413140955515,22.64060631124428,0.43451290394298553
Al0.15Bi2Se3,11.00852452297087,12.144801723712751,1.1362772007418815,11.553246175290083,0.3684345071011397,6,monoclinic,6,False,2,10.15062578286971,22.931785250728392,0.504843135548886
Al0.1Bi2Se3,11.008524567202636,12.14480173088207,1.1362771636794342,11.553246173071694,0.36843450897124175,31,orthorhombic,5,False,4,10.15062578286971,22.931785250728392,0.504843135548885
Al0.2Bi2Se3,11.008524522970873,12.144801723712757,1.1362772007418833,11.553246175290084,0.3684345071011402,31,orthorhombic,5,False,4,9.876064898136535,22.931785250728392,0.496688466429201
As2Te1.5Se1.5,7.999999999893484,9.971817977428948,1.9718179775354638,9.314545318200231,0.876363545537831,216,cubic,1,False,192,7.30397006725178,21.331375935662052,0.37871119988445423
As2Te2.3Se0.7,11.008524522970818,12.144801723712721,1.1362772007419029,11.553246175290026,0.36843450710110653,6,monoclinic,6,False,2,6.892243027875051,22.931785250728392,0.36159010165386596
As2Te2.6Se0.4,11.008524522970818,12.144801723712721,1.1362772007419029,11.553246175290026,0.36843450710110653,6,monoclinic,6,False,2,7.3568777770029685,22.931785250728392,0.38951757199258824
As2Te2.8Se0.2,11.008524522970873,12.144801723712753,1.1362772007418798,11.553246175290084,0.3684345071011399,31,orthorhombic,5,False,4,7.344693231798925,22.931785250728392,0.38951757199258896
As2Te2.9Se0.1,11.008524567202635,12.14480173088207,1.136277163679436,11.553246173071694,0.3684345089712419,31,orthorhombic,5,False,4,7.338600959196902,22.931785250728392,0.38951757199258763
As2Te2Se,7.999999999893484,9.971817977428948,1.9718179775354638,9.314545318200231,0.876363545537831,216,cubic,1,False,192,7.30397006725178,21.331375935662052,0.37871119988445423
As2Te3,7.80451602453066,10.247049694187456,2.4425336696567967,9.025762053454843,1.2212393778507513,194,hexagonal,2,True,192,5.538896155755933,30.357585667201587,0.29423727598896937
Ba0.3Sr0.6La0.1TiO3,11.99999999999948,11.999999999999492,1.2434497875801753e-14,11.999999999999488,2.3592239273284576e-15,1,triclinic,7,False,1,5.375277795513586,12.643683808307825,0.8026056778559544
Ba0.4Sr0.6PbO3,11.99999999999948,11.99999999999949,1.0658141036401503e-14,11.999999999999485,1.907938827503973e-15,1,triclinic,7,False,1,8.976905462667753,12.643683796219928,0.9412307883733587
Ba0.5Cr5Se8,11.999999999999481,11.999999999999492,1.0658141036401503e-14,11.999999999999487,2.500057773970723e-15,8,monoclinic,6,False,2,8.075006682374532,14.628177513437064,0.6544958299288725
Ba0.6Sr0.4PbO3,11.999999999999481,11.999999999999492,1.0658141036401503e-14,11.999999999999488,2.7632217501781674e-15,1,triclinic,7,False,1,9.218690410405506,12.643683796219928,0.9650150141548137
Ba0.8Sr0.2PbO3,11.999999999999481,11.999999999999488,7.105427357601002e-15,11.999999999999485,2.039520815607695e-15,1,triclinic,7,False,1,9.46047535814326,12.643683796219928,0.9887992399362692
Ba0.95K0.05Zn2As2,9.579434033539341,13.164157933008283,3.5847238994689423,10.774342207195836,1.5932093537577172,164,trigonal,3,True,12,5.8482628966910575,26.020854126951544,0.7479764395570211
Ba0.96K0.04Zn2As2,9.579431621169535,13.164159621342659,3.584728000173124,10.77434220631955,1.5932093543625194,2,triclinic,7,True,2,5.864086540189726,26.015027256928956,0.7478794818774884
Ba0.9K0.1Zn2As2,11.008524567202635,12.144801730882067,1.1362771636794324,11.553246173071694,0.3684345089712415,1,triclinic,7,False,1,5.963328801558047,22.931785250728392,0.6366592733554371
Ba1.4Bi0.6CoRuO6,11.999999999999481,11.99999999999949,8.881784197001252e-15,11.999999999999485,2.3684757858670005e-15,1,triclinic,7,False,1,8.207221117181422,12.643683796219928,0.7994963123149017
Ba1.6Bi0.4CoRuO6,11.999999999999481,11.999999999999492,1.0658141036401503e-14,11.999999999999488,2.105311809659556e-15,1,triclinic,7,False,1,7.268522322255566,12.643683796219928,0.7518879826407956
Ba1.7Bi0.3CoRuO6,11.999999999999483,11.999999999999494,1.0658141036401503e-14,11.999999999999488,2.2697892947892088e-15,1,triclinic,7,False,1,7.328928668052705,12.643683804278528,0.7996335845341703
Ba1.8Bi0.2CoRuO6,11.999999999999481,11.999999999999492,1.0658141036401503e-14,11.999999999999488,2.609024107869118e-15,1,triclinic,7,False,1,7.061022092094063,12.643683808307825,0.8268128656241824
Ba1.9Bi0.1CoRuO6,11.99999999999948,11.999999999999492,1.2434497875801753e-14,11.99999999999949,4.227729277772596e-15,1,triclinic,7,False,1,7.063363551976808,12.643683805890246,0.8363838252730929
Ba2CoRuO6,11.999999999999481,11.99999999999949,8.881784197001252e-15,11.999999999999485,1.907938827503973e-15,1,triclinic,7,False,1,6.919985625729276,12.643683796219928,0.8235750226098044
Ba7.97Ga15.95Sn30.05,11.999999999999481,11.999999999999492,1.0658141036401503e-14,11.999999999999488,2.3684757858670005e-15,1,triclinic,7,False,1,7.399712005774773,24.00097617522378,0.6661642719193833
Ba7.97Ga15.95Sn30.06,11.999999999999483,11.999999999999492,8.881784197001252e-15,11.999999999999488,2.1711028037114174e-15,1,triclinic,7,False,1,7.399712005774773,24.00097617522378,0.6661642719193833
Ba7.97Ga15.95Sn30.07,11.999999999999483,11.999999999999492,8.881784197001252e-15,11.999999999999488,2.1711028037114174e-15,1,triclinic,7,False,1,7.399712005774773,24.00097617522378,0.6661642719193833
Ba7.97Ga15.95Sn30.08,11.999999999999481,11.99999999999949,8.881784197001252e-15,11.999999999999487,1.7763568394002505e-15,1,triclinic,7,False,1,7.399712005774773,24.00097617522378,0.6661642719193833
Ba7.97Ga15.95Sn30.09,11.999999999999483,11.999999999999492,8.881784197001252e-15,11.999999999999488,2.2368937977632784e-15,1,triclinic,7,False,1,7.399712005774773,24.00097617522378,0.6661642719193833
Ba7.97Ga15.95Sn30.10,11.999999999999483,11.999999999999492,8.881784197001252e-15,11.999999999999488,2.2368937977632784e-15,1,triclinic,7,False,1,7.399712005774773,24.00097617522378,0.6661642719193833
Ba7SrAl14Si32,11.99999999999948,11.999999999999494,1.4210854715202004e-14,11.999999999999488,2.942091015256665e-15,8,monoclinic,6,False,2,4.748769173163558,14.818531136181468,0.7565379768439644
Ba8.02Cu4.98Si35Ge5.99,11.99999999999948,11.99999999999949,1.0658141036401503e-14,11.999999999999485,2.039520815607695e-15,1,triclinic,7,False,1,5.7347595609209,15.012548159560534,0.7697999522903295
Ba8.02Cu5.04Si6Ge34.93,11.999999999999481,11.99999999999949,8.881784197001252e-15,11.999999999999487,1.578983857244667e-15,1,triclinic,7,False,1,6.935602517046887,18.258911597805508,0.7165325467595444
Ba8.03Cu5Ge40.97,11.999999999999481,11.99999999999949,8.881784197001252e-15,11.999999999999487,1.907938827503973e-15,1,triclinic,7,False,1,7.210995108116554,18.77914823483017,0.707910679876549
Ba8.04Cu4.99Si18Ge22.98,11.999999999999481,11.999999999999492,1.0658141036401503e-14,11.999999999999488,2.960594732333751e-15,1,triclinic,7,False,1,6.582501628818588,16.82564719604462,0.7384743707584984
Ba8.04Cu4.9Si3.23Ge37.83,11.999999999999481,11.999999999999494,1.2434497875801753e-14,11.999999999999488,3.3553406966449175e-15,1,triclinic,7,False,1,7.087688803954519,18.332635251000337,0.7146231842711037
Ba8.07Cu4.89Si41.03,11.999999999999481,11.999999999999492,1.0658141036401503e-14,11.999999999999485,2.3026847918151395e-15,1,triclinic,7,False,1,5.393425768240251,14.43847728278735,0.7803529772154059
Ba8Au5.15Si40.85,11.999999999999481,11.999999999999494,1.2434497875801753e-14,11.999999999999488,2.039520815607695e-15,1,triclinic,7,False,1,7.093623059585289,14.755562957203225,0.7754580717536975
Ba8Au5.45Si40.55,11.999999999999481,11.999999999999492,1.0658141036401503e-14,11.999999999999488,2.500057773970723e-15,8,monoclinic,6,False,2,7.093623059585289,14.755562957203225,0.7754580717536975
Ba8Au6Si40,11.999999999999481,11.999999999999492,1.0658141036401503e-14,11.999999999999488,2.500057773970723e-15,1,triclinic,7,False,1,7.093623059585289,14.755562957203225,0.7754580717536975
Ba8Cu5.04Si13.01Ge27.96,11.99999999999948,11.99999999999949,1.0658141036401503e-14,11.999999999999488,2.500057773970723e-15,1,triclinic,7,False,1,6.652019606585996,17.389589206987722,0.7301516698617423
Ba8Cu5.18Si9.98Ge30.85,11.999999999999481,11.99999999999949,8.881784197001252e-15,11.999999999999488,2.8948037382818895e-15,1,triclinic,7,False,1,6.798616638723387,17.820716659583216,0.7233194522528174
Ba8Cu5Si25Ge16,11.99999999999948,11.999999999999492,1.2434497875801753e-14,11.999999999999485,1.907938827503973e-15,1,triclinic,7,False,1,6.2360440835951385,16.00280303590163,0.7523208508005039
Ba8Ga16Ge30,11.999999999999481,11.99999999999949,8.881784197001252e-15,11.999999999999487,1.907938827503973e-15,1,triclinic,7,False,1,7.080396327155887,19.0808155877742,0.7043330247888913
Ba8Ga16Si30,11.999999999999483,11.999999999999492,8.881784197001252e-15,11.999999999999488,2.3684757858670005e-15,1,triclinic,7,False,1,5.923576366445342,15.86832641102244,0.7556876278721627
Ba8Ga16Sn30,11.999999999999483,11.999999999999492,8.881784197001252e-15,11.999999999999487,1.973729821555834e-15,1,triclinic,7,False,1,7.399712005774773,24.00097617522378,0.6661642719193833
Ba8Ni.84Ga12.07Ge33.16,11.99999999999948,11.999999999999492,1.2434497875801753e-14,11.999999999999487,1.9761969838327787e-15,1,triclinic,7,False,1,7.10362341238963,19.054291660691916,0.7061358131882872
Ba8Ni1.90Ga8.04Ge35.94,11.999999999999481,11.99999999999949,8.881784197001252e-15,11.999999999999485,2.319132540328105e-15,1,triclinic,7,False,1,7.241120830864941,18.536397951334198,0.702820633260984
Ba8Ni2.97Ga3.94Ge38.91,11.999999999999481,11.99999999999949,8.881784197001252e-15,11.999999999999487,2.2368937977632784e-15,8,monoclinic,6,False,2,7.205779365460781,18.77914823483017,0.7077495843182044
Ba8Ni4Ge42,11.999999999999483,11.999999999999488,5.329070518200751e-15,11.999999999999485,1.578983857244667e-15,1,triclinic,7,False,1,7.179210714280811,18.77914823483017,0.707910679876549
BaBiTe2.95Se0.05,11.999999999999481,11.999999999999494,1.2434497875801753e-14,11.99999999999949,2.7533531010703883e-15,1,triclinic,7,False,1,8.640542113612216,27.930490384905102,0.6660320066947852
BaBiTe2.9Se0.1,11.99999999999948,11.99999999999949,1.0658141036401503e-14,11.999999999999488,2.831068712794149e-15,1,triclinic,7,False,1,8.615737446822825,28.013043519624492,0.6670340239618923
BaBiTe3,11.999999999999483,11.99999999999949,7.105427357601002e-15,11.999999999999488,1.8421478334521115e-15,1,triclinic,7,False,1,8.779852992863704,27.324030373842653,0.6632798790002633
BaCu3.96S3.0,7.860108073326685,10.3943476840083,2.534239610681616,9.549601147114428,1.1263287158584934,1,triclinic,7,False,1,4.971659264964681,20.361785270909213,0.5857794147020635
BaCu4.0S3.0,11.999999999999478,11.99999999999949,1.2434497875801753e-14,11.999999999999485,2.6974307561263064e-15,1,triclinic,7,False,1,6.367889057622687,15.668027351652078,0.7353052420711452
BaCu5.7Se.6Te6.4,11.008524522970818,12.144801723712721,1.1362772007419029,11.553246175290026,0.36843450710110653,6,monoclinic,6,False,2,7.21910769402281,22.931785250728392,0.5798439245258236
BaCu5.9STe6,11.008524522970818,12.144801723712721,1.1362772007419029,11.553246175290026,0.36843450710110653,6,monoclinic,6,False,2,6.789371963681081,22.931785250728392,0.5626060490338355
BaCu5.9SeTe6,11.00852452297082,12.144801723712725,1.1362772007419046,11.553246175290028,0.3684345071011062,6,monoclinic,6,False,2,7.072352474449533,22.931785250728392,0.5705347677462494
BaErCo4O7,11.999999999999481,11.99999999999949,8.881784197001252e-15,11.999999999999488,2.8290127442300285e-15,1,triclinic,7,False,1,6.423805648310802,12.643683796219928,0.6566820597071347
BaGd2NiO5,11.999999999999481,11.99999999999949,8.881784197001252e-15,11.999999999999488,2.631639762074445e-15,1,triclinic,7,False,1,8.617189854380726,12.643683796219928,0.9255188125620973
BaHoCo4O7,11.99999999999948,11.99999999999949,1.0658141036401503e-14,11.999999999999485,2.039520815607695e-15,1,triclinic,7,False,1,6.401151302963147,12.643683796219928,0.6566820597071347
BaLuCo4O7,11.999999999999481,11.99999999999949,8.881784197001252e-15,11.999999999999488,2.8948037382818895e-15,1,triclinic,7,False,1,6.498792204617261,12.643683796219928,0.6566820597071347
BaPbO3,11.999999999999481,11.999999999999488,7.105427357601002e-15,11.999999999999487,1.8421478334521115e-15,1,triclinic,7,False,1,9.702260305881014,12.643683796219928,1.0125834657177242
BaTmCo4O7,11.999999999999481,11.999999999999492,1.0658141036401503e-14,11.999999999999487,2.1711028037114174e-15,1,triclinic,7,False,1,6.440102771947301,12.643683796219928,0.6566820597071347
BaZn2As2,7.999999999893484,9.971817977428948,1.9718179775354638,9.314545318200231,0.8763635455378308,216,cubic,1,False,192,5.911598843690824,25.99755186222484,0.7475881980900486
Bi.38Sb1.62Te3,11.999999999999483,11.999999999999492,8.881784197001252e-15,11.999999999999485,1.7763568394002505e-15,5,monoclinic,6,False,2,10.677739919300372,20.47833113627198,0.6025333099912746
Bi.80Ca.10Pb.10CuSeO,11.956921760225441,11.9569220567284,2.965029590740187e-07,11.956921938107499,8.896609341816723e-08,1,triclinic,7,False,1,5.856740412115597,25.03977036486225,0.35893541029511933
Bi.84Ca.08Pb.08CuSeO,11.9569215822931,11.956922175349577,5.930564768164004e-07,11.956921938107266,1.1862145786621801e-07,8,monoclinic,6,False,2,5.935344663058016,25.039770356856337,0.3549019714202506
Bi.88Ca.06Pb.06CuSeO,11.9569215822931,11.956922175349577,5.930564768164004e-07,11.956921938107266,1.1862145786621801e-07,1,triclinic,7,False,1,5.935344663058016,25.039770356856337,0.3549019714202506
Bi.92Ca.04Pb.04CuSeO,11.956921404360777,11.95692229397075,8.896099732425e-07,11.956921938107037,1.2851616968976875e-07,8,monoclinic,6,False,2,5.987747497685703,25.039770348850425,0.35221301220644236
Bi0.23Sb0.772Te3,11.999999999999481,11.999999999999494,1.2434497875801753e-14,11.999999999999487,2.039520815607695e-15,1,triclinic,7,False,1,10.736894699222388,20.398957840272768,0.6025610279332003
Bi0.35Sb1.65Te3,11.999999999999483,11.99999999999949,7.105427357601002e-15,11.999999999999485,1.8421478334521115e-15,5,monoclinic,6,False,2,10.677739919300372,20.47833113627198,0.6025333099912746
Bi0.42Sb1.58Te3,11.999999999999483,11.999999999999492,8.881784197001252e-15,11.999999999999488,2.434266779918862e-15,5,monoclinic,6,False,2,10.677739919300372,20.47833113627198,0.6025333099912746
Bi0.48Sb1.52Te3,11.999999999999481,11.99999999999949,8.881784197001252e-15,11.999999999999485,2.1711028037114174e-15,2,triclinic,7,True,2,10.813296260832562,20.71768582476946,0.6034152125740674
Bi0.5Sb1.5Te2.25Se.75,11.999999999999481,11.99999999999949,8.881784197001252e-15,11.999999999999487,2.3684757858670005e-15,1,triclinic,7,False,1,11.069776015165488,19.156733871021302,0.6129616131805093
Bi0.5Sb1.5Te2.5Se.5,11.99999999999948,11.999999999999492,1.2434497875801753e-14,11.999999999999485,2.631639762074445e-15,1,triclinic,7,False,1,11.006108917505161,19.539347205099556,0.6106702770767615
Bi0.5Sb1.5Te2.7Se.3,11.99999999999948,11.99999999999949,1.0658141036401503e-14,11.999999999999485,2.2368937977632784e-15,1,triclinic,7,False,1,10.942107654967401,19.92702144538179,0.6083124203809586
Bi0.5Sb1.5Te3,11.999999999999483,11.99999999999949,7.105427357601002e-15,11.999999999999487,1.6447748512965282e-15,2,triclinic,7,True,2,10.813296260832562,20.71768582476946,0.6034152125740674
Bi0.84Pb0.08Yb0.08CuSeO,11.9569215822931,11.956922175349577,5.930564768164004e-07,11.956921938107266,1.1862145786621801e-07,1,triclinic,7,False,1,6.057810174109232,25.039770356856337,0.35380386997873314
Bi0.85Na0.15CuSeO0.85F0.15,5.795430803399885,12.605961272024278,6.810530468624393,11.70511672162599,0.5678827341909238,1,triclinic,7,False,1,5.746482294488257,24.280989452478213,0.3565637898773432
Bi0.875Ba0.125CuSeO,11.956921937823958,11.956921938173174,3.4921576741453464e-10,11.95692193802757,1.266591276305462e-10,216,cubic,1,False,24,10.23965442577176,14.535442180299226,0.650096231913406
Bi0.88Pb0.06Yb0.06CuSeO,11.9569215822931,11.956922175349577,5.930564768164004e-07,11.956921938107266,1.1862145786621801e-07,1,triclinic,7,False,1,6.057810174109232,25.039770356856337,0.35380386997873314
Bi0.8Ba0.2CuSeO,11.956921937909355,11.956921938163465,2.5410962223304523e-10,11.95692193805331,8.373729487587411e-11,215,cubic,1,False,48,10.198798301290697,14.229095759488182,0.7178390997153317
Bi0.8Pb0.1Yb0.1CuSeO,11.956921760225441,11.9569220567284,2.965029590740187e-07,11.956921938107499,8.896609341816723e-08,1,triclinic,7,False,1,6.040438678633688,25.03977036486225,0.35728825813336984
Bi0.92Ag0.08CuSeO,11.9569215822931,11.956922175349577,5.930564768164004e-07,11.956921938107266,1.1862145786621801e-07,8,monoclinic,6,False,2,5.999423114669302,25.039770356856337,0.3468350934409897
Bi0.92Pb0.04Yb0.04CuSeO,11.956921404360775,11.956922293970752,8.896099767952137e-07,11.956921938107037,1.2851616972266423e-07,160,trigonal,3,False,6,6.069391171745953,25.039770348850425,0.3514809445785301
Bi0.92Pb0.08CuSeO,11.9569215822931,11.956922175349577,5.930564768164004e-07,11.956921938107266,1.1862145786621801e-07,8,monoclinic,6,False,2,6.0909133122493415,25.039770356856337,0.35086853243062016
Bi0.94Ag0.06CuSeO,11.9569215822931,11.956922175349577,5.930564768164004e-07,11.956921938107268,1.1862145806359099e-07,8,monoclinic,6,False,2,5.999423114669302,25.039770356856337,0.3468350934409897
Bi0.94Pb0.06CuSeO,11.9569215822931,11.956922175349577,5.930564768164004e-07,11.956921938107266,1.1862145786621801e-07,8,monoclinic,6,False,2,6.0909133122493415,25.039770356856337,0.35086853243062016
Bi0.95Ba0.05CuSeO,11.956921404360775,11.956922293970752,8.896099767952137e-07,11.956921938107037,1.2851616972266423e-07,216,cubic,1,False,24,6.048555277773112,25.039770348850425,0.35588458015886265
Bi0.95Na0.05CuSeO0.95F0.05,5.7560326207383845,12.590779295062369,6.834746674323984,11.878244174161388,0.19124950773505744,1,triclinic,7,False,1,5.990013648139614,24.810047685099505,0.3497176703422441
Bi0.96Ag0.04CuSeO,11.956921404360775,11.956922293970752,8.896099767952137e-07,11.956921938107037,1.2851616972266423e-07,216,cubic,1,False,24,6.030466465440219,25.039770348850425,0.34683509355188225
Bi0.96Pb0.04CuSeO,11.956921404360775,11.956922293970752,8.896099767952137e-07,11.956921938107037,1.2851616972266423e-07,216,cubic,1,False,24,6.09145993051308,25.039770348850425,0.34952405287916233
Bi0.9Ag0.1CuSeO,11.956921760225441,11.9569220567284,2.965029590740187e-07,11.956921938107499,8.896609341816723e-08,8,monoclinic,6,False,2,5.952858089501793,25.03977036486225,0.3468350933300966
Bi0.9Na0.1CuSeO0.9F0.1,5.770119564151348,12.619348617894332,6.849229053742984,11.784280911491239,0.3881256003437157,1,triclinic,7,False,1,5.861839250633635,24.528754643130366,0.3533208911042634
Bi0.9Pb0.1CuSeO,11.956921760225441,11.9569220567284,2.965029590740187e-07,11.956921938107499,8.896609341816723e-08,8,monoclinic,6,False,2,6.0900933858279735,25.03977036486225,0.3528852518126079
Bi1.2S1.2Ti2S4,11.99999999999948,11.99999999999949,1.0658141036401503e-14,11.999999999999485,1.8421478334521115e-15,1,triclinic,7,False,1,8.114602870131492,12.643683796219928,0.6116443344316683
Bi1.2Sb0.8Se2.76Cl0.24,11.99999999999948,11.999999999999488,8.881784197001252e-15,11.999999999999485,1.7763568394002505e-15,1,triclinic,7,False,1,12.506544036559498,14.948024413588985,0.6445611363833843
Bi1.2Sb0.8Se2.82Cl0.18,11.999999999999483,11.999999999999492,8.881784197001252e-15,11.999999999999488,2.319132540328105e-15,1,triclinic,7,False,1,12.467726692399493,15.634808917543998,0.6442838602935893
Bi1.2Sb0.8Se2.88Cl0.12,11.99999999999948,11.99999999999949,1.0658141036401503e-14,11.999999999999487,2.0354088784794535e-15,1,triclinic,7,False,1,12.470006694392445,15.67218295539731,0.6437141981195691
Bi1.88Ta0.12O2Se,9.579430432217562,13.164159280980998,3.5847288487634366,10.774342207803764,1.5932093533247684,187,hexagonal,2,False,12,12.511967528233672,13.727885989766337,0.6029734828063463
Bi1.90Ta0.10O2Se,9.579432080863052,13.164158446807466,3.584726365944414,10.77434220780684,1.593209353327529,6,monoclinic,6,False,2,12.426296987798183,13.727885989766337,0.5997362439399967
Bi1.92Nb0.08Te3,11.99999999999948,11.999999999999492,1.2434497875801753e-14,11.999999999999488,2.220446049250313e-15,1,triclinic,7,False,1,11.680708376471276,22.58183822471687,0.6078416943683447
Bi1.92Ta0.08O2Se,9.579434034476304,13.16415793298462,3.584723898508317,10.774342207812587,1.5932093533307752,187,hexagonal,2,False,12,12.483410681421844,13.727885989766335,0.6018944031842297
Bi1.94Nb0.06Te3,11.999999999999481,11.999999999999492,1.0658141036401503e-14,11.99999999999949,3.659295089164516e-15,1,triclinic,7,False,1,11.700958533937936,22.563233895343807,0.6078679052343325
Bi1.94Ta0.06O2Se,9.579434034476304,13.16415793298462,3.584723898508317,10.774342207812587,1.593209353330775,187,hexagonal,2,False,12,12.369183294174528,13.727885989766335,0.5975780846957618
Bi1.9Nb0.1Te3,11.99999999999948,11.99999999999949,1.0658141036401503e-14,11.999999999999485,2.0261570199409107e-15,1,triclinic,7,False,1,11.66096896676599,22.43899096765581,0.6077677305118306
Bi2.0S2.79Se0.21,11.008524522970818,12.144801723712721,1.1362772007419029,11.553246175290026,0.36843450710110653,6,monoclinic,6,False,2,8.335009763538931,22.931785250728392,0.4458263162248478
Bi2.0S2.85Se0.15,11.00852452297087,12.144801723712751,1.1362772007418815,11.553246175290084,0.3684345071011397,6,monoclinic,6,False,2,8.531156683265547,22.931785250728392,0.4556259043094676
Bi2.0S2.91Se0.09,11.008524567202635,12.14480173088207,1.136277163679436,11.553246173071694,0.3684345089712419,6,monoclinic,6,False,2,8.531156683265547,22.931785250728392,0.4556259043094676
Bi2.0S3.0,7.80451602453066,10.247049694187456,2.4425336696567967,9.025762053454843,1.2212393778507513,194,hexagonal,2,True,192,6.592508845588082,30.357585667201587,0.35157728150058076
Bi2O2Se,7.999999999893484,9.971817977428948,1.9718179775354638,9.314545318200231,0.876363545537831,216,cubic,1,False,192,7.886722263361061,21.331375935662052,0.3817958069439636
Bi2Ru2O7,11.999999999999481,11.999999999999488,7.105427357601002e-15,11.999999999999485,2.039520815607695e-15,1,triclinic,7,False,1,8.863754368168474,12.643683796219928,0.431137597876054
Bi2S3,7.80451602453066,10.247049694187456,2.4425336696567967,9.025762053454843,1.2212393778507513,194,hexagonal,2,True,192,6.592508845588082,30.357585667201587,0.35157728150058076
Bi2Se3,7.80451602453066,10.247049694187456,2.4425336696567967,9.025762053454843,1.2212393778507513,194,hexagonal,2,True,192,7.875070978339228,30.357585667201587,0.38751288128504235
Bi2Si2Te6,11.999999999999483,11.999999999999492,8.881784197001252e-15,11.999999999999487,1.6447748512965282e-15,5,monoclinic,6,False,2,11.208419777409723,18.406557065256987,0.6218828684840605
Bi2Sr2Co2O8,11.999999999999483,11.999999999999492,8.881784197001252e-15,11.999999999999488,2.6974307561263064e-15,1,triclinic,7,False,1,8.084915567966164,12.643683796219928,0.7541932442226313
Bi2Te1.95Se1.05,7.999999999893484,9.971817977428948,1.9718179775354638,9.314545318200231,0.876363545537831,216,cubic,1,False,192,10.782568534972915,21.331375935662052,0.5472682026243681
Bi2Te2.01Se0.99,7.999999999893484,9.971817977428948,1.9718179775354638,9.314545318200231,0.876363545537831,216,cubic,1,False,192,10.782568534972915,21.331375935662052,0.5472682026243681
Bi2Te2.1Se0.9,11.999999999999481,11.999999999999488,7.105427357601002e-15,11.999999999999487,1.7763568394002505e-15,1,triclinic,7,False,1,12.209831131421376,20.6376948625622,0.6227685666709372
Bi2Te2.41Se0.6,11.008524522970818,12.144801723712721,1.1362772007419029,11.553246175290026,0.36843450710110653,6,monoclinic,6,False,2,11.745983643762372,22.931785250728392,0.5967802156847384
Bi2Te2.42Se0.6,11.008524522970818,12.144801723712721,1.1362772007419029,11.553246175290022,0.36843450710110653,6,monoclinic,6,False,2,11.745983643762372,22.931785250728392,0.5967802156847384
Bi2Te2.4Se0.6,11.008524522970818,12.144801723712721,1.1362772007419029,11.553246175290022,0.36843450710110653,6,monoclinic,6,False,2,11.745983643762372,22.931785250728392,0.5967802156847384
Bi2Te2.55Se0.45,11.008524522970818,12.144801723712721,1.1362772007419029,11.553246175290022,0.36843450710110653,6,monoclinic,6,False,2,11.401661623575738,22.931785250728392,0.585509333684982
Bi2Te2.7Se0.3,11.008524522970818,12.144801723712721,1.1362772007419029,11.553246175290026,0.36843450710110653,6,monoclinic,6,False,2,11.79395546302897,22.931785250728392,0.6051085098542214
Bi2Te3,7.80451602453066,10.247049694187456,2.4425336696567967,9.025762053454843,1.2212393778507513,194,hexagonal,2,True,192,9.20535826135481,30.357585667201587,0.47189729306592865
Bi2YO4Cu2Se1.80I.20,11.9569215822931,11.95692217534958,5.930564803691141e-07,11.956921938107268,1.1862145808826261e-07,1,triclinic,7,False,1,6.300217704102132,25.039770356856337,0.40451257396983886
Bi2YO4Cu2Se1.85I.15,11.956921404360777,11.95692229397075,8.896099732425e-07,11.956921938107037,1.2851616962397774e-07,1,triclinic,7,False,1,6.277711899911375,25.039770348850425,0.40095407874519223
Bi2YO4Cu2Se1.9I.10,11.9569215822923,11.956922175348355,5.930560558198295e-07,11.95692193810559,1.1862145789088964e-07,1,triclinic,7,False,1,6.2664589978106,25.039770344847472,0.39917483113201563
Bi2YO4Cu2Se2,11.956921937909357,11.956921938163465,2.5410784587620583e-10,11.956921938053311,8.373701732011796e-11,119,tetragonal,4,False,8,10.998874627995779,14.229095759488182,0.7033971309188558
Bi83Sb17,11.999999999999481,11.999999999999492,1.0658141036401503e-14,11.999999999999488,2.7632217501781674e-15,8,monoclinic,6,False,2,11.801606029077703,27.131833922543745,0.6024227466032379
Bi86Sb14,7.860108072597306,10.394347683210478,2.534239610613172,9.549601146339418,1.1263287158280744,1,triclinic,7,False,1,11.916426454978993,27.601899768805747,0.6017296110169672
Bi88Sb12,7.860108072597306,10.394347683210482,2.5342396106131755,9.54960114633942,1.1263287158280748,2,triclinic,7,True,2,11.916426454978993,27.601899768805747,0.6017296110169672
Bi90Sb10,7.8601080728825945,10.394347683477207,2.5342396105946126,9.549601146612334,1.1263287158198259,1,triclinic,7,False,2,11.99229613884326,27.930490386772718,0.6011953818646785
Bi92Sb8,11.999999999999483,11.99999999999949,7.105427357601002e-15,11.999999999999488,2.105311809659556e-15,166,trigonal,3,True,12,12.008763158741123,28.003862910596514,0.6010708031896009
BiCu0.90SeO,11.956921937909357,11.956921938163463,2.5410606951936643e-10,11.956921938053313,8.373718385357165e-11,216,cubic,1,False,192,10.721421418617094,14.229095759488182,0.6103459586087966
BiCu0.925SeO,11.956921937909357,11.956921938163463,2.5410606951936643e-10,11.956921938053313,8.373718385357165e-11,216,cubic,1,False,192,10.721421418617094,14.229095759488182,0.6103459586087966
BiCu0.975SeO,11.956921937909357,11.956921938163463,2.5410606951936643e-10,11.956921938053313,8.373718385357165e-11,216,cubic,1,False,192,10.721421418617094,14.229095759488182,0.6103459586087966
BiCuSeO_transmutation_transmuted_from_oqmd-2181655_rank_3,11.956921937909845,11.956921938167671,2.5782576074107055e-10,11.956921938055885,8.635314685534468e-11,216,cubic,1,False,24,10.721421418617094,14.229095759488182,0.6103459586087971
BiCuSeO_transmutation_transmuted_from_oqmd-2589577_rank_5,11.95692193775403,11.956921937962257,2.0822632507133676e-10,11.956921937858144,1.0411138617882898e-10,216,cubic,1,False,24,9.623502643911737,15.852453902513778,0.5478439580943381
BiCuSeO_transmutation_transmuted_from_oqmd-2872595_rank_4,11.95692193801601,11.956921938016015,5.329070518200751e-15,11.956921938016015,1.3322676295501878e-15,216,cubic,1,False,24,9.204994626037669,16.57319077751583,0.5240192554377231
BiCuSeO_transmutation_transmuted_from_oqmd-2959676_rank_2,11.956921937822171,11.956921938171668,3.494964317951599e-10,11.956921938025847,1.2613687871976254e-10,216,cubic,1,False,24,10.495458591817433,14.535442230439317,0.5974824125594355
BiCuSeO_transmutation_transmuted_from_oqmd-3035740_rank_1,11.956921938048094,11.956921938156045,1.0795098148719262e-10,11.956921938107051,2.9477309482217606e-11,216,cubic,1,False,24,6.092553174833437,25.039770300814972,0.34683509421723907
BiSbSe0.92Br0.083,11.999999999999481,11.999999999999492,1.0658141036401503e-14,11.999999999999487,2.039520815607695e-15,1,triclinic,7,False,1,12.330575633350051,14.948024413588985,0.6390967748909667
BiSbSe0.94Br0.063,11.999999999999481,11.999999999999492,1.0658141036401503e-14,11.999999999999487,2.565848768022584e-15,1,triclinic,7,False,1,12.307358319774877,15.190945332816332,0.6393522177507646
BiSbSe0.96Br0.043,11.99999999999948,11.99999999999949,1.0658141036401503e-14,11.999999999999483,2.479498088329516e-15,1,triclinic,7,False,1,12.270716630183607,15.560239200111376,0.6395184580466735
BiSbSe0.98Br0.023,11.99999999999948,11.999999999999492,1.2434497875801753e-14,11.99999999999949,4.7073456244106636e-15,1,triclinic,7,False,1,12.291525467196042,15.337953461932429,0.6394492491673904
BiSbSe2.76Cl0.24,11.999999999999481,11.999999999999492,1.0658141036401503e-14,11.999999999999488,2.500057773970723e-15,1,triclinic,7,False,1,12.306134663050107,14.755562957203225,0.6419562219904774
BiSbSe2.82Cl0.18,11.999999999999481,11.99999999999949,8.881784197001252e-15,11.999999999999485,2.0230730670947296e-15,1,triclinic,7,False,1,12.290564117719528,15.044879554807844,0.6415310933417784
BiSbSe2.88Cl0.12,11.999999999999481,11.999999999999494,1.2434497875801753e-14,11.999999999999488,2.6645352591003757e-15,1,triclinic,7,False,1,12.259667899964542,15.44882981385471,0.6411880628332464
BiSbTe1.5Se1.5,11.956921937823962,11.956921938173178,3.4921576741453464e-10,11.956921938027573,1.2665846149673143e-10,216,cubic,1,False,192,11.643533719354993,19.156733845826153,0.6236971582178558
BiSbTe3,11.999999999999481,11.999999999999492,1.0658141036401503e-14,11.999999999999488,2.434266779918862e-15,1,triclinic,7,False,1,11.131900551008767,21.120742468954315,0.6050491588478463
BiSbTe_transmutation_transmuted_from_oqmd-3241062_rank_3,7.999999999894832,9.971818107134123,1.971818107239291,9.314545404670477,0.8763636031837642,216,cubic,1,False,24,11.13428555844428,22.785241048753395,0.6059679223958592
BiSbTe_transmutation_transmuted_from_oqmd-3750974_rank_4,7.999999999996656,9.971809676302795,1.9718096763061395,9.31453978419915,0.8763598561349975,216,cubic,1,False,24,8.767046292580902,28.937611584131556,0.4771342354727479
BiSbTe_transmutation_transmuted_from_oqmd-5473064_rank_2,7.999999999988903,9.971811103066289,1.9718111030773855,9.314540735368631,0.8763604902531519,216,cubic,1,False,24,10.144831307183479,25.007550413890623,0.5521182583293994
BiSbTe_transmutation_transmuted_from_oqmd-5757776_rank_1,9.579434087426488,13.164157893070136,3.584723805643648,10.774342205033506,1.5932093552665367,194,hexagonal,2,True,24,11.134285567056686,22.785241031128937,0.6059679228645772
BiSbTe_transmutation_transmuted_from_oqmd-7001747_rank_5,7.999999999909052,9.971808898020026,1.9718088981109734,9.314539265311607,0.8763595102683693,216,cubic,1,False,24,9.376135473069281,27.057776744319884,0.5102830624286383
Ca0.15BaGd1.85NiO5,11.99999999999948,11.999999999999494,1.4210854715202004e-14,11.999999999999488,2.525757381022231e-15,1,triclinic,7,False,1,8.274931407395941,12.643683808307825,0.9121757011307364
Ca0.1BaGd1.9NiO5,11.99999999999948,11.999999999999492,1.2434497875801753e-14,11.99999999999949,4.227729277772596e-15,1,triclinic,7,False,1,8.398144446950438,12.643683805890246,0.9169792211028205
Ca0.25BaGd1.75NiO5,11.999999999999481,11.999999999999492,1.0658141036401503e-14,11.999999999999488,2.6645352591003757e-15,1,triclinic,7,False,1,8.189728537429236,12.643683804278528,0.9255188119722071
Ca0.2BaGd1.8NiO5,11.999999999999481,11.999999999999492,1.0658141036401503e-14,11.999999999999488,2.6645352591003757e-15,1,triclinic,7,False,1,8.275825843157078,12.643683808307825,0.910907893536698
Ca0.6Yb0.4MnO3,11.999999999999478,11.99999999999949,1.2434497875801753e-14,11.999999999999485,2.1711028037114174e-15,1,triclinic,7,False,1,4.927408763218095,12.643683796219928,0.5596033993207652
Ca0.7Ho0.3MnO3,11.999999999999481,11.999999999999492,1.0658141036401503e-14,11.999999999999487,2.1711028037114174e-15,1,triclinic,7,False,1,4.965637703461089,12.643683796219928,0.6285127754676165
Ca0.7Tb0.3MnO3,11.999999999999481,11.99999999999949,8.881784197001252e-15,11.999999999999485,1.973729821555834e-15,1,triclinic,7,False,1,4.907218915056365,12.643683796219928,0.6285127754676165
Ca0.7Y0.3MnO3,11.999999999999478,11.999999999999492,1.4210854715202004e-14,11.999999999999485,2.8290127442300285e-15,1,triclinic,7,False,1,4.226040765173103,12.643683796219928,0.6401111707316499
Ca0.85Yb0.15MnO3,11.99999999999948,11.999999999999492,1.2434497875801753e-14,11.999999999999487,3.0099379778726466e-15,1,triclinic,7,False,1,4.195598201585313,12.643683804278528,0.5918344988744191
Ca0.92La0.08MnO3,11.999999999999483,11.999999999999492,8.881784197001252e-15,11.999999999999488,2.581268532253489e-15,1,triclinic,7,False,1,3.9851776625924327,12.643683808307825,0.6277983479606425
Ca0.94Gd0.06MnO3,11.999999999999481,11.999999999999494,1.2434497875801753e-14,11.99999999999949,3.730349362740526e-15,1,triclinic,7,False,1,3.910397938116823,12.643683805890246,0.611173158742707
Ca0.94La0.06MnO3,11.99999999999948,11.999999999999492,1.2434497875801753e-14,11.99999999999949,4.138911435802584e-15,1,triclinic,7,False,1,3.886305427394763,12.643683805890246,0.6164171456987177
Ca0.95Yb0.05MnO3,11.99999999999948,11.999999999999492,1.2434497875801753e-14,11.99999999999949,4.227729277772596e-15,1,triclinic,7,False,1,3.931135495541371,12.643683805890246,0.60960737538326
Ca0.96Bi0.04Mn0.96Nb0.04O3,11.99999999999948,11.999999999999494,1.4210854715202004e-14,11.99999999999949,4.320099833421409e-15,1,triclinic,7,False,1,3.973864304086904,12.643683805890246,0.6073794988116777
Ca0.96Gd0.04MnO3,11.99999999999948,11.999999999999494,1.4210854715202004e-14,11.99999999999949,3.780087354243733e-15,1,triclinic,7,False,1,3.879620723695682,12.643683805890246,0.611173158742707
Ca0.96La0.04MnO3,11.999999999999481,11.999999999999492,1.0658141036401503e-14,11.99999999999949,3.751665644813329e-15,1,triclinic,7,False,1,3.860346715118034,12.643683805890246,0.6153683483075155
Ca0.96Sm0.04MnO3,11.99999999999948,11.999999999999492,1.2434497875801753e-14,11.99999999999949,3.794298208958935e-15,1,triclinic,7,False,1,3.8723816219525466,12.643683805890246,0.6124973451669776
Ca0.99Yb4.01Al2Sb5.84Ge0.16,11.999999999999476,11.99999999999949,1.4210854715202004e-14,11.999999999999488,3.2862601528904635e-15,1,triclinic,7,False,1,7.596299889637142,25.44797436056218,0.6275204320383924
Ca0.9Bi0.1Mn0.9Nb0.1O3,11.99999999999948,11.99999999999949,1.0658141036401503e-14,11.999999999999485,2.1094237467877974e-15,1,triclinic,7,False,1,4.206891703504864,12.643683808307825,0.6121951262920677
Ca0.9Bi0.1MnO3,11.999999999999483,11.999999999999492,8.881784197001252e-15,11.999999999999488,2.4980018054066022e-15,1,triclinic,7,False,1,4.12897742555735,12.643683808307825,0.6106182393713446
Ca0.9Ce0.1MnO3,11.99999999999948,11.999999999999494,1.4210854715202004e-14,11.999999999999487,2.0816681711721685e-15,1,triclinic,7,False,1,3.987661773915297,12.643683808307825,0.6221909199528517
Ca0.9Ho0.1MnO3,11.999999999999481,11.999999999999492,1.0658141036401503e-14,11.999999999999488,2.4702462297909733e-15,1,triclinic,7,False,1,4.038582885561582,12.643683808307825,0.6171580818447744
Ca0.9In0.1MnO3,11.99999999999948,11.999999999999492,1.2434497875801753e-14,11.999999999999487,2.581268532253489e-15,1,triclinic,7,False,1,3.9357481094494675,12.643683808307825,0.6086919396737688
Ca0.9La0.1MnO3,11.99999999999948,11.999999999999494,1.4210854715202004e-14,11.999999999999488,2.525757381022231e-15,8,monoclinic,6,False,2,3.9851776625924327,12.643683808307825,0.6277983479606425
Ca0.9Nd0.1MnO3,11.999999999999483,11.999999999999494,1.0658141036401503e-14,11.999999999999488,2.0539125955565396e-15,1,triclinic,7,False,1,3.996128679583176,12.643683808307825,0.6221909199528517
Ca0.9Pb0.1MnO3,11.999999999999483,11.999999999999492,8.881784197001252e-15,11.999999999999488,2.4980018054066022e-15,1,triclinic,7,False,1,4.125323892147003,12.643683808307825,0.6196046183434424
Ca0.9Sb0.1MnO3,11.999999999999483,11.999999999999494,1.0658141036401503e-14,11.999999999999488,2.0539125955565396e-15,1,triclinic,7,False,1,3.9499936884961033,12.643683808307825,0.6051965177838442
Ca0.9Sm0.1MnO3,11.999999999999483,11.999999999999492,8.881784197001252e-15,11.999999999999488,2.4980018054066022e-15,1,triclinic,7,False,1,4.008683339999096,12.643683808307825,0.6221909199528517
Ca0.9Sn0.1MnO3,11.99999999999948,11.999999999999492,1.2434497875801753e-14,11.999999999999487,2.581268532253489e-15,1,triclinic,7,False,1,3.943734827059595,12.643683808307825,0.6051965177838442
Ca0.9Tb0.1MnO3,11.999999999999481,11.999999999999492,1.0658141036401503e-14,11.999999999999488,2.4702462297909733e-15,1,triclinic,7,False,1,4.026260172394242,12.643683808307825,0.6171580818447744
Ca0.9Y0.1MnO3,11.999999999999481,11.999999999999492,1.0658141036401503e-14,11.999999999999488,2.4702462297909733e-15,1,triclinic,7,False,1,3.882574156540611,12.643683808307825,0.6196046183434424
Ca0.9Yb0.1MnO3,11.999999999999483,11.999999999999492,8.881784197001252e-15,11.999999999999488,2.4980018054066022e-15,8,monoclinic,6,False,2,4.0552246440581134,12.643683808307825,0.6171580818447744
Ca1.11Yb3.89Al2Sb5.77Ge0.23,11.999999999999481,11.999999999999492,1.0658141036401503e-14,11.999999999999485,2.192690473634684e-15,1,triclinic,7,False,1,7.60858307151662,25.10384419659219,0.6280205858373346
Ca1.14Yb3.86Al1.68In0.32Sb6,11.999999999999481,11.999999999999494,1.2434497875801753e-14,11.999999999999488,2.9235872981795788e-15,1,triclinic,7,False,1,7.623608157101541,25.684331740711453,0.62489730237034
Ca1.18Yb3.82Al1.84In0.16Sb6,11.999999999999481,11.999999999999494,1.2434497875801753e-14,11.99999999999949,3.836930773104541e-15,1,triclinic,7,False,1,7.528695801298732,25.5721913948248,0.6261563437138733
Ca1.55Yb3.45Al2Sb6,11.999999999999483,11.999999999999492,8.881784197001252e-15,11.999999999999488,1.7105658453483892e-15,1,triclinic,7,False,1,7.332219280618997,25.35072338537812,0.6270078019953182
Ca1.58Yb3.42Al2Sb6,11.999999999999483,11.999999999999492,8.881784197001252e-15,11.999999999999488,1.907938827503973e-15,1,triclinic,7,False,1,7.332219280618997,25.35072338537812,0.6270078019953182
Ca10GaSb9,11.008524523754769,12.144801724905669,1.1362772011509001,11.553246176374529,0.36843450757013096,6,monoclinic,6,False,2,4.4159822971969085,29.612611072713403,0.6230757854638905
Ca10InSb9,11.00852452310291,12.144801724606568,1.136277201503658,11.553246175812342,0.3684345076001994,6,monoclinic,6,False,2,4.43517239402159,30.18796973320099,0.620028144633587
Ca10MnSb9,11.008524520930015,12.14480172294374,1.1362772020137246,11.553246173612015,0.3684345072967574,6,monoclinic,6,False,2,4.347777542340428,29.84186906190351,0.6214882310280029
Ca10ZnSb9,11.0085245207223,12.144801723581946,1.1362772028596453,11.553246173792393,0.3684345077510651,6,monoclinic,6,False,2,4.388935224902683,29.727092720110516,0.6222225862143859
Ca11Sb10,7.80451602453066,10.247049694187456,2.4425336696567967,9.025762053454843,1.2212393778507513,194,hexagonal,2,True,192,4.426213678221132,30.357585667201587,0.6126817102680716
Ca14MgBi11,11.008524522179194,12.144801723305438,1.1362772011262443,11.553246174585718,0.36843450711095066,31,orthorhombic,5,False,4,5.698137674997339,34.04762801841074,0.607011928299831
Ca14MgSb11,11.008524524363432,12.144801724224818,1.1362771998613859,11.553246176428887,0.36843450695996244,31,orthorhombic,5,False,4,4.243982142351719,30.072307135223372,0.6203880735110059
Ca2.4Na0.3Bi0.3Co4O9,11.99999999999948,11.999999999999492,1.2434497875801753e-14,11.999999999999487,2.581268532253489e-15,1,triclinic,7,False,1,4.415390115974892,12.643683808307825,0.5973146714230202
Ca2.7Bi0.3Co4O9,11.999999999999481,11.999999999999492,1.0658141036401503e-14,11.999999999999488,2.4702462297909733e-15,1,triclinic,7,False,1,4.450456630162289,12.643683808307825,0.5973146714230202
Ca2.7Na0.3Co4O9,11.999999999999481,11.999999999999492,1.0658141036401503e-14,11.999999999999487,1.6930901125533637e-15,8,monoclinic,6,False,2,4.06878791338681,12.643683808307825,0.606301050395118
Ca2.85Na0.15AlSb3,11.00852452179982,12.144801723564614,1.136277201764793,11.55324617447088,0.36843450739112676,1,triclinic,7,False,1,3.9060944303545178,28.3726536071454,0.631958324590021
Ca2.94Na0.06AlSb3,11.008524525208001,12.144801731311707,1.1362772061037063,11.553246172916865,0.36843450941755357,1,triclinic,7,False,1,3.9199847992650967,28.37265359895325,0.63195832477249
Ca2Co2O5,11.999999999999481,11.999999999999492,1.0658141036401503e-14,11.999999999999488,2.7632217501781674e-15,1,triclinic,7,False,1,4.057028407340948,12.643683796219928,0.6502494136165031
Ca2Yb9Sb10,11.008524519157053,12.144801722190861,1.1362772030338082,11.55324617211266,0.36843450741530454,6,monoclinic,6,False,2,7.854568325646912,28.819458910241156,0.6167586741939292
Ca2Yb9Sb9Ge,11.00852452359374,12.144801725297908,1.1362772017041678,11.553246176464116,0.3684345078601694,6,monoclinic,6,False,2,7.858476772669162,28.372653582568955,0.6197323206918284
Ca3.2Yb1.65Pr0.15Al2Sb6,11.99999999999948,11.999999999999494,1.4210854715202004e-14,11.99999999999949,3.641531520770513e-15,1,triclinic,7,False,1,5.997008638686344,26.022718913417748,0.6299223080506227
Ca3.3Yb1.5Sm0.2Al2Sb6,11.999999999999481,11.999999999999494,1.2434497875801753e-14,11.999999999999488,2.1538326677728035e-15,1,triclinic,7,False,1,5.99953870268181,25.80931610697287,0.6298998302014799
Ca3.46Yb1.35Pr0.19Al2Sb6,11.999999999999481,11.999999999999494,1.2434497875801753e-14,11.999999999999488,2.4202861936828413e-15,1,triclinic,7,False,1,5.877873736883767,25.840625415030622,0.630094285994314
Ca3Al0.95Zn0.05Sb3,11.008524524893954,12.144801730662495,1.1362772057685415,11.55324617239844,0.36843450912579606,1,triclinic,7,False,1,3.9374056345660984,28.40970974073059,0.631653406736557
Ca3AlSb3,11.00852452528899,12.144801724865703,1.1362771995767122,11.553246177333081,0.3684345070483172,6,monoclinic,6,False,2,4.010992856896825,28.595474425955704,0.6303771981191805
Ca3Co2O6,11.999999999999481,11.999999999999492,1.0658141036401503e-14,11.999999999999487,2.1711028037114174e-15,1,triclinic,7,False,1,3.965312907760203,12.643683796219928,0.6916198864354361
Ca3Co3.7Ti0.3O9,11.99999999999948,11.999999999999494,1.4210854715202004e-14,11.999999999999488,2.7200464103316335e-15,1,triclinic,7,False,1,4.081145646874411,12.643683808307825,0.6077692311185979
Ca3Co3.8Ti0.2O9,11.99999999999948,11.999999999999496,1.5987211554602254e-14,11.999999999999488,2.6201263381153696e-15,1,triclinic,7,False,1,4.085687404576807,12.643683803472666,0.6074755952062134
Ca3Co4O9,11.999999999999481,11.99999999999949,8.881784197001252e-15,11.999999999999485,1.973729821555834e-15,1,triclinic,7,False,1,4.148743906921695,12.643683796219928,0.6088789407975701
Ca4.75Na0.25Al2Sb6,11.999999999999481,11.999999999999492,1.0658141036401503e-14,11.999999999999488,2.7200464103316335e-15,1,triclinic,7,False,1,4.857732915314208,25.997551874617145,0.6317965156889063
Ca5Al2Sb6,11.999999999999478,11.999999999999488,1.0658141036401503e-14,11.999999999999485,1.7763568394002505e-15,1,triclinic,7,False,1,4.9479880106682055,25.997551881132466,0.631150347224907
Ca5Ga1.7Zn0.3Sb6,11.99999999999948,11.999999999999492,1.2434497875801753e-14,11.999999999999488,2.8495724298712353e-15,1,triclinic,7,False,1,5.224198863074684,26.52522642510957,0.6275128888064785
Ca5Ga1.8Zn0.2Sb6,11.99999999999948,11.99999999999949,1.0658141036401503e-14,11.999999999999485,2.19824158875781e-15,1,triclinic,7,False,1,5.1161006217330165,26.69557791038323,0.6280666224450242
Ca5Ga2Sb6,11.999999999999481,11.999999999999492,1.0658141036401503e-14,11.999999999999485,1.7105658453483892e-15,1,triclinic,7,False,1,5.27642581557898,26.372060703514542,0.6279260282933664
Ca5In2Sb6,11.999999999999481,11.99999999999949,8.881784197001252e-15,11.999999999999487,2.1711028037114174e-15,1,triclinic,7,False,1,5.309225583919266,28.298638010490368,0.6186595689637062
Ca6Yb5Sb10,11.999999999999481,11.999999999999492,1.0658141036401503e-14,11.999999999999487,2.565848768022584e-15,1,triclinic,7,False,1,6.091299753699293,29.701626912216334,0.6186699859391196
Ca9Yb2Sb10,11.0085245207223,12.144801723581946,1.1362772028596453,11.553246173792393,0.3684345077510651,6,monoclinic,6,False,2,5.139022910731332,29.727092720110516,0.6201265772005597
Ca9Yb2Sb7Ge3,11.99999999999948,11.99999999999949,1.0658141036401503e-14,11.999999999999485,1.7763568394002505e-15,1,triclinic,7,False,1,5.081658017827914,28.397354110754435,0.6308915105777041
Ca9Yb2Sb9Ge,11.008524521570358,12.144801723233265,1.1362772016629066,11.553246174162169,0.3684345072646114,6,monoclinic,6,False,2,5.103002803482854,29.270930538207804,0.6232586085801574
CaMn0.82Ru0.18O3,11.999999999999483,11.999999999999492,8.881784197001252e-15,11.999999999999487,2.4671622769447922e-15,1,triclinic,7,False,1,3.878828965677733,12.643683804278528,0.5911500524471147
CaMn0.94Ru0.06O3,11.99999999999948,11.999999999999492,1.2434497875801753e-14,11.99999999999949,3.765876499528531e-15,1,triclinic,7,False,1,3.817098570629178,12.643683805890246,0.6093609746694618
CaMn0.96Ru0.04O3,11.99999999999948,11.999999999999494,1.4210854715202004e-14,11.99999999999949,4.320099833421409e-15,1,triclinic,7,False,1,3.804981229705566,12.643683805890246,0.6097234114841108
CaMn0.9Ru0.1O3,11.99999999999948,11.999999999999492,1.2434497875801753e-14,11.999999999999488,2.9698465908722937e-15,1,triclinic,7,False,1,3.8770419489168813,12.643683808307825,0.6167730807295383
CaMn6.5Cu0.5O12,11.99999999999948,11.999999999999494,1.4210854715202004e-14,11.999999999999488,2.8495724298712353e-15,1,triclinic,7,False,1,4.067762836486156,12.643683808307825,0.44374473637959017
CaMn6CuO12,11.99999999999948,11.99999999999949,1.0658141036401503e-14,11.999999999999485,2.1711028037114174e-15,1,triclinic,7,False,1,3.964900350367031,12.643683796219928,0.4161602995749054
CaMn7O12,11.99999999999948,11.99999999999949,1.0658141036401503e-14,11.999999999999485,2.500057773970723e-15,44,orthorhombic,5,False,4,3.9230295082360653,12.643683796219928,0.41964043166351844
CaMnO3,11.999999999999481,11.99999999999949,8.881784197001252e-15,11.999999999999485,1.973729821555834e-15,1,triclinic,7,False,1,3.6339003953380287,12.643683796219928,0.5712017945847986
CaTiO3,11.99999999999948,11.99999999999949,1.0658141036401503e-14,11.999999999999485,2.1711028037114174e-15,1,triclinic,7,False,1,3.46192539727173,12.643683796219928,0.5712017945847986
CaZn0.4Ag0.2Sb0.83LiZnSb0.17_generalized_grouping_grouped_from_oqmd-3241062_rank_3,7.999999999893484,9.97181797742895,1.9718179775354656,9.314545318200233,0.8763635455378305,1,triclinic,7,False,1,4.976925165463399,25.373637584925163,0.6242715892066035
CaZn0.4Ag0.2Sb0.83LiZnSb0.17_generalized_grouping_grouped_from_oqmd-5473064_rank_2,7.999999999989332,9.971811232772206,1.9718112327828736,9.314540821839282,0.8763605478999664,1,triclinic,7,False,1,4.976925165463399,25.373637584925163,0.6242715892066035
CaZn0.4Ag0.2Sb0.83LiZnSb0.17_generalized_grouping_grouped_from_oqmd-5757776_rank_1,9.579430434257441,13.16415928092949,3.584728846672048,10.77434220914652,1.5932093523952655,1,triclinic,7,False,1,4.958078882462708,25.997551887666557,0.6241230569490409
CaZn0.4Ag0.2Sb0.87LiZnSb0.13_generalized_grouping_grouped_from_oqmd-3241062_rank_3,7.999999999893484,9.971817977428945,1.9718179775354603,9.31454531820023,0.8763635455378301,8,monoclinic,6,False,2,4.9382341628060935,26.631610865014807,0.6237437960379533
CaZn0.4Ag0.2Sb0.87LiZnSb0.13_generalized_grouping_grouped_from_oqmd-5473064_rank_2,7.999999999989332,9.971811232772204,1.9718112327828718,9.31454082183928,0.8763605478999658,8,monoclinic,6,False,2,4.9382341628060935,26.631610865014807,0.6237437960379533
CaZn0.4Ag0.2Sb0.87LiZnSb0.13_generalized_grouping_grouped_from_oqmd-5757776_rank_1,9.579430433185014,13.16415928095657,3.584728847771556,10.774342208440592,1.5932093528839337,1,triclinic,7,False,1,4.932237644979098,26.36618152563913,0.6246094767892652
CaZn0.4Ag0.2Sb0.91LiZnSb0.09_generalized_grouping_grouped_from_oqmd-5473064_rank_2,7.999999999989332,9.971811232772204,1.9718112327828718,9.31454082183928,0.8763605478999658,8,monoclinic,6,False,2,4.9382341628060935,26.631610865014807,0.6237437960379533
CaZn0.4Ag0.2Sb0.91LiZnSb0.09_generalized_grouping_grouped_from_oqmd-5757776_rank_1,9.579430429730847,13.164159281043785,3.5847288513129385,10.774342206166878,1.5932093544578738,1,triclinic,7,False,2,4.9382341560679315,26.631610901353326,0.6237437951868611
CaZn0.4Ag0.2Sb0.95LiZnSb0.05_generalized_grouping_grouped_from_oqmd-3241062_rank_3,7.999999999893484,9.971817977428945,1.9718179775354603,9.314545318200231,0.8763635455378304,8,monoclinic,6,False,2,4.886229014067962,27.38427739044087,0.6243397403721541
CaZn0.4Ag0.2Sb0.95LiZnSb0.05_generalized_grouping_grouped_from_oqmd-5473064_rank_2,7.999999999989332,9.971811232772206,1.9718112327828736,9.314540821839282,0.8763605478999654,8,monoclinic,6,False,2,4.886229014067962,27.38427739044087,0.6243397403721541
CaZn0.4Ag0.2Sb0.95LiZnSb0.05_generalized_grouping_grouped_from_oqmd-5757776_rank_1,9.579430428687983,13.164159281070116,3.584728852382133,10.774342205480414,1.5932093549330713,1,triclinic,7,False,1,4.912187198429145,27.006196077327548,0.6240863132900809
CaZn0.4Ag0.2Sb_generalized_grouping_grouped_from_oqmd-3241062_rank_3,7.999999999892223,9.971818373752825,1.9718183738606019,9.314545404670454,0.8763636031837665,160,trigonal,3,False,6,4.869947429839208,27.711141954777265,0.6234816411684817
CaZn0.4Ag0.2Sb_generalized_grouping_grouped_from_oqmd-5473064_rank_2,7.999999999988154,9.971811283197969,1.9718112832098145,9.314540735368611,0.8763604902531548,160,trigonal,3,False,6,4.869947429839208,27.711141954777265,0.6234816411684817
CaZn0.4Ag0.2Sb_generalized_grouping_grouped_from_oqmd-5757776_rank_1,9.579432162627297,13.164159199648704,3.5847270370214073,10.774342208926045,1.593209352562543,38,orthorhombic,5,False,4,4.869947421568294,27.711142001840706,0.623481640109586
Cd2Cu3In3Te8,11.999999999999483,11.99999999999949,7.105427357601002e-15,11.999999999999488,1.973729821555834e-15,1,triclinic,7,False,1,8.986213047852564,20.6376948625622,0.6052118407319703
Ce0.25Fe3CoSb12,11.999999999999481,11.999999999999494,1.2434497875801753e-14,11.999999999999485,1.8207657603852566e-15,1,triclinic,7,False,1,8.431019865314994,20.818969308722064,0.6027528272228521
Ce0.2Bi1.8Te3,11.999999999999478,11.99999999999949,1.2434497875801753e-14,11.999999999999488,2.500057773970723e-15,1,triclinic,7,False,1,11.358580430137751,23.128300450270057,0.6117234494064152
Ce0.5Fe3CoSb12,11.999999999999481,11.99999999999949,8.881784197001252e-15,11.999999999999485,2.3684757858670005e-15,1,triclinic,7,False,1,8.338925182148843,21.100466561191027,0.6050595994208471
Ce0.75Fe3CoSb12,11.999999999999481,11.99999999999949,8.881784197001252e-15,11.999999999999487,1.7105658453483892e-15,1,triclinic,7,False,1,8.26899056211704,21.201975990457715,0.606573442109572
Ce1.25Fe3CoSb12,11.999999999999483,11.999999999999492,8.881784197001252e-15,11.999999999999487,1.907938827503973e-15,1,triclinic,7,False,1,8.071960756912134,21.85935551945167,0.6116320037425443
Ce1.5Fe3CoSb12,11.99999999999948,11.999999999999488,8.881784197001252e-15,11.999999999999485,2.039520815607695e-15,1,triclinic,7,False,1,8.071960756912134,21.85935551945167,0.6116320037425443
CeFe1.5Co2.5Sb12,11.999999999999478,11.999999999999492,1.4210854715202004e-14,11.999999999999488,2.2368937977632784e-15,1,triclinic,7,False,1,8.306293356655715,21.776450332144172,0.6120895495739872
CeFe2.5Co1.5Sb12,11.999999999999481,11.999999999999492,1.0658141036401503e-14,11.999999999999485,1.973729821555834e-15,1,triclinic,7,False,1,8.226135021558903,21.94247083595864,0.6114690161752359
CeFe2Co2Sb12,11.999999999999481,11.99999999999949,8.881784197001252e-15,11.999999999999485,2.2368937977632784e-15,1,triclinic,7,False,1,8.266101720315303,21.85935551945167,0.6117810450962183
CeFe3.5Co0.5Sb12,11.999999999999481,11.999999999999488,7.105427357601002e-15,11.999999999999485,1.8750433304780422e-15,1,triclinic,7,False,1,8.275604246892755,21.714409194200066,0.6086962863238523
CeFe3CoSb12,11.999999999999481,11.999999999999496,1.4210854715202004e-14,11.999999999999488,3.48692268474864e-15,1,triclinic,7,False,1,8.071960756912134,21.85935551945167,0.6116320037425443
CeFe4Sb12,11.999999999999481,11.999999999999496,1.4210854715202004e-14,11.999999999999488,2.7632217501781674e-15,1,triclinic,7,False,1,8.146870408574118,22.109333013500272,0.6108345478204161
CeFeCo3Sb12,11.99999999999948,11.99999999999949,1.0658141036401503e-14,11.999999999999485,1.973729821555834e-15,1,triclinic,7,False,1,8.190987870488561,21.611269373931222,0.6125450624274144
Co0.95Ni0.05GeTe_generalized_grouping_grouped_from_oqmd-3241062_rank_3,7.999999999893484,9.971817977428948,1.9718179775354638,9.314545318200231,0.876363545537831,216,cubic,1,False,192,6.725104797308274,21.331375935662052,0.4685002658554177
Co0.95Ni0.05GeTe_generalized_grouping_grouped_from_oqmd-5473064_rank_2,7.999999999989333,9.971811232772206,1.9718112327828727,9.314540821839282,0.8763605478999651,216,cubic,1,False,192,5.736497046626566,25.007550334653875,0.39962951841271793
Co0.95Ni0.05GeTe_generalized_grouping_grouped_from_oqmd-5757776_rank_1,9.579430433078603,13.164159280959256,3.584728847880653,10.774342208370546,1.5932093529324218,164,trigonal,3,True,12,8.668405968362627,16.54830698495123,0.6039140623876326
Co0.97Ni0.03GeTe_generalized_grouping_grouped_from_oqmd-3241062_rank_3,7.999999999893484,9.971817977428948,1.9718179775354638,9.314545318200231,0.876363545537831,216,cubic,1,False,192,6.725104797308274,21.331375935662052,0.4685002658554177
Co0.97Ni0.03GeTe_generalized_grouping_grouped_from_oqmd-5473064_rank_2,7.999999999989333,9.971811232772206,1.9718112327828727,9.314540821839282,0.8763605478999651,216,cubic,1,False,192,5.736497046626566,25.007550334653875,0.39962951841271793
Co0.97Ni0.03GeTe_generalized_grouping_grouped_from_oqmd-5757776_rank_1,9.579430433078603,13.164159280959256,3.584728847880653,10.774342208370546,1.5932093529324218,194,hexagonal,2,True,192,8.668907264565707,16.54830698495123,0.6039140623876326
Co0.99Ni0.01GeTe_generalized_grouping_grouped_from_oqmd-3241062_rank_3,7.999999999893484,9.971817977428948,1.9718179775354638,9.314545318200231,0.876363545537831,216,cubic,1,False,192,6.725104797308274,21.331375935662052,0.4685002658554177
Co0.99Ni0.01GeTe_generalized_grouping_grouped_from_oqmd-5473064_rank_2,7.999999999989333,9.971811232772206,1.9718112327828727,9.314540821839282,0.8763605478999651,216,cubic,1,False,192,5.736497046626566,25.007550334653875,0.39962951841271793
Co0.99Ni0.01GeTe_generalized_grouping_grouped_from_oqmd-5757776_rank_1,9.579430433078603,13.164159280959256,3.584728847880653,10.774342208370546,1.5932093529324218,194,hexagonal,2,True,192,8.668907264565707,16.54830698495123,0.6039140623876326
Co9S8,7.80451602453066,10.247049694187456,2.4425336696567967,9.025762053454843,1.2212393778507513,194,hexagonal,2,True,192,2.488769358262174,30.357585667201587,0.23873415138786727
CoAsSb_transmutation_transmuted_from_oqmd-3241062_rank_3,7.99999999989483,9.971818107134123,1.9718181072392928,9.314545404670476,0.8763636031837647,216,cubic,1,False,24,6.632770353112602,21.331375935662052,0.46014646265181347
CoAsSb_transmutation_transmuted_from_oqmd-3750974_rank_4,7.999999999996656,9.971809676302795,1.9718096763061395,9.31453978419915,0.8763598561349975,216,cubic,1,False,24,4.889350231473327,28.937611584131556,0.33919721231151795
CoAsSb_transmutation_transmuted_from_oqmd-5473064_rank_2,7.999999999988903,9.971811103066289,1.9718111030773855,9.314540735368631,0.8763604902531519,216,cubic,1,False,24,5.657735985951242,25.007550413890623,0.3925037445826277
CoAsSb_transmutation_transmuted_from_oqmd-5757776_rank_1,9.579434096693003,13.164157892836167,3.584723796143164,10.774342211133202,1.5932093510441163,194,hexagonal,2,True,24,8.878691133146651,15.93547019210426,0.6159565461177507
CoAsSb_transmutation_transmuted_from_oqmd-7001747_rank_5,7.999999999909052,9.971808898020026,1.9718088981109734,9.314539265311607,0.8763595102683693,216,cubic,1,False,24,5.229037079953747,27.057776744319884,0.3627628859917859
CoGeTe_transmutation_transmuted_from_oqmd-3241062_rank_3,7.99999999989483,9.971818107134123,1.9718181072392928,9.314545404670476,0.8763636031837647,216,cubic,1,False,24,6.725104797308274,21.331375935662052,0.4685002658554177
CoGeTe_transmutation_transmuted_from_oqmd-3750974_rank_4,7.999999999996656,9.971809676302795,1.9718096763061395,9.31453978419915,0.8763598561349975,216,cubic,1,False,24,4.957414616649758,28.937611584131556,0.3453552228339322
CoGeTe_transmutation_transmuted_from_oqmd-5473064_rank_2,7.999999999988903,9.971811103066289,1.9718111030773855,9.314540735368631,0.8763604902531519,216,cubic,1,False,24,5.7364970284504,25.007550413890623,0.39962951714648665
CoGeTe_transmutation_transmuted_from_oqmd-5757776_rank_1,9.579434092529755,13.164157892941285,3.5847238004115294,10.774342208392738,1.5932093529411597,194,hexagonal,2,True,24,8.668907264565707,16.54830698495123,0.6039140623876326
CoGeTe_transmutation_transmuted_from_oqmd-7001747_rank_5,7.999999999909052,9.971808898020026,1.9718088981109734,9.314539265311607,0.8763595102683693,216,cubic,1,False,24,5.301830227726383,27.057776744319884,0.3693487233394914
CoSb3.0,11.999999999999483,11.999999999999492,8.881784197001252e-15,11.999999999999488,2.3026847918151395e-15,12,monoclinic,6,True,4,8.68659165284527,20.162069095354322,0.6016853324611281
CoSi0.98Ge0.02_generalized_grouping_grouped_from_agm002068072_rank_3,7.80451602453066,10.247049694187456,2.4425336696567967,9.025762053454843,1.2212393778507513,194,hexagonal,2,True,192,2.3799314009685784,30.357585667201587,0.2615701168856485
CoSi0.98Ge0.02_generalized_grouping_grouped_from_oqmd-5395345_rank_2,9.646113141270112,9.66042960491903,0.014316463648917477,9.653267507269243,0.007143811451441828,194,hexagonal,2,True,192,3.1911235235376547,22.64060631124428,0.35072546742674254
CoSi0.995B0.005_generalized_grouping_grouped_from_agm002068072_rank_3,7.80451602453066,10.247049694187456,2.4425336696567967,9.025762053454843,1.2212393778507513,194,hexagonal,2,True,192,2.3799314009685784,30.357585667201587,0.2615701168856485
CoSi0.995B0.005_generalized_grouping_grouped_from_oqmd-5395345_rank_2,9.646113141270112,9.66042960491903,0.014316463648917477,9.653267507269243,0.007143811451441828,194,hexagonal,2,True,192,3.1911235235376547,22.64060631124428,0.35072546742674254
CoSi_transmutation_transmuted_from_agm002068072_rank_3,7.804522677273523,10.247001436745924,2.442478759472401,9.025762057009723,1.2212393797361998,194,hexagonal,2,True,24,2.379931398478985,30.357585698957987,0.26157011661202567
CoSi_transmutation_transmuted_from_agm004226516_rank_5,6.000000008550332,6.000000008550333,8.881784197001252e-16,6.000000008550332,4.440892098500626e-16,225,cubic,1,True,48,3.3498365758498747,21.56790928483927,0.36816907593902554
CoSi_transmutation_transmuted_from_agm004461667_rank_4,10.793991182669812,11.742736753657026,0.9487455709872137,11.458208908966597,0.34754194318382253,65,orthorhombic,5,True,16,4.106754214165706,17.592718633550902,0.45135930362647253
CoSi_transmutation_transmuted_from_oqmd-3052242_rank_1,11.008524522970818,12.144801723712721,1.1362772007419029,11.553246175290026,0.36843450710110653,57,orthorhombic,5,True,8,3.150603871308791,22.931785250728392,0.34627209109608187
CoSi_transmutation_transmuted_from_oqmd-5395345_rank_2,9.646113435606475,9.660428412808987,0.014314977202511514,9.653267500722176,0.007143811555440749,194,hexagonal,2,True,24,3.1911235191419896,22.64060634243095,0.3507254669436298
Cr1.3Mo6S8,11.00852452297082,12.144801723712725,1.1362772007419046,11.553246175290028,0.36843450710110637,6,monoclinic,6,False,2,4.369383823826372,22.931785250728392,0.36513014992947135
Cr2Ge2Te6,11.999999999999481,11.99999999999949,8.881784197001252e-15,11.999999999999485,1.907938827503973e-15,1,triclinic,7,False,1,9.520269163919618,18.03892708907445,0.6031709666617492
CrO0.09N0.9_generalized_grouping_grouped_from_agm002068072_rank_3,7.80451602453066,10.247049694187456,2.4425336696567967,9.025762053454843,1.2212393778507513,164,trigonal,3,True,12,1.8085601243878486,30.357585667201587,0.20800466448914676
CrO0.09N0.9_generalized_grouping_grouped_from_oqmd-5395345_rank_2,9.646113141270112,9.66042960491903,0.014316463648917477,9.653267507269243,0.007143811451441828,187,hexagonal,2,False,12,2.4250021468339154,22.64060631124428,0.27890239928206956
CrSe3,11.99999999999948,11.99999999999949,1.0658141036401503e-14,11.999999999999485,2.1711028037114174e-15,71,orthorhombic,5,True,8,9.45198683716438,12.643683796219928,0.6089142175882428
CsBi4Te6,11.008524523751216,12.144801723469827,1.1362771997186112,11.55324617566852,0.3684345067007409,6,monoclinic,6,False,2,9.704592241161688,27.711141973784382,0.686766001262242
CsNd2Ag3Te5,11.999999999999481,11.99999999999949,8.881784197001252e-15,11.999999999999487,2.434266779918862e-15,1,triclinic,7,False,1,6.993975715137576,29.90576108532491,0.6803806284953142
CsPr2Ag3Te5,11.999999999999481,11.999999999999492,1.0658141036401503e-14,11.999999999999488,2.8948037382818895e-15,1,triclinic,7,False,1,6.9596901222697864,29.90576108532491,0.6803806284953142
CsSm2Ag3Te5,11.999999999999478,11.999999999999492,1.4210854715202004e-14,11.999999999999487,1.907938827503973e-15,1,triclinic,7,False,1,7.056884305167158,29.90576108532491,0.6803806284953142
CsTb2Ag3Te5,11.99999999999948,11.99999999999949,1.0658141036401503e-14,11.999999999999488,2.039520815607695e-15,1,triclinic,7,False,1,7.395050778997461,28.89437943268001,0.6780946587269474
Cu0.001Pb0.999TeMnTe0.03_generalized_grouping_grouped_from_agm002068072_rank_3,7.80451602453066,10.247049694187456,2.4425336696567967,9.025762053454843,1.2212393778507513,194,hexagonal,2,True,192,9.156664933256929,30.357585667201587,0.5916653779727193
Cu0.001Pb0.999TeMnTe0.03_generalized_grouping_grouped_from_oqmd-5395345_rank_2,9.646113139204152,9.660429602925337,0.014316463721185002,9.653267505239409,0.00714381148757276,194,hexagonal,2,True,192,9.720917219408792,28.595474466360468,0.6281249999629789
Cu0.002Pb0.998TeMnTe0.03_generalized_grouping_grouped_from_agm002068072_rank_3,7.80451602453066,10.247049694187456,2.4425336696567967,9.025762053454843,1.2212393778507513,194,hexagonal,2,True,192,9.156664933256929,30.357585667201587,0.5916653779727193
Cu0.002Pb0.998TeMnTe0.03_generalized_grouping_grouped_from_oqmd-5395345_rank_2,9.646113139204152,9.660429602925337,0.014316463721185002,9.653267505239409,0.00714381148757276,194,hexagonal,2,True,192,9.720917219408792,28.595474466360468,0.6281249999629789
Cu0.003Pb0.997TeMnTe0.03_generalized_grouping_grouped_from_agm002068072_rank_3,7.804516024530661,10.247049694187451,2.4425336696567905,9.025762053454843,1.2212393778507513,164,trigonal,3,True,12,9.02060039310474,30.357585667201587,0.5783501473350404
Cu0.003Pb0.997TeMnTe0.03_generalized_grouping_grouped_from_oqmd-5395345_rank_2,9.646113138930664,9.660429602661424,0.014316463730759565,9.653267504970714,0.0071438114923546014,187,hexagonal,2,False,12,9.804469791410746,27.930490381353565,0.6286074431075308
Cu0.004Pb0.996TeMnTe0.03_generalized_grouping_grouped_from_agm002068072_rank_3,7.804516024530661,10.247049694187451,2.4425336696567905,9.025762053454843,1.2212393778507513,164,trigonal,3,True,12,9.02060039310474,30.357585667201587,0.5783501473350404
Cu0.004Pb0.996TeMnTe0.03_generalized_grouping_grouped_from_oqmd-5395345_rank_2,9.646113138930664,9.660429602661424,0.014316463730759565,9.653267504970714,0.0071438114923546014,187,hexagonal,2,False,12,9.804469791410746,27.930490381353565,0.6286074431075308
Cu0.005Pb0.995TeMnTe0.03_generalized_grouping_grouped_from_agm002068072_rank_3,7.804516024530661,10.247049694187451,2.4425336696567905,9.025762053454843,1.2212393778507513,164,trigonal,3,True,12,9.02060039310474,30.357585667201587,0.5783501473350404
Cu0.005Pb0.995TeMnTe0.03_generalized_grouping_grouped_from_oqmd-5395345_rank_2,9.646113138930664,9.660429602661424,0.014316463730759565,9.653267504970714,0.0071438114923546014,187,hexagonal,2,False,12,9.804469791410746,27.930490381353565,0.6286074431075308
Cu0.3Co4Sb11.1Te0.9,11.99999999999948,11.999999999999492,1.2434497875801753e-14,11.999999999999488,2.0539125955565396e-15,8,monoclinic,6,False,2,8.758874515497245,20.002721406005737,0.6017073788762202
Cu0.3Co4Sb11.3Te0.7,11.999999999999483,11.999999999999492,8.881784197001252e-15,11.999999999999488,2.220446049250313e-15,8,monoclinic,6,False,2,8.736874110555068,20.03574738042034,0.6017106573726989
Cu0.3Co4Sb11.5Te0.5,11.999999999999481,11.999999999999492,1.0658141036401503e-14,11.999999999999487,1.8596235662471372e-15,44,orthorhombic,5,False,4,8.714930344855954,20.06880967061451,0.6017128362393489
Cu0.3Co4Sb11.7Te0.3,11.999999999999481,11.99999999999949,8.881784197001252e-15,11.999999999999488,2.609024107869118e-15,8,monoclinic,6,False,2,8.69304304924604,20.10190829650776,0.6017139202939026
Cu0.95Pb0.05FeO2,11.99999999999948,11.999999999999492,1.2434497875801753e-14,11.999999999999487,1.7763568394002505e-15,1,triclinic,7,False,1,5.206469799450287,12.643683803472666,0.48078835759351657
Cu0.9Pd0.1FeS2,11.999999999999481,11.99999999999949,8.881784197001252e-15,11.999999999999488,2.3314683517128287e-15,1,triclinic,7,False,1,6.142921329618147,12.643683808307825,0.5986510674510339
Cu1.02Fe0.98S2,11.99999999999948,11.999999999999488,8.881784197001252e-15,11.999999999999485,2.2368937977632784e-15,1,triclinic,7,False,1,6.092813354401816,12.643683796219928,0.6065230646899852
Cu1.55S_generalized_grouping_grouped_from_oqmd-3241062_rank_3,7.999999999892575,9.971818280075219,1.971818280182644,9.314545375847054,0.8763635839684566,156,trigonal,3,False,6,3.9937077620575345,21.331375927743437,0.3716160583200952
Cu1.55S_generalized_grouping_grouped_from_oqmd-5473064_rank_2,7.99999999998844,9.971811275991849,1.9718112760034083,9.31454076419218,0.8763605094687645,156,trigonal,3,False,6,3.4066224107524126,25.007550396282465,0.31698753837123494
Cu1.55S_generalized_grouping_grouped_from_oqmd-5757776_rank_1,9.579433971605818,13.164158013859176,3.5847240422533577,10.774342207816472,1.5932093533303522,25,orthorhombic,5,False,4,6.205710164077947,13.727885989766337,0.5774437409169586
Cu1.5S_generalized_grouping_grouped_from_agm002068072_rank_3,7.80451824297736,10.247026131846274,2.4425078888689145,9.02576205633863,1.2212393793944327,12,monoclinic,6,True,4,2.7871268928024904,30.357585698957983,0.2588846484667952
Cu1.5S_generalized_grouping_grouped_from_oqmd-3052242_rank_1,11.008524523511989,12.144801257879857,1.1362767343678684,11.553246236786906,0.36843448570031195,6,monoclinic,6,False,2,3.6896579388399156,22.931785250728392,0.34271701117232956
Cu1.5S_generalized_grouping_grouped_from_oqmd-5395345_rank_2,9.646110007511389,9.660429832754385,0.014319825242996131,9.653267500715119,0.007143811559693259,38,orthorhombic,5,False,4,3.737110315086966,22.64060634243095,0.3471246654400116
Cu1.6S_generalized_grouping_grouped_from_oqmd-3241062_rank_3,7.999999999892575,9.971818280075219,1.971818280182644,9.314545375847054,0.8763635839684566,156,trigonal,3,False,6,3.9937077620575345,21.331375927743437,0.3716160583200952
Cu1.6S_generalized_grouping_grouped_from_oqmd-5473064_rank_2,7.99999999998844,9.971811275991849,1.9718112760034083,9.31454076419218,0.8763605094687645,156,trigonal,3,False,6,3.4066224107524126,25.007550396282465,0.31698753837123494
Cu1.6S_generalized_grouping_grouped_from_oqmd-5757776_rank_1,9.579433971605818,13.164158013859176,3.5847240422533577,10.774342207816472,1.5932093533303522,25,orthorhombic,5,False,4,6.205710164077947,13.727885989766337,0.5774437409169586
Cu1.71Zn0.09S_generalized_grouping_grouped_from_oqmd-3241062_rank_3,7.999999999893484,9.971817977428946,1.971817977535462,9.314545318200231,0.8763635455378301,160,trigonal,3,False,6,4.0337870781326695,21.331375935662052,0.3755989786370784
Cu1.71Zn0.09S_generalized_grouping_grouped_from_oqmd-5473064_rank_2,7.999999999989333,9.971811232772206,1.9718112327828727,9.314540821839282,0.8763605478999651,160,trigonal,3,False,6,3.4408099736512923,25.007550334653875,0.3203849600276777
Cu1.71Zn0.09S_generalized_grouping_grouped_from_oqmd-5757776_rank_1,9.57943043221756,13.164159280980996,3.5847288487634366,10.774342207803763,1.5932093533247682,8,monoclinic,6,False,2,6.3473210762592345,13.727885989766337,0.5929161111000618
Cu1.77Zn0.03S_generalized_grouping_grouped_from_oqmd-3241062_rank_3,7.999999999893485,9.971817977428946,1.9718179775354612,9.314545318200231,0.8763635455378301,216,cubic,1,False,24,4.027744366888271,21.331375935662052,0.3755989786370784
Cu1.77Zn0.03S_generalized_grouping_grouped_from_oqmd-5473064_rank_2,7.999999999989333,9.971811232772206,1.9718112327828727,9.314540821839282,0.8763605478999651,216,cubic,1,False,24,3.43565555654526,25.007550334653875,0.3203849600276777
Cu1.77Zn0.03S_generalized_grouping_grouped_from_oqmd-5757776_rank_1,9.57943043221756,13.164159280980996,3.5847288487634366,10.77434220780376,1.5932093533247675,8,monoclinic,6,False,2,6.342626276735076,13.727885989766337,0.5929161111000618
Cu1.79Zn0.01S_generalized_grouping_grouped_from_oqmd-3241062_rank_3,7.999999999893485,9.971817977428946,1.9718179775354612,9.314545318200231,0.8763635455378301,216,cubic,1,False,24,4.027744366888271,21.331375935662052,0.3755989786370784
Cu1.79Zn0.01S_generalized_grouping_grouped_from_oqmd-5473064_rank_2,7.999999999989333,9.971811232772206,1.9718112327828727,9.314540821839282,0.8763605478999651,216,cubic,1,False,24,3.43565555654526,25.007550334653875,0.3203849600276777
Cu1.79Zn0.01S_generalized_grouping_grouped_from_oqmd-5757776_rank_1,9.579430432217562,13.164159280980998,3.5847288487634366,10.774342207803763,1.5932093533247678,187,hexagonal,2,False,12,6.337931477210917,13.727885989766337,0.5929161111000618
Cu1.7Se_generalized_grouping_grouped_from_oqmd-3241062_rank_3,7.999999999893485,9.971817977428946,1.9718179775354612,9.314545318200231,0.8763635455378301,216,cubic,1,False,24,5.396695786241237,21.331375935662052,0.41395508558428334
Cu1.7Se_generalized_grouping_grouped_from_oqmd-5473064_rank_2,7.999999999989333,9.971811232772206,1.9718112327828727,9.314540821839282,0.8763605478999651,216,cubic,1,False,24,4.603367586436109,25.007550334653875,0.35310262032507567
Cu1.7Se_generalized_grouping_grouped_from_oqmd-5757776_rank_1,9.579430431747864,13.164159280992854,3.584728849244989,10.774342207494586,1.5932093535387903,187,hexagonal,2,False,24,7.955709083555585,14.469979409461496,0.6102449285659443
Cu1.85Ag0.15SnSe3,11.999999999999481,11.99999999999949,8.881784197001252e-15,11.999999999999488,2.257453483404485e-15,1,triclinic,7,False,1,9.406862285967277,14.363843070249665,0.6190350060774017
Cu1.85Se_generalized_grouping_grouped_from_oqmd-3241062_rank_3,7.999999999893484,9.971817977428948,1.9718179775354638,9.314545318200231,0.876363545537831,216,cubic,1,False,192,5.346699891919628,21.331375935662052,0.4216420572882855
Cu1.85Se_generalized_grouping_grouped_from_oqmd-5473064_rank_2,7.999999999989332,9.971811232772206,1.9718112327828736,9.314540821839282,0.876360547899966,216,cubic,1,False,192,4.560721217529835,25.007550334653875,0.35965958736225256
Cu1.85Se_generalized_grouping_grouped_from_oqmd-5757776_rank_1,9.579430428377142,13.164159281077968,3.5847288527008256,10.774342205275799,1.593209355074712,187,hexagonal,2,False,12,7.84172638722664,14.612306061182707,0.6099118342699565
Cu1.875Ag0.125SnSe3,11.999999999999481,11.999999999999496,1.4210854715202004e-14,11.999999999999488,2.3684757858670005e-15,1,triclinic,7,False,1,9.406862285967277,14.363843070249665,0.6190350060774017
Cu1.8S_generalized_grouping_grouped_from_oqmd-3241062_rank_3,7.999999999893485,9.971817977428946,1.9718179775354612,9.314545318200231,0.8763635455378301,216,cubic,1,False,24,4.027744366888271,21.331375935662052,0.3755989786370784
Cu1.8S_generalized_grouping_grouped_from_oqmd-5473064_rank_2,7.999999999989333,9.971811232772206,1.9718112327828727,9.314540821839282,0.8763605478999651,216,cubic,1,False,24,3.43565555654526,25.007550334653875,0.3203849600276777
Cu1.8S_generalized_grouping_grouped_from_oqmd-5757776_rank_1,9.579430432217562,13.164159280980998,3.5847288487634366,10.774342207803763,1.5932093533247678,187,hexagonal,2,False,12,6.337931477210917,13.727885989766337,0.5929161111000618
Cu1.8Se_generalized_grouping_grouped_from_oqmd-3241062_rank_3,7.999999999893485,9.971817977428946,1.9718179775354612,9.314545318200231,0.8763635455378301,216,cubic,1,False,24,5.396695786241237,21.331375935662052,0.41395508558428334
Cu1.8Se_generalized_grouping_grouped_from_oqmd-5473064_rank_2,7.999999999989333,9.971811232772206,1.9718112327828727,9.314540821839282,0.8763605478999651,216,cubic,1,False,24,4.603367586436109,25.007550334653875,0.35310262032507567
Cu1.8Se_generalized_grouping_grouped_from_oqmd-5757776_rank_1,9.579430428377142,13.164159281077968,3.5847288527008256,10.774342205275799,1.593209355074712,187,hexagonal,2,False,12,7.84172638722664,14.612306061182707,0.6099118342699565
Cu1.925Ag0.075SnSe3,11.999999999999481,11.999999999999492,1.0658141036401503e-14,11.999999999999488,2.7977620220553944e-15,1,triclinic,7,False,1,9.392870418177905,14.279308657538177,0.6179823485465205
Cu1.95In0.05Se_generalized_grouping_grouped_from_oqmd-3241062_rank_3,7.999999999893484,9.971817977428948,1.9718179775354638,9.314545318200231,0.876363545537831,216,cubic,1,False,192,5.346699891919628,21.331375935662052,0.4216420572882855
Cu1.95In0.05Se_generalized_grouping_grouped_from_oqmd-5473064_rank_2,7.999999999989332,9.971811232772206,1.9718112327828736,9.314540821839282,0.876360547899966,216,cubic,1,False,192,4.560721217529835,25.007550334653875,0.35965958736225256
Cu1.95In0.05Se_generalized_grouping_grouped_from_oqmd-5757776_rank_1,9.579430430333593,13.16415928102857,3.5847288506949777,10.77434220656365,1.593209354183221,164,trigonal,3,True,12,7.77369913597613,14.899753111846566,0.6110481389492488
Cu1.95S0.5Se0.5_generalized_grouping_grouped_from_oqmd-3241062_rank_3,7.999999999893485,9.971817977428946,1.9718179775354612,9.314545318200231,0.8763635455378301,160,trigonal,3,False,24,4.738277038873865,21.331375935662052,0.40459489864508336
Cu1.95S0.5Se0.5_generalized_grouping_grouped_from_oqmd-5473064_rank_2,7.999999999989332,9.971811232772206,1.9718112327828736,9.314540821839282,0.876360547899966,160,trigonal,3,False,24,4.041738093133902,25.007550334653875,0.34511840500785346
Cu1.95S0.5Se0.5_generalized_grouping_grouped_from_oqmd-5757776_rank_1,9.579430431937665,13.16415928098807,3.5847288490504052,10.774342207619533,1.5932093534523013,187,hexagonal,2,False,96,7.266325635969527,13.909914565788377,0.6204614588989895
Cu1.975S0.5Se0.5_generalized_grouping_grouped_from_oqmd-3241062_rank_3,7.999999999893485,9.971817977428946,1.9718179775354612,9.314545318200231,0.8763635455378301,160,trigonal,3,False,24,4.738277038873865,21.331375935662052,0.40459489864508336
Cu1.975S0.5Se0.5_generalized_grouping_grouped_from_oqmd-5473064_rank_2,7.999999999989332,9.971811232772206,1.9718112327828736,9.314540821839282,0.876360547899966,160,trigonal,3,False,24,4.041738093133902,25.007550334653875,0.34511840500785346
Cu1.975S0.5Se0.5_generalized_grouping_grouped_from_oqmd-5757776_rank_1,9.579430431937665,13.16415928098807,3.5847288490504052,10.774342207619533,1.5932093534523013,187,hexagonal,2,False,96,7.266325635969527,13.909914565788377,0.6204614588989895
Cu1.97In0.03Se_generalized_grouping_grouped_from_oqmd-3241062_rank_3,7.999999999893484,9.971817977428948,1.9718179775354638,9.314545318200231,0.876363545537831,216,cubic,1,False,192,5.346699891919628,21.331375935662052,0.4216420572882855
Cu1.97In0.03Se_generalized_grouping_grouped_from_oqmd-5473064_rank_2,7.999999999989332,9.971811232772206,1.9718112327828736,9.314540821839282,0.876360547899966,216,cubic,1,False,192,4.560721217529835,25.007550334653875,0.35965958736225256
Cu1.97In0.03Se_generalized_grouping_grouped_from_oqmd-5757776_rank_1,9.579430429620816,13.164159281046556,3.5847288514257407,10.77434220609445,1.5932093545080124,194,hexagonal,2,True,192,7.729455384790847,14.755562938382548,0.6095467364993865
Cu1.97Se_generalized_grouping_grouped_from_oqmd-3241062_rank_3,7.999999999893484,9.971817977428948,1.9718179775354638,9.314545318200231,0.876363545537831,216,cubic,1,False,192,5.346699891919628,21.331375935662052,0.4216420572882855
Cu1.97Se_generalized_grouping_grouped_from_oqmd-5473064_rank_2,7.999999999989332,9.971811232772206,1.9718112327828736,9.314540821839282,0.876360547899966,216,cubic,1,False,192,4.560721217529835,25.007550334653875,0.35965958736225256
Cu1.97Se_generalized_grouping_grouped_from_oqmd-5757776_rank_1,9.579430429620816,13.164159281046556,3.5847288514257407,10.77434220609445,1.5932093545080124,194,hexagonal,2,True,192,7.729455384790847,14.755562938382548,0.6095467364993865
Cu1.98Ag0.2Se_generalized_grouping_grouped_from_oqmd-3241062_rank_3,7.999999999893484,9.971817977428946,1.971817977535462,9.314545318200231,0.8763635455378306,216,cubic,1,False,24,5.490460630683168,21.331375935662052,0.4350247109267726
Cu1.98Ag0.2Se_generalized_grouping_grouped_from_oqmd-5473064_rank_2,7.999999999989332,9.971811232772206,1.9718112327828736,9.314540821839282,0.8763605478999651,216,cubic,1,False,24,4.683348756905575,25.007550334653875,0.37107495639916843
Cu1.98Ag0.2Se_generalized_grouping_grouped_from_oqmd-5757776_rank_1,9.579430430994462,13.164159281011875,3.584728850017413,10.774342206998659,1.5932093538820906,38,orthorhombic,5,False,4,7.645831286420058,15.448829816061844,0.6152179687876597
Cu1.98Ag0.2Te_generalized_grouping_grouped_from_oqmd-3241062_rank_3,7.999999999893484,9.971817977428946,1.971817977535462,9.314545318200231,0.8763635455378306,216,cubic,1,False,24,6.752586126883013,21.331375935662052,0.5150854007869765
Cu1.98Ag0.2Te_generalized_grouping_grouped_from_oqmd-5473064_rank_2,7.999999999989332,9.971811232772206,1.9718112327828736,9.314540821839282,0.8763605478999651,216,cubic,1,False,24,5.759938549873617,25.007550334653875,0.43936651835635415
Cu1.98Ag0.2Te_generalized_grouping_grouped_from_oqmd-5757776_rank_1,9.579430430294865,13.164159281029542,3.5847288507346775,10.774342206538146,1.59320935420087,38,orthorhombic,5,False,4,7.792409408064093,18.39730597900196,0.6036462400129865
Cu1.98S_generalized_grouping_grouped_from_oqmd-3241062_rank_3,7.999999999893484,9.971817977428948,1.9718179775354638,9.314545318200231,0.876363545537831,216,cubic,1,False,192,4.129854185828103,21.331375935662052,0.38754774000188114
Cu1.98S_generalized_grouping_grouped_from_oqmd-5473064_rank_2,7.999999999989332,9.971811232772206,1.9718112327828736,9.314540821839282,0.876360547899966,216,cubic,1,False,192,3.522754968737969,25.007550334653875,0.33057722265345435
Cu1.98S_generalized_grouping_grouped_from_oqmd-5757776_rank_1,9.579430432217562,13.164159280980998,3.5847288487634366,10.774342207803763,1.5932093533247678,194,hexagonal,2,True,192,6.417264265090699,13.727885989766337,0.6021995332099237
Cu1.98Se_generalized_grouping_grouped_from_oqmd-3241062_rank_3,7.999999999893484,9.971817977428948,1.9718179775354638,9.314545318200231,0.876363545537831,216,cubic,1,False,192,5.346699891919628,21.331375935662052,0.4216420572882855
Cu1.98Se_generalized_grouping_grouped_from_oqmd-5473064_rank_2,7.999999999989332,9.971811232772206,1.9718112327828736,9.314540821839282,0.876360547899966,216,cubic,1,False,192,4.560721217529835,25.007550334653875,0.35965958736225256
Cu1.98Se_generalized_grouping_grouped_from_oqmd-5757776_rank_1,9.579430429620816,13.164159281046556,3.5847288514257407,10.77434220609445,1.5932093545080124,194,hexagonal,2,True,192,7.729455384790847,14.755562938382548,0.6095467364993865
Cu1.99In0.01Se_generalized_grouping_grouped_from_oqmd-3241062_rank_3,7.999999999893484,9.971817977428948,1.9718179775354638,9.314545318200231,0.876363545537831,216,cubic,1,False,192,5.346699891919628,21.331375935662052,0.4216420572882855
Cu1.99In0.01Se_generalized_grouping_grouped_from_oqmd-5473064_rank_2,7.999999999989332,9.971811232772206,1.9718112327828736,9.314540821839282,0.876360547899966,216,cubic,1,False,192,4.560721217529835,25.007550334653875,0.35965958736225256
Cu1.99In0.01Se_generalized_grouping_grouped_from_oqmd-5757776_rank_1,9.579430429620816,13.164159281046556,3.5847288514257407,10.77434220609445,1.5932093545080124,194,hexagonal,2,True,192,7.729455384790847,14.755562938382548,0.6095467364993865
Cu1.99S0.5Se0.5_generalized_grouping_grouped_from_oqmd-3241062_rank_3,7.999999999893485,9.971817977428946,1.9718179775354612,9.314545318200231,0.8763635455378301,160,trigonal,3,False,24,4.738277038873865,21.331375935662052,0.40459489864508336
Cu1.99S0.5Se0.5_generalized_grouping_grouped_from_oqmd-5473064_rank_2,7.999999999989332,9.971811232772206,1.9718112327828736,9.314540821839282,0.876360547899966,160,trigonal,3,False,24,4.041738093133902,25.007550334653875,0.34511840500785346
Cu1.99S0.5Se0.5_generalized_grouping_grouped_from_oqmd-5757776_rank_1,9.579430431937665,13.16415928098807,3.5847288490504052,10.774342207619533,1.5932093534523013,187,hexagonal,2,False,96,7.266325635969527,13.909914565788377,0.6204614588989895
Cu1.99Se_generalized_grouping_grouped_from_oqmd-3241062_rank_3,7.999999999893484,9.971817977428948,1.9718179775354638,9.314545318200231,0.876363545537831,216,cubic,1,False,192,5.346699891919628,21.331375935662052,0.4216420572882855
Cu1.99Se_generalized_grouping_grouped_from_oqmd-5473064_rank_2,7.999999999989332,9.971811232772206,1.9718112327828736,9.314540821839282,0.876360547899966,216,cubic,1,False,192,4.560721217529835,25.007550334653875,0.35965958736225256
Cu1.99Se_generalized_grouping_grouped_from_oqmd-5757776_rank_1,9.579430429620816,13.164159281046556,3.5847288514257407,10.77434220609445,1.5932093545080124,194,hexagonal,2,True,192,7.729455384790847,14.755562938382548,0.6095467364993865
Cu1.9Ag0.1SnSe3,11.99999999999948,11.999999999999492,1.2434497875801753e-14,11.999999999999485,2.192690473634684e-15,1,triclinic,7,False,1,9.430758135363591,14.337390330039561,0.6185833893277303
Cu10.5Ni0.5ZnSb4S13,11.999999999999481,11.999999999999492,1.0658141036401503e-14,11.999999999999488,2.1094237467877974e-15,1,triclinic,7,False,1,7.545097272173327,12.643683808307825,0.6232870407750543
Cu10.5Ni1.3Zn0.2Sb4S13,11.999999999999481,11.999999999999519,3.730349362740526e-14,11.999999999999497,1.0231815394945442e-14,1,triclinic,7,False,1,7.541222872037639,12.643683802666807,0.6262898772037965
Cu10.5Ni1.5Sb4S13,11.999999999999481,11.999999999999492,1.0658141036401503e-14,11.999999999999487,2.3684757858670005e-15,1,triclinic,7,False,1,7.617212800565566,12.643683796219928,0.628952968464281
Cu10.5NiZn0.5Sb4S13,11.999999999999481,11.999999999999492,1.0658141036401503e-14,11.999999999999488,2.248201624865942e-15,1,triclinic,7,False,1,7.531316285332996,12.643683808307825,0.6232870407750543
Cu11.5Gd0.5Sb4S13,11.008524567202635,12.14480173088207,1.136277163679436,11.553246173071694,0.3684345089712419,1,triclinic,7,False,1,4.173893138891227,22.931785250728392,0.3434227375391245
Cu11.6Gd0.4Sb4S13,11.008524567202635,12.144801730882067,1.1362771636794324,11.553246173071694,0.3684345089712416,1,triclinic,7,False,1,4.1032128803853976,22.931785250728392,0.3370074108703598
Cu11.7Gd0.3Sb4S13,11.00852452578106,12.144801730882072,1.1362772051010115,11.553246173071635,0.3684345089712082,1,triclinic,7,False,1,4.094289595807108,22.931785250728392,0.3352420643023916
Cu11ZnSb4S13,11.999999999999481,11.999999999999492,1.0658141036401503e-14,11.999999999999487,2.1711028037114174e-15,1,triclinic,7,False,1,7.576822154955763,12.643683804278528,0.6271484835329374
Cu12Sb4S13,11.008524522970818,12.144801723712721,1.1362772007419029,11.553246175290026,0.36843450710110653,6,monoclinic,6,False,2,3.988622217108603,22.931785250728392,0.3294727972367336
Cu2.025Cd0.975SnSe4,11.999999999999481,11.999999999999488,7.105427357601002e-15,11.999999999999485,1.7105658453483892e-15,1,triclinic,7,False,1,9.432903305417003,14.628177513437064,0.6239517455342086
Cu2.05Cd0.95SnSe4,11.999999999999481,11.99999999999949,8.881784197001252e-15,11.999999999999485,2.2368937977632784e-15,1,triclinic,7,False,1,9.432903305417003,14.628177513437064,0.6239517455342086
Cu2.075Sn0.925S3,7.860108073326685,10.3943476840083,2.534239610681616,9.549601147114428,1.1263287158584943,2,triclinic,7,True,8,4.648408545695223,20.361785270909213,0.3761000483773478
Cu2.1Cd0.9SnSe4,11.999999999999481,11.99999999999949,8.881784197001252e-15,11.999999999999487,2.631639762074445e-15,1,triclinic,7,False,1,9.432903305417003,14.628177513437064,0.6239517455342086
Cu2.1Se_generalized_grouping_grouped_from_oqmd-3241062_rank_3,7.999999999893484,9.971817977428948,1.9718179775354638,9.314545318200231,0.876363545537831,216,cubic,1,False,192,5.346699891919628,21.331375935662052,0.4216420572882855
Cu2.1Se_generalized_grouping_grouped_from_oqmd-5473064_rank_2,7.999999999989332,9.971811232772206,1.9718112327828736,9.314540821839282,0.876360547899966,216,cubic,1,False,192,4.560721217529835,25.007550334653875,0.35965958736225256
Cu2.1Se_generalized_grouping_grouped_from_oqmd-5757776_rank_1,9.579430430333591,13.16415928102857,3.5847288506949795,10.77434220656365,1.5932093541832197,187,hexagonal,2,False,12,7.61886616167733,14.899753111846566,0.6091505012051825
Cu2.2Se_generalized_grouping_grouped_from_oqmd-3241062_rank_3,7.999999999893484,9.971817977428948,1.9718179775354638,9.314545318200231,0.876363545537831,216,cubic,1,False,192,5.346699891919628,21.331375935662052,0.4216420572882855
Cu2.2Se_generalized_grouping_grouped_from_oqmd-5473064_rank_2,7.999999999989332,9.971811232772206,1.9718112327828736,9.314540821839282,0.876360547899966,216,cubic,1,False,192,4.560721217529835,25.007550334653875,0.35965958736225256
Cu2.2Se_generalized_grouping_grouped_from_oqmd-5757776_rank_1,9.579430430333591,13.16415928102857,3.5847288506949795,10.77434220656365,1.5932093541832197,187,hexagonal,2,False,12,7.61886616167733,14.899753111846566,0.6091505012051825
Cu2.2Sn0.8Sb0.2Se3.2,11.999999999999481,11.999999999999488,7.105427357601002e-15,11.999999999999485,1.8750433304780422e-15,1,triclinic,7,False,1,9.48191008327011,13.909914562628588,0.6161953512719367
Cu2.5Sn0.5Sb0.5Se3.5,11.008524522970818,12.144801723712721,1.1362772007419029,11.553246175290026,0.36843450710110653,6,monoclinic,6,False,2,5.843742154927421,22.931785250728392,0.381522257370663
Cu2.7Ag0.3ErTe3,11.00852452297082,12.144801723712726,1.1362772007419064,11.553246175290028,0.36843450710110687,6,monoclinic,6,False,2,7.993130445362296,22.931785250728392,0.5539647540896483
Cu2.82Ag0.18SbSe4,11.99999999999948,11.999999999999494,1.4210854715202004e-14,11.999999999999488,2.294460917558657e-15,1,triclinic,7,False,1,9.276084796107115,14.223137027010162,0.6179405198970946
Cu2.88Ag0.12SbSe4,11.99999999999948,11.999999999999494,1.4210854715202004e-14,11.999999999999488,2.2870594307278226e-15,1,triclinic,7,False,1,9.27863327069835,14.15312993037848,0.6169630780496118
Cu2.8Sn0.2Sb0.8Se3.8,11.99999999999948,11.999999999999492,1.2434497875801753e-14,11.999999999999488,2.7755575615628914e-15,1,triclinic,7,False,1,9.274708008485527,14.048550575210205,0.6154597540052095
Cu2.9Ag0.1ErTe3,11.008524567202635,12.144801730882067,1.1362771636794324,11.553246173071694,0.3684345089712416,1,triclinic,7,False,1,8.049294639422198,22.931785250728392,0.5556603335143175
Cu22Sn10S32,7.860108073326685,10.3943476840083,2.534239610681616,9.549601147114428,1.1263287158584943,2,triclinic,7,True,8,4.648408545695223,20.361785270909213,0.3761000483773478
Cu22Sn9.25Sb0.75S32,11.999999999999481,11.999999999999492,1.0658141036401503e-14,11.99999999999949,4.014566457044566e-15,1,triclinic,7,False,1,7.327855599575572,12.643683805890246,0.5975971005906957
Cu22Sn9SbS32,11.999999999999481,11.999999999999496,1.4210854715202004e-14,11.999999999999488,2.609024107869118e-15,1,triclinic,7,False,1,7.416734385576271,12.643683808307825,0.6036532780194117
Cu26Ti2Sb3Ge3S32,11.00852452297087,12.144801723712751,1.1362772007418815,11.553246175290083,0.3684345071011397,1,triclinic,7,False,1,3.6411240205312434,22.931785250728392,0.3177371709256005
Cu26Ti2Sb4Ge2S32,11.00852452297087,12.144801723712751,1.1362772007418815,11.553246175290084,0.3684345071011397,1,triclinic,7,False,1,3.7152257514670923,22.931785250728392,0.3219060748610215
Cu26V2Ge3Sb3S32,11.00852452297087,12.144801723712751,1.1362772007418815,11.553246175290083,0.3684345071011397,1,triclinic,7,False,1,3.645762167350508,22.931785250728392,0.31665784150644605
Cu26V2Ge4Sb2S32,11.00852452297087,12.14480172371275,1.1362772007418798,11.553246175290083,0.36843450710113945,1,triclinic,7,False,1,3.57166043641466,22.931785250728392,0.3124889375710251
Cu26V2Ge5SbS32,11.008524567202636,12.14480173088207,1.1362771636794342,11.553246173071694,0.36843450897124175,1,triclinic,7,False,1,3.525102086545465,22.931785250728392,0.3104044856033146
Cu26V2Ge6S32,11.00852452297087,12.14480172371275,1.1362772007418798,11.553246175290083,0.3684345071011394,1,triclinic,7,False,1,3.497558705478811,22.931785250728392,0.3083200336356042
Cu2CdSnSe4,11.999999999999481,11.99999999999949,8.881784197001252e-15,11.999999999999485,1.973729821555834e-15,1,triclinic,7,False,1,9.432903305417003,14.628177513437064,0.6239517455342086
Cu2HgSnSe0.8Te3.2,11.999999999999481,11.999999999999492,1.0658141036401503e-14,11.999999999999485,2.2368937977632784e-15,1,triclinic,7,False,1,10.291853454751177,18.185385880895446,0.607752840134999
Cu2HgSnSe2Te2,6.927991349921907,10.937525770520205,4.009534420598298,9.131049073022679,1.283941809550622,8,monoclinic,6,False,8,8.839764149601532,22.143841710980027,0.49745549595985655
Cu2HgSnSe3.2Te0.8,11.999999999999481,11.999999999999494,1.2434497875801753e-14,11.999999999999487,2.565848768022584e-15,1,triclinic,7,False,1,10.596870232315965,15.40359369042833,0.6189575959601811
Cu2HgSnSe4,11.999999999999481,11.99999999999949,8.881784197001252e-15,11.999999999999488,2.1711028037114174e-15,1,triclinic,7,False,1,10.683646847363622,14.43847728278735,0.6209036396174207
Cu2HgSnTe4,11.999999999999483,11.999999999999492,8.881784197001252e-15,11.999999999999488,1.8421478334521115e-15,1,triclinic,7,False,1,10.15763893315318,19.309174005971425,0.6018635566094102
Cu2Mo6Te8,11.99999999999948,11.99999999999949,1.0658141036401503e-14,11.999999999999485,2.565848768022584e-15,1,triclinic,7,False,1,9.170150764992467,19.693807729586844,0.6009316121943883
Cu2S.52Te.48_generalized_grouping_grouped_from_oqmd-3241062_rank_3,7.999999999894382,9.971818063899065,1.9718180640046823,9.314545375847063,0.8763635839684533,160,trigonal,3,False,6,5.369339786973788,21.331375935662052,0.44462524357518535
Cu2S.52Te.48_generalized_grouping_grouped_from_oqmd-5473064_rank_2,7.999999999989047,9.9718111463016,1.9718111463125538,9.314540764192186,0.8763605094687584,160,trigonal,3,False,6,4.580032979943327,25.007550387478375,0.3792641851853107
Cu2S.52Te.48_generalized_grouping_grouped_from_oqmd-5757776_rank_1,9.579432106711426,13.164158426867118,3.584726320155692,10.774342206003142,1.5932093545835861,187,hexagonal,2,False,8,7.467450327226852,15.337953451747952,0.6183659541688538
Cu2S.54Te.46_generalized_grouping_grouped_from_oqmd-3241062_rank_3,7.999999999894382,9.971818063899065,1.9718180640046823,9.314545375847063,0.8763635839684533,160,trigonal,3,False,6,5.369339786973788,21.331375935662052,0.44462524357518535
Cu2S.54Te.46_generalized_grouping_grouped_from_oqmd-5473064_rank_2,7.999999999989047,9.9718111463016,1.9718111463125538,9.314540764192186,0.8763605094687584,160,trigonal,3,False,6,4.580032979943327,25.007550387478375,0.3792641851853107
Cu2S.54Te.46_generalized_grouping_grouped_from_oqmd-5757776_rank_1,9.579432106711426,13.164158426867118,3.584726320155692,10.774342206003142,1.5932093545835861,187,hexagonal,2,False,8,7.467450327226852,15.337953451747952,0.6183659541688538
Cu2S.5Te.5_generalized_grouping_grouped_from_oqmd-3241062_rank_3,7.999999999894382,9.971818063899065,1.9718180640046823,9.314545375847063,0.8763635839684533,160,trigonal,3,False,6,5.369339786973788,21.331375935662052,0.44462524357518535
Cu2S.5Te.5_generalized_grouping_grouped_from_oqmd-5473064_rank_2,7.999999999989047,9.9718111463016,1.9718111463125538,9.314540764192186,0.8763605094687584,160,trigonal,3,False,6,4.580032979943327,25.007550387478375,0.3792641851853107
Cu2S.5Te.5_generalized_grouping_grouped_from_oqmd-5757776_rank_1,9.579432106711426,13.164158426867118,3.584726320155692,10.774342206003142,1.5932093545835861,187,hexagonal,2,False,8,7.467450327226852,15.337953451747952,0.6183659541688538
Cu2S0.5Se0.5_generalized_grouping_grouped_from_oqmd-3241062_rank_3,7.999999999894382,9.971818063899065,1.9718180640046823,9.314545375847063,0.8763635839684533,160,trigonal,3,False,6,4.738277038873865,21.331375935662052,0.40459489864508347
Cu2S0.5Se0.5_generalized_grouping_grouped_from_oqmd-5473064_rank_2,7.999999999989047,9.9718111463016,1.9718111463125538,9.314540764192186,0.8763605094687584,160,trigonal,3,False,6,4.041738084596368,25.007550387478375,0.34511840427884544
Cu2S0.5Se0.5_generalized_grouping_grouped_from_oqmd-5757776_rank_1,9.579432108649787,13.164158426818188,3.5847263181684017,10.774342207279082,1.59320935370034,187,hexagonal,2,False,8,7.266325620968413,13.909914594504984,0.620461457618065
Cu2S_generalized_grouping_grouped_from_oqmd-3241062_rank_3,7.99999999989483,9.971818107134123,1.9718181072392928,9.314545404670476,0.8763636031837647,216,cubic,1,False,24,4.129854185828103,21.331375935662052,0.38754774000188125
Cu2S_generalized_grouping_grouped_from_oqmd-5473064_rank_2,7.999999999988903,9.971811103066289,1.9718111030773855,9.314540735368631,0.8763604902531519,216,cubic,1,False,24,3.522754957576074,25.007550413890623,0.3305772216060162
Cu2S_generalized_grouping_grouped_from_oqmd-5757776_rank_1,9.579434091668714,13.164157892963022,3.5847238012943077,10.774342207825955,1.5932093533335063,194,hexagonal,2,True,24,6.417264265090699,13.727885989766337,0.6021995332099239
Cu2Se0.5S0.5_generalized_grouping_grouped_from_oqmd-3241062_rank_3,7.999999999894382,9.971818063899065,1.9718180640046823,9.314545375847063,0.8763635839684533,160,trigonal,3,False,6,4.738277038873865,21.331375935662052,0.40459489864508347
Cu2Se0.5S0.5_generalized_grouping_grouped_from_oqmd-5473064_rank_2,7.999999999989047,9.9718111463016,1.9718111463125538,9.314540764192186,0.8763605094687584,160,trigonal,3,False,6,4.041738084596368,25.007550387478375,0.34511840427884544
Cu2Se0.5S0.5_generalized_grouping_grouped_from_oqmd-5757776_rank_1,9.579432108649787,13.164158426818188,3.5847263181684017,10.774342207279082,1.59320935370034,187,hexagonal,2,False,8,7.266325620968413,13.909914594504984,0.620461457618065
Cu2Se0.7Bi0.88Pb0.06Ca0.06CuSeO0.3_generalized_grouping_grouped_from_oqmd-3241062_rank_3,7.999999999893486,9.971817977428946,1.9718179775354603,9.314545318200231,0.8763635455378305,1,triclinic,7,False,1,6.403431589493448,21.331375935662052,0.4327501200446943
Cu2Se0.7Bi0.88Pb0.06Ca0.06CuSeO0.3_generalized_grouping_grouped_from_oqmd-5473064_rank_2,7.999999999989332,9.971811232772206,1.9718112327828736,9.31454082183928,0.8763605478999651,1,triclinic,7,False,1,5.462110630024223,25.007550334653875,0.36913473624341
Cu2Se0.7Bi0.88Pb0.06Ca0.06CuSeO0.3_generalized_grouping_grouped_from_oqmd-5757776_rank_1,9.579430432217563,13.164159280981,3.5847288487634366,10.774342207803764,1.5932093533247684,38,orthorhombic,5,False,4,9.255960307251163,13.727885989766337,0.6456710265580649
Cu2Se0.7S0.3_generalized_grouping_grouped_from_oqmd-3241062_rank_3,7.999999999894266,9.971818136794772,1.971818136900506,9.314545404670476,0.876363603183764,156,trigonal,3,False,6,4.941084660224237,21.331375919824822,0.41027728516408984
Cu2Se0.7S0.3_generalized_grouping_grouped_from_oqmd-5473064_rank_2,7.999999999988717,9.97181113272694,1.9718111327382228,9.314540735368631,0.8763604902531544,156,trigonal,3,False,6,4.214732457545763,25.007550396282465,0.3499654649301987
Cu2Se0.7S0.3_generalized_grouping_grouped_from_oqmd-5757776_rank_1,9.579434064754755,13.164157912925907,3.5847238481711514,10.774342208926065,1.593209352562451,38,orthorhombic,5,False,4,7.428767726968274,14.188104704942434,0.6168391891097108
Cu2Se0.88S0.12_generalized_grouping_grouped_from_oqmd-3241062_rank_3,7.999999999893486,9.971817977428946,1.9718179775354603,9.314545318200231,0.8763635455378305,216,cubic,1,False,24,5.194594178658187,21.331375935662052,0.417380267627485
Cu2Se0.88S0.12_generalized_grouping_grouped_from_oqmd-5473064_rank_2,7.999999999989332,9.971811232772206,1.9718112327828736,9.314540821839282,0.876360547899966,216,cubic,1,False,24,4.430975436430852,25.007550334653875,0.3560242917736528
Cu2Se0.88S0.12_generalized_grouping_grouped_from_oqmd-5757776_rank_1,9.57943043005975,13.164159281035486,3.5847288509757362,10.774342206383382,1.593209354308005,187,hexagonal,2,False,24,7.620358862003871,14.541026645170499,0.6122879500978132
Cu2Se0.8Bi0.88Pb0.06Ca0.06CuSeO0.2_generalized_grouping_grouped_from_oqmd-3241062_rank_3,7.999999999893486,9.971817977428946,1.9718179775354603,9.314545318200231,0.8763635455378305,44,orthorhombic,5,False,4,5.459987591423307,21.331375935662052,0.40598481276772025
Cu2Se0.8Bi0.88Pb0.06Ca0.06CuSeO0.2_generalized_grouping_grouped_from_oqmd-5473064_rank_2,7.999999999989332,9.971811232772206,1.9718112327828736,9.314540821839282,0.8763605478999651,44,orthorhombic,5,False,4,4.657355333013371,25.007550334653875,0.34630399816957824
Cu2Se0.8Bi0.88Pb0.06Ca0.06CuSeO0.2_generalized_grouping_grouped_from_oqmd-5757776_rank_1,9.579430433654087,13.16415928094473,3.584728847290643,10.774342208749372,1.5932093526701887,6,monoclinic,6,False,2,8.935692437443263,13.840939908569206,0.6442352728568309
Cu2Se0.92I0.08_generalized_grouping_grouped_from_oqmd-3241062_rank_3,7.999999999893486,9.971817977428946,1.9718179775354603,9.314545318200231,0.8763635455378305,216,cubic,1,False,24,5.502209600977987,21.331375935662052,0.431649643520811
Cu2Se0.92I0.08_generalized_grouping_grouped_from_oqmd-5473064_rank_2,7.999999999989332,9.971811232772206,1.9718112327828736,9.314540821839282,0.876360547899966,216,cubic,1,False,24,4.693370598263959,25.007550334653875,0.36819603260690076
Cu2Se0.92I0.08_generalized_grouping_grouped_from_oqmd-5757776_rank_1,9.579430429498181,13.164159281049665,3.5847288515514837,10.774342206013742,1.5932093545638857,187,hexagonal,2,False,12,7.747154216063285,14.935946828393519,0.6093315094740827
Cu2Se0.92S0.08_generalized_grouping_grouped_from_oqmd-3241062_rank_3,7.999999999893486,9.971817977428946,1.9718179775354603,9.314545318200231,0.8763635455378305,216,cubic,1,False,24,5.194594178658187,21.331375935662052,0.417380267627485
Cu2Se0.92S0.08_generalized_grouping_grouped_from_oqmd-5473064_rank_2,7.999999999989332,9.971811232772206,1.9718112327828736,9.314540821839282,0.876360547899966,216,cubic,1,False,24,4.430975436430852,25.007550334653875,0.3560242917736528
Cu2Se0.92S0.08_generalized_grouping_grouped_from_oqmd-5757776_rank_1,9.579430427537885,13.164159281099158,3.5847288535612734,10.774342204723359,1.5932093554571305,187,hexagonal,2,False,12,7.675443773102993,14.648032955165222,0.6109182265623062
Cu2Se0.94S0.06_generalized_grouping_grouped_from_oqmd-3241062_rank_3,7.999999999893484,9.971817977428948,1.9718179775354638,9.314545318200231,0.876363545537831,216,cubic,1,False,192,5.346699891919628,21.331375935662052,0.4216420572882855
Cu2Se0.94S0.06_generalized_grouping_grouped_from_oqmd-5473064_rank_2,7.999999999989332,9.971811232772206,1.9718112327828736,9.314540821839282,0.876360547899966,216,cubic,1,False,192,4.560721217529835,25.007550334653875,0.35965958736225256
Cu2Se0.94S0.06_generalized_grouping_grouped_from_oqmd-5757776_rank_1,9.579430427537885,13.164159281099158,3.5847288535612734,10.774342204723359,1.5932093554571305,187,hexagonal,2,False,12,7.675443773102993,14.648032955165222,0.6109182265623062
Cu2Se0.96I0.04_generalized_grouping_grouped_from_oqmd-3241062_rank_3,7.999999999893484,9.971817977428948,1.9718179775354638,9.314545318200231,0.876363545537831,216,cubic,1,False,192,5.346699891919628,21.331375935662052,0.4216420572882855
Cu2Se0.96I0.04_generalized_grouping_grouped_from_oqmd-5473064_rank_2,7.999999999989332,9.971811232772206,1.9718112327828736,9.314540821839282,0.876360547899966,216,cubic,1,False,192,4.560721217529835,25.007550334653875,0.35965958736225256
Cu2Se0.96I0.04_generalized_grouping_grouped_from_oqmd-5757776_rank_1,9.579430429498181,13.164159281049665,3.5847288515514837,10.774342206013742,1.5932093545638857,187,hexagonal,2,False,12,7.747154216063285,14.935946828393519,0.6093315094740827
Cu2Se0.96S0.04_generalized_grouping_grouped_from_oqmd-3241062_rank_3,7.999999999893484,9.971817977428948,1.9718179775354638,9.314545318200231,0.876363545537831,216,cubic,1,False,192,5.346699891919628,21.331375935662052,0.4216420572882855
Cu2Se0.96S0.04_generalized_grouping_grouped_from_oqmd-5473064_rank_2,7.999999999989332,9.971811232772206,1.9718112327828736,9.314540821839282,0.876360547899966,216,cubic,1,False,192,4.560721217529835,25.007550334653875,0.35965958736225256
Cu2Se0.96S0.04_generalized_grouping_grouped_from_oqmd-5757776_rank_1,9.579430427537885,13.164159281099158,3.5847288535612734,10.774342204723359,1.5932093554571305,187,hexagonal,2,False,12,7.675443773102993,14.648032955165222,0.6109182265623062
Cu2Se0.98S0.02_generalized_grouping_grouped_from_oqmd-3241062_rank_3,7.999999999893484,9.971817977428948,1.9718179775354638,9.314545318200231,0.876363545537831,216,cubic,1,False,192,5.346699891919628,21.331375935662052,0.4216420572882855
Cu2Se0.98S0.02_generalized_grouping_grouped_from_oqmd-5473064_rank_2,7.999999999989332,9.971811232772206,1.9718112327828736,9.314540821839282,0.876360547899966,216,cubic,1,False,192,4.560721217529835,25.007550334653875,0.35965958736225256
Cu2Se0.98S0.02_generalized_grouping_grouped_from_oqmd-5757776_rank_1,9.579430429620816,13.164159281046556,3.5847288514257407,10.77434220609445,1.5932093545080124,194,hexagonal,2,True,192,7.729455384790847,14.755562938382548,0.6095467364993865
Cu2Se0.9Bi0.88Pb0.06Ca0.06CuSeO0.1_generalized_grouping_grouped_from_oqmd-3241062_rank_3,7.999999999893484,9.971817977428946,1.971817977535462,9.314545318200231,0.8763635455378306,216,cubic,1,False,24,5.614206794028198,21.331375935662052,0.4243482476992475
Cu2Se0.9Bi0.88Pb0.06Ca0.06CuSeO0.1_generalized_grouping_grouped_from_oqmd-5473064_rank_2,7.999999999989332,9.971811232772204,1.9718112327828718,9.31454082183928,0.8763605478999653,160,trigonal,3,False,6,4.788903915071178,25.007550334653875,0.3619679608029618
Cu2Se0.9Bi0.88Pb0.06Ca0.06CuSeO0.1_generalized_grouping_grouped_from_oqmd-5757776_rank_1,9.5794304335122,13.164159280948308,3.584728847436107,10.774342208655964,1.5932093527348457,8,monoclinic,6,False,2,8.224800576374898,14.01380563490846,0.629893847522858
Cu2Se0.9S0.1_generalized_grouping_grouped_from_oqmd-3241062_rank_3,7.999999999893486,9.971817977428946,1.9718179775354603,9.314545318200231,0.8763635455378305,216,cubic,1,False,24,5.194594178658187,21.331375935662052,0.417380267627485
Cu2Se0.9S0.1_generalized_grouping_grouped_from_oqmd-5473064_rank_2,7.999999999989332,9.971811232772206,1.9718112327828736,9.314540821839282,0.876360547899966,216,cubic,1,False,24,4.430975436430852,25.007550334653875,0.3560242917736528
Cu2Se0.9S0.1_generalized_grouping_grouped_from_oqmd-5757776_rank_1,9.57943043005975,13.164159281035486,3.5847288509757362,10.774342206383382,1.593209354308005,187,hexagonal,2,False,24,7.620358862003871,14.541026645170499,0.6122879500978132
Cu2Se_generalized_grouping_grouped_from_oqmd-3241062_rank_3,7.99999999989483,9.971818107134123,1.9718181072392928,9.314545404670476,0.8763636031837647,216,cubic,1,False,24,5.346699891919628,21.331375935662052,0.42164205728828574
Cu2Se_generalized_grouping_grouped_from_oqmd-5473064_rank_2,7.999999999988903,9.971811103066289,1.9718111030773855,9.314540735368631,0.8763604902531519,216,cubic,1,False,24,4.56072120307913,25.007550413890623,0.3596595862226667
Cu2Se_generalized_grouping_grouped_from_oqmd-5757776_rank_1,9.579434089071967,13.164157893028587,3.5847238039566207,10.774342206116643,1.593209354516751,194,hexagonal,2,True,24,7.729455384790847,14.755562938382548,0.6095467364993864
Cu2Sn0.8Zn0.2S3,11.999999999999481,11.999999999999494,1.2434497875801753e-14,11.999999999999487,2.1217595581725213e-15,1,triclinic,7,False,1,7.291492860483972,12.643683804278528,0.6002698697171472
Cu2Sn0.95Fe0.05Se3,11.999999999999478,11.999999999999496,1.7763568394002505e-14,11.99999999999949,4.064304448547773e-15,1,triclinic,7,False,1,9.346030104619736,14.206034054609102,0.6164848852519951
Cu2Sn0.95Zn0.05S3,11.99999999999948,11.999999999999494,1.4210854715202004e-14,11.99999999999949,4.320099833421409e-15,1,triclinic,7,False,1,7.456139259271799,12.643683805890246,0.6063193545640735
Cu2Sn0.9Zn0.1S3,11.999999999999483,11.999999999999492,8.881784197001252e-15,11.999999999999488,1.970645868709653e-15,1,triclinic,7,False,1,7.414298559830324,12.643683808307825,0.6036532780194117
Cu2SnS3,7.860108073326684,10.394347684008302,2.5342396106816185,9.549601147114428,1.1263287158584945,2,triclinic,7,True,4,4.648408545695223,20.361785270909213,0.3761000483773478
Cu2SnSe3,7.860108073326683,10.394347684008302,2.5342396106816194,9.549601147114428,1.126328715858495,2,triclinic,7,True,4,6.560593027579956,20.361785270909213,0.4296767870790194
Cu2Te_generalized_grouping_grouped_from_oqmd-3241062_rank_3,7.99999999989483,9.971818107134123,1.9718181072392928,9.314545404670476,0.8763636031837647,216,cubic,1,False,24,6.608825388119475,21.331375935662052,0.5017027471484894
Cu2Te_generalized_grouping_grouped_from_oqmd-5473064_rank_2,7.999999999988903,9.971811103066289,1.9718111030773855,9.314540735368631,0.8763604902531519,216,cubic,1,False,24,5.637310992635985,25.007550413890623,0.42795114796346956
Cu2Te_generalized_grouping_grouped_from_oqmd-5757776_rank_1,9.579434092147764,13.164157892950929,3.5847238008031646,10.77434220814129,1.5932093531152194,194,hexagonal,2,True,24,7.910755870229147,17.820716649550786,0.6005375719639535
Cu2Zn0.2Fe0.8SnSe4,11.999999999999481,11.999999999999492,1.0658141036401503e-14,11.999999999999488,2.3314683517128287e-15,1,triclinic,7,False,1,9.03464708043876,14.223137027010162,0.6166060424481751
Cu2Zn0.4Fe0.6SnSe4,11.999999999999481,11.999999999999492,1.0658141036401503e-14,11.999999999999487,2.039520815607695e-15,1,triclinic,7,False,1,9.151231629942243,14.002236691949232,0.6161316124023265
Cu2Zn0.6Fe0.4SnSe4,11.999999999999481,11.999999999999492,1.0658141036401503e-14,11.999999999999488,2.6974307561263064e-15,1,triclinic,7,False,1,9.233857256382723,13.940643392056339,0.615697478169701
Cu2Zn0.8Fe0.2SnSe4,11.99999999999948,11.999999999999494,1.4210854715202004e-14,11.999999999999483,2.9235872981795788e-15,1,triclinic,7,False,1,9.2182929712311,14.08335290046103,0.6156963113037952
Cu2ZnSn.85In0.15Se4,11.99999999999948,11.99999999999949,1.0658141036401503e-14,11.999999999999485,2.0816681711721685e-15,1,triclinic,7,False,1,9.223205698423815,14.100775607039326,0.6163145015911761
Cu2ZnSn.90In0.10Se4,11.99999999999948,11.999999999999494,1.4210854715202004e-14,11.999999999999485,2.176037128265307e-15,1,triclinic,7,False,1,9.231482873809131,14.090320267668384,0.6161445108094399
Cu2ZnSn0.925Ag0.075Se4,11.999999999999476,11.999999999999492,1.5987211554602254e-14,11.99999999999949,3.9790393202565614e-15,1,triclinic,7,False,1,9.231968684767244,14.045212575406294,0.6161069869919538
Cu2ZnSnSe4,11.999999999999483,11.999999999999492,8.881784197001252e-15,11.999999999999488,2.565848768022584e-15,1,triclinic,7,False,1,9.317094846540462,13.87923093124663,0.6152514741742756
Cu3.0SbSe4,11.99999999999948,11.99999999999949,1.0658141036401503e-14,11.999999999999487,2.3026847918151395e-15,1,triclinic,7,False,1,9.332874298142741,13.87923093124663,0.6152514741742756
Cu3ErTe3,11.00852452297082,12.144801723712725,1.1362772007419046,11.553246175290028,0.36843450710110637,6,monoclinic,6,False,2,7.859402768697604,22.931785250728392,0.5415160758616739
Cu3P0.6Ge0.4S4,11.008524522970818,12.144801723712721,1.1362772007419029,11.553246175290026,0.36843450710110653,6,monoclinic,6,False,2,3.292583463628283,22.931785250728392,0.2899509790520562
Cu3P0.7Ge0.3S4,11.00852452297087,12.144801723712751,1.1362772007418815,11.553246175290084,0.3684345071011397,31,orthorhombic,5,False,4,3.292583463628283,22.931785250728392,0.28995097905205613
Cu3P0.8Ge0.2S4,11.00852452297087,12.14480172371275,1.1362772007418798,11.553246175290083,0.3684345071011394,1,triclinic,7,False,1,3.2297263716619757,22.931785250728392,0.2863238804090182
Cu3P0.9Ge0.1S4,11.999999999999481,11.999999999999492,1.0658141036401503e-14,11.999999999999488,2.7533531010703883e-15,1,triclinic,7,False,1,5.8121369200644155,12.643683803472666,0.5166727909657521
Cu3Sb0.85Ge0.15S4,11.999999999999481,11.999999999999492,1.0658141036401503e-14,11.999999999999488,2.4702462297909733e-15,1,triclinic,7,False,1,7.133345452245488,12.643683808307825,0.5918923027748229
Cu3Sb0.90Ge0.10S4,11.99999999999948,11.999999999999492,1.2434497875801753e-14,11.999999999999487,1.9761969838327787e-15,1,triclinic,7,False,1,7.153505145063818,12.643683803472666,0.5930264709928428
Cu3Sb0.925Ge0.075S4,11.99999999999948,11.999999999999492,1.2434497875801753e-14,11.99999999999949,3.3963942769332787e-15,1,triclinic,7,False,1,7.127769821798793,12.643683805890246,0.5917499909463221
Cu3Sb0.92Ge0.08S4,11.999999999999478,11.999999999999494,1.5987211554602254e-14,11.99999999999949,4.352074256530614e-15,1,triclinic,7,False,1,7.249205228205943,12.643683805890246,0.5997463774051706
Cu3Sb0.94Ge0.06S4,11.999999999999478,11.999999999999517,3.907985046680551e-14,11.999999999999497,1.0539717247108153e-14,1,triclinic,7,False,1,7.20387897960839,12.643683802666807,0.5954683918307521
Cu3Sb0.9Ge0.1S4,11.99999999999948,11.999999999999492,1.2434497875801753e-14,11.999999999999487,1.9761969838327787e-15,1,triclinic,7,False,1,7.153505145063818,12.643683803472666,0.5930264709928428
Cu3Sb0.9Sn0.1Se4,11.99999999999948,11.999999999999492,1.2434497875801753e-14,11.999999999999485,1.9317880628477722e-15,1,triclinic,7,False,1,9.277712254625452,14.048550582126197,0.6154597537022222
Cu3SbS4,11.999999999999481,11.999999999999492,1.0658141036401503e-14,11.999999999999487,2.3684757858670005e-15,1,triclinic,7,False,1,7.0513921477464905,12.643683796219928,0.5858968785605592
Cu3SbSe4,11.999999999999483,11.99999999999949,7.105427357601002e-15,11.999999999999487,1.7105658453483892e-15,1,triclinic,7,False,1,9.332874298142741,13.87923093124663,0.6152514741742756
Cu3SnS40.85Ga2Te30.15,11.99999999999948,11.99999999999949,1.0658141036401503e-14,11.999999999999485,2.1711028037114174e-15,1,triclinic,7,False,1,7.966334174314744,12.643683796219928,0.6254636337346227
Cu3SnS40.875Ga2Te30.125,11.999999999999481,11.999999999999492,1.0658141036401503e-14,11.999999999999487,2.1711028037114174e-15,1,triclinic,7,False,1,7.688189302865806,12.643683804278528,0.6110921755794665
Cu3SnS40.895Ga2Te30.105,11.999999999999481,11.999999999999492,1.0658141036401503e-14,11.999999999999488,2.479498088329516e-15,1,triclinic,7,False,1,7.7237633463656,12.643683808307825,0.6198194424951383
Cu3SnS40.915Ga2Te30.085,11.99999999999948,11.999999999999492,1.2434497875801753e-14,11.999999999999488,2.220446049250313e-15,1,triclinic,7,False,1,7.7237633463656,12.643683808307825,0.6198194424951383
Cu4.0Mo6S8,7.999999999893484,9.971817977428948,1.9718179775354638,9.314545318200231,0.876363545537831,216,cubic,1,False,192,4.970423538704291,21.331375935662052,0.426052145365409
Cu5.133Sn1.866S6.3Cl0.7,11.999999999999481,11.999999999999488,7.105427357601002e-15,11.999999999999485,2.039520815607695e-15,1,triclinic,7,False,1,7.444823493992947,12.643683796219928,0.6110338925756666
Cu5.133Sn1.866S6.65Cl0.35,11.999999999999481,11.999999999999492,1.0658141036401503e-14,11.999999999999488,2.4054832200211726e-15,1,triclinic,7,False,1,7.193342966378712,12.643683808307825,0.5975631427310056
Cu5.133Sn1.866S7,11.999999999999481,11.99999999999949,8.881784197001252e-15,11.999999999999485,1.513192863192806e-15,1,triclinic,7,False,1,7.42834357360074,12.643683796219928,0.6110338925756666
Cu5Sn2S6.65Cl0.35,11.999999999999481,11.999999999999492,1.0658141036401503e-14,11.999999999999488,2.55351295663786e-15,1,triclinic,7,False,1,7.344277975027249,12.643683808307825,0.6016232329232765
Cu5Sn2S7,11.999999999999481,11.99999999999949,8.881784197001252e-15,11.999999999999487,1.973729821555834e-15,1,triclinic,7,False,1,7.42834357360074,12.643683796219928,0.6110338925756666
Cu5Sn2Se7,11.999999999999481,11.999999999999492,1.0658141036401503e-14,11.999999999999488,2.8290127442300285e-15,1,triclinic,7,False,1,9.221835063075709,14.25042423937027,0.6158576654180613
Cu5SnSbSe6.3,11.008524522970818,12.144801723712721,1.1362772007419029,11.553246175290028,0.36843450710110653,6,monoclinic,6,False,2,5.843742154927421,22.931785250728392,0.381522257370663
Cu5SnSbSe6.58,11.008524522970818,12.144801723712721,1.1362772007419029,11.553246175290026,0.36843450710110653,6,monoclinic,6,False,2,5.843742154927421,22.931785250728392,0.381522257370663
Cu5SnSbSe6.79,11.008524522970818,12.144801723712721,1.1362772007419029,11.553246175290028,0.36843450710110653,6,monoclinic,6,False,2,5.843742154927421,22.931785250728392,0.381522257370663
Cu5SnSbSe7,11.008524522970818,12.144801723712721,1.1362772007419029,11.553246175290028,0.36843450710110653,6,monoclinic,6,False,2,5.843742154927421,22.931785250728392,0.381522257370663
Cu7PS0.25Se0.756,11.999999999999481,11.999999999999492,1.0658141036401503e-14,11.999999999999487,2.3684757858670005e-15,1,triclinic,7,False,1,8.244243243749908,12.643683796219928,0.6217641720344308
Cu7PS0.55Se0.456,11.999999999999483,11.999999999999492,8.881784197001252e-15,11.999999999999487,1.7763568394002505e-15,1,triclinic,7,False,1,7.484945990708775,12.643683796219928,0.6141183110993336
Cu7PS0.5Se0.56,11.999999999999481,11.99999999999949,8.881784197001252e-15,11.999999999999487,2.105311809659556e-15,1,triclinic,7,False,1,7.559922818608864,12.643683796219928,0.6025904694166472
Cu7PS0.65Se0.356,11.99999999999948,11.99999999999949,1.0658141036401503e-14,11.999999999999485,2.039520815607695e-15,1,triclinic,7,False,1,7.103709201848169,12.643683796219928,0.5898080010047912
Cu7PS0.6Se0.46,11.999999999999481,11.999999999999492,1.0658141036401503e-14,11.999999999999485,2.105311809659556e-15,1,triclinic,7,False,1,7.331816010228516,12.643683796219928,0.5961992352107193
Cu7PS0.75Se0.256,11.999999999999481,11.99999999999949,8.881784197001252e-15,11.999999999999485,2.6974307561263064e-15,5,monoclinic,6,False,2,6.875602393467821,12.643683796219928,0.5834167667988635
Cu7PS6,11.008524522970818,12.144801723712721,1.1362772007419029,11.553246175290028,0.36843450710110653,6,monoclinic,6,False,2,3.455112455568522,22.931785250728392,0.3160413536583966
Cu7PSe6,11.008524522970818,12.144801723712721,1.1362772007419029,11.553246175290028,0.36843450710110653,6,monoclinic,6,False,2,4.870015009410791,22.931785250728392,0.35568494722046623
CuAgTe0.5Se0.5_generalized_grouping_grouped_from_oqmd-3241062_rank_3,7.999999999894382,9.971818063899065,1.9718180640046823,9.314545375847063,0.8763635839684533,160,trigonal,3,False,6,7.127848550127875,21.331375935662052,0.568733631326284
CuAgTe0.5Se0.5_generalized_grouping_grouped_from_oqmd-5473064_rank_2,7.999999999989047,9.971811146301599,1.971811146312552,9.314540764192186,0.8763605094687575,160,trigonal,3,False,6,6.080036416176665,25.007550387478375,0.48512831961141545
CuAgTe0.5Se0.5_generalized_grouping_grouped_from_oqmd-5757776_rank_1,9.579432103453247,13.164158426949404,3.5847263234961577,10.774342203858453,1.5932093560682195,187,hexagonal,2,False,8,7.796929339369923,19.50085866079279,0.6221198311368086
CuAgTe0.6Se0.4_generalized_grouping_grouped_from_oqmd-3241062_rank_3,7.999999999894382,9.971818063899065,1.9718180640046823,9.314545375847063,0.8763635839684533,160,trigonal,3,False,6,7.127848550127875,21.331375935662052,0.568733631326284
CuAgTe0.6Se0.4_generalized_grouping_grouped_from_oqmd-5473064_rank_2,7.999999999989047,9.971811146301599,1.971811146312552,9.314540764192186,0.8763605094687575,160,trigonal,3,False,6,6.080036416176665,25.007550387478375,0.48512831961141545
CuAgTe0.6Se0.4_generalized_grouping_grouped_from_oqmd-5757776_rank_1,9.579432103453247,13.164158426949404,3.5847263234961577,10.774342203858453,1.5932093560682195,187,hexagonal,2,False,8,7.796929339369923,19.50085866079279,0.6221198311368086
CuAgTe0.7Se0.3_generalized_grouping_grouped_from_oqmd-3241062_rank_3,7.999999999894267,9.971818136794772,1.971818136900505,9.314545404670476,0.8763636031837642,156,trigonal,3,False,6,7.3382028049426795,21.331375919824822,0.5820770800684741
CuAgTe0.7Se0.3_generalized_grouping_grouped_from_oqmd-5473064_rank_2,7.999999999988716,9.97181113272694,1.9718111327382237,9.31454073536863,0.8763604902531541,156,trigonal,3,False,6,6.259468045755295,25.007550396282465,0.4965102464054371
CuAgTe0.7Se0.3_generalized_grouping_grouped_from_oqmd-5757776_rank_1,9.579434060504436,13.164157913033218,3.584723852528782,10.774342206128289,1.5932093544991623,38,orthorhombic,5,False,4,7.7941514471425375,20.083515655258807,0.6182435994966533
CuCr0.95Mg0.05O2,11.99999999999948,11.999999999999494,1.4210854715202004e-14,11.999999999999487,1.865174681370263e-15,1,triclinic,7,False,1,4.798805569947733,12.643683803472666,0.46943891294843654
CuCr0.96Mg0.04O2,11.999999999999481,11.999999999999494,1.2434497875801753e-14,11.99999999999949,4.334310688136611e-15,1,triclinic,7,False,1,4.807897490759085,12.643683805890246,0.46891629487411807
CuCr0.97Mg0.03O2,11.999999999999478,11.999999999999519,4.085620730620576e-14,11.999999999999497,1.0267342531733448e-14,1,triclinic,7,False,1,4.825076349723994,12.643683802666807,0.46790625912625905
CuCrO2,11.99999999999948,11.99999999999949,1.0658141036401503e-14,11.999999999999485,2.039520815607695e-15,1,triclinic,7,False,1,4.945858077875,12.643683796219928,0.48146530797903275
CuFe0.92In0.08S2,11.999999999999481,11.999999999999492,1.0658141036401503e-14,11.999999999999488,2.609024107869118e-15,8,monoclinic,6,False,2,6.146630816565706,12.643683808307825,0.6017658019637082
CuFe0.96In0.04S2,11.999999999999481,11.999999999999494,1.2434497875801753e-14,11.99999999999949,3.765876499528531e-15,1,triclinic,7,False,1,6.103064463379134,12.643683805890246,0.5999397709065886
CuFe0.9Cr0.1O2,11.99999999999948,11.999999999999492,1.2434497875801753e-14,11.999999999999488,2.220446049250313e-15,1,triclinic,7,False,1,4.960106509912555,12.643683808307825,0.4668258228466143
CuFeS2,11.999999999999481,11.999999999999492,1.0658141036401503e-14,11.999999999999485,2.500057773970723e-15,1,triclinic,7,False,1,6.092813354401816,12.643683796219928,0.6065230646899852
CuGa0.97Mn0.03Te2,11.99999999999948,11.999999999999519,3.907985046680551e-14,11.999999999999499,1.0610771520684163e-14,1,triclinic,7,False,1,9.10476578340649,17.690638937957093,0.601626906956003
CuGaTe2,11.999999999999481,11.999999999999492,1.0658141036401503e-14,11.999999999999487,1.907938827503973e-15,1,triclinic,7,False,1,9.05417986070319,17.604273066124264,0.6016718751791875
CuIn5S8,11.999999999999481,11.999999999999492,1.0658141036401503e-14,11.999999999999488,2.631639762074445e-15,1,triclinic,7,False,1,8.321672331296401,12.97957038971499,0.6832080082364336
CuInTe2,11.99999999999948,11.999999999999492,1.2434497875801753e-14,11.999999999999488,1.973729821555834e-15,1,triclinic,7,False,1,8.833932925174148,20.24082709688637,0.6052201167647303
CuMo6Te8,11.008524522970818,12.144801723712721,1.1362772007419029,11.553246175290026,0.36843450710110653,26,orthorhombic,5,False,4,7.898025580493607,22.931785250728392,0.5200950258822269
CuRh0.96Mg0.04O2,11.99999999999948,11.999999999999492,1.2434497875801753e-14,11.999999999999488,3.197442310920451e-15,1,triclinic,7,False,1,6.412563642930204,12.643683805890246,0.44636503895715274
CuRh0.9Mg0.1O2,11.99999999999948,11.999999999999492,1.2434497875801753e-14,11.999999999999488,2.55351295663786e-15,1,triclinic,7,False,1,6.300732467086832,12.643683808307825,0.44964765543941065
CuRhO2,11.999999999999481,11.999999999999488,7.105427357601002e-15,11.999999999999487,1.8421478334521115e-15,1,triclinic,7,False,1,6.679293737410333,12.643683796219928,0.45710438335874176
Eu14MgBi11,11.0085245242073,12.144801723968861,1.1362771997615617,11.553246176203894,0.3684345068554151,31,orthorhombic,5,False,4,8.064588695073367,35.575727409862985,0.610352340525978
Eu2Zn0.96Sb2,7.999999999893484,9.971817977428948,1.9718179775354638,9.314545318200231,0.8763635455378308,216,cubic,1,False,192,7.220469566319812,25.99755186222484,0.6359303147900883
Eu2Zn0.98Sb2,7.999999999893484,9.971817977428948,1.9718179775354638,9.314545318200231,0.8763635455378308,216,cubic,1,False,192,7.220469566319812,25.99755186222484,0.6359303147900883
Eu2ZnSb2,7.999999999893484,9.971817977428948,1.9718179775354638,9.314545318200231,0.8763635455378308,216,cubic,1,False,192,7.220469566319812,25.99755186222484,0.6359303147900883
EuCd2Sb2,7.999999999893484,9.971817977428946,1.971817977535462,9.314545318200231,0.8763635455378301,216,cubic,1,False,192,7.245497343265982,29.49842377962514,0.6202639939043101
EuZn0.5Cd0.52Sb2,11.95692193782396,11.956921938173176,3.4921576741453464e-10,11.956921938027573,1.2665835047442897e-10,216,cubic,1,False,192,7.21035635418285,25.99755187208732,0.6269477359173671
EuZn0.7Cd0.32Sb2,11.99999999999948,11.99999999999949,1.0658141036401503e-14,11.999999999999487,1.907938827503973e-15,1,triclinic,7,False,1,7.6401715419738165,23.824715080729707,0.6254372735914653
EuZn0.9Cd0.12Sb2,7.999999999989005,9.971811219197551,1.9718112192085462,9.31454079301573,0.8763605286843638,8,monoclinic,6,False,2,7.266871350659099,25.580486842298374,0.6344369420765447
EuZn2Sb2,7.999999999893484,9.971817977428948,1.9718179775354638,9.314545318200231,0.8763635455378308,216,cubic,1,False,192,7.220469566319812,25.99755186222484,0.6359303147900883
Fe0.91Cr0.09Se2_generalized_grouping_grouped_from_oqmd-3241062_rank_3,7.999999999893484,9.971817977428948,1.9718179775354638,9.314545318200231,0.876363545537831,225,cubic,1,True,48,5.53435510572306,21.331375935662052,0.37871119988445423
Fe0.91Cr0.09Se2_generalized_grouping_grouped_from_oqmd-5473064_rank_2,7.999999999989333,9.971811232772206,1.9718112327828727,9.314540821839282,0.8763605478999651,216,cubic,1,False,24,4.720790630901405,25.007550334653875,0.3230396767246079
Fe0.91Cr0.09Se2_generalized_grouping_grouped_from_oqmd-5757776_rank_1,9.579430432217562,13.164159280980998,3.5847288487634366,10.774342207803764,1.5932093533247684,191,hexagonal,2,True,24,8.609378051862276,13.727885989766337,0.5884686820536785
Fe0.94Cr0.06Se2_generalized_grouping_grouped_from_oqmd-3241062_rank_3,7.999999999893484,9.971817977428948,1.9718179775354638,9.314545318200231,0.876363545537831,225,cubic,1,True,384,5.546839159028785,21.331375935662052,0.37871119988445423
Fe0.94Cr0.06Se2_generalized_grouping_grouped_from_oqmd-5473064_rank_2,7.999999999989333,9.971811232772206,1.9718112327828727,9.314540821839282,0.8763605478999651,216,cubic,1,False,192,4.731439496172156,25.007550334653875,0.3230396767246079
Fe0.94Cr0.06Se2_generalized_grouping_grouped_from_oqmd-5757776_rank_1,9.579430432217562,13.164159280980998,3.5847288487634366,10.774342207803764,1.5932093533247684,191,hexagonal,2,True,24,8.609378051862276,13.727885989766337,0.5884686820536785
Fe0.97Cr0.03Se2_generalized_grouping_grouped_from_oqmd-3241062_rank_3,7.999999999893484,9.971817977428948,1.9718179775354638,9.314545318200231,0.876363545537831,225,cubic,1,True,384,5.546839159028785,21.331375935662052,0.37871119988445423
Fe0.97Cr0.03Se2_generalized_grouping_grouped_from_oqmd-5473064_rank_2,7.999999999989333,9.971811232772206,1.9718112327828727,9.314540821839282,0.8763605478999651,216,cubic,1,False,192,4.731439496172156,25.007550334653875,0.3230396767246079
Fe0.97Cr0.03Se2_generalized_grouping_grouped_from_oqmd-5757776_rank_1,9.579430432217562,13.164159280980998,3.5847288487634366,10.774342207803764,1.5932093533247684,191,hexagonal,2,True,384,8.619077361517956,13.727885989766337,0.5884686820536785
Fe0.98Co0.02Si2_generalized_grouping_grouped_from_oqmd-3241062_rank_3,7.999999999893484,9.971817977428948,1.9718179775354638,9.314545318200231,0.876363545537831,225,cubic,1,True,384,2.9066251970049746,21.331375935662052,0.35385433981339703
Fe0.98Co0.02Si2_generalized_grouping_grouped_from_oqmd-5473064_rank_2,7.999999999989333,9.971811232772206,1.9718112327828727,9.314540821839282,0.8763605478999651,216,cubic,1,False,192,2.4793437962398905,25.007550334653875,0.30183683919513155
Fe0.98Co0.02Si2_generalized_grouping_grouped_from_oqmd-5757776_rank_1,9.579430432217562,13.164159280980998,3.5847288487634366,10.774342207803764,1.5932093533247684,191,hexagonal,2,True,384,4.516523143301267,13.727885989766337,0.5498443063012036
Fe1.3Mo6S8,11.008524522970818,12.144801723712721,1.1362772007419029,11.553246175290026,0.36843450710110653,26,orthorhombic,5,False,4,4.392609406252999,22.931785250728392,0.36513014992947135
Fe1.94Ti0.06O3,11.99999999999948,11.999999999999492,1.2434497875801753e-14,11.99999999999949,4.227729277772596e-15,1,triclinic,7,False,1,4.184003807303287,12.643683805890246,0.40656531895546716
Fe1.96Sn0.04O3,11.99999999999948,11.999999999999494,1.4210854715202004e-14,11.99999999999949,3.9790393202565614e-15,1,triclinic,7,False,1,4.260531829540675,12.643683805890246,0.40737268505903457
Fe1.96Ti0.04O3,11.99999999999948,11.999999999999494,1.4210854715202004e-14,11.99999999999949,3.9648284655413594e-15,1,triclinic,7,False,1,4.186099364404401,12.643683805890246,0.40656531895546993
FeNb0.80Ti0.20Sb_generalized_grouping_grouped_from_oqmd-3241062_rank_3,7.9999999998934825,9.97181815036878,1.971818150475297,9.314545433492592,0.8763636223994061,160,trigonal,3,False,6,6.785572366180585,21.331375926159712,0.5747236603044947
FeNb0.80Ti0.20Sb_generalized_grouping_grouped_from_oqmd-5473064_rank_2,7.99999999998831,9.971811103066154,1.9718111030778438,9.314540735368206,0.8763604902532621,160,trigonal,3,False,6,5.7880757108885,25.00755039276083,0.490237798547538
FeNb0.80Ti0.20Sb_generalized_grouping_grouped_from_oqmd-5757776_rank_1,9.579432136938204,13.164159260969738,3.5847271240315344,10.7743422070823,1.59320935383924,12,monoclinic,6,True,4,7.0902228319868525,20.414816070963727,0.600526911876064
FeNb0.86Hf0.14Sb_generalized_grouping_grouped_from_oqmd-3241062_rank_3,7.999999999892223,9.97181837375283,1.9718183738606072,9.314545404670458,0.8763636031837658,160,trigonal,3,False,6,7.33656143802911,21.331375922087286,0.5850257103264572
FeNb0.86Hf0.14Sb_generalized_grouping_grouped_from_oqmd-5473064_rank_2,7.9999999999881535,9.971811283197972,1.971811283209819,9.314540735368615,0.8763604902531535,160,trigonal,3,False,6,6.25806796593866,25.007550391251563,0.4990254205556052
FeNb0.86Hf0.14Sb_generalized_grouping_grouped_from_oqmd-5757776_rank_1,9.579432160662076,13.164159199698329,3.5847270390362524,10.774342207632435,1.5932093534580258,12,monoclinic,6,True,4,7.537218832684282,20.76348763173076,0.6010263580184273
FeNb0.86Zr0.14Sb_generalized_grouping_grouped_from_oqmd-3241062_rank_3,7.999999999892225,9.97181837375283,1.9718183738606054,9.314545404670456,0.8763636031837665,160,trigonal,3,False,6,7.013075055212303,21.331375922087286,0.5850257103264572
FeNb0.86Zr0.14Sb_generalized_grouping_grouped_from_oqmd-5473064_rank_2,7.9999999999881535,9.971811283197967,1.9718112832098136,9.314540735368613,0.8763604902531538,160,trigonal,3,False,6,5.982134916536287,25.007550391251563,0.4990254205556052
FeNb0.86Zr0.14Sb_generalized_grouping_grouped_from_oqmd-5757776_rank_1,9.579432160662078,13.164159199698327,3.584727039036249,10.774342207632435,1.5932093534580256,12,monoclinic,6,True,4,7.20488498974181,20.76348763173076,0.6010263580184273
FeNb0.88Hf0.12Sb_generalized_grouping_grouped_from_oqmd-3241062_rank_3,7.999999999893484,9.971817977428948,1.9718179775354638,9.314545318200231,0.876363545537831,216,cubic,1,False,24,7.296905187450454,21.331375935662052,0.5842364409443341
FeNb0.88Hf0.12Sb_generalized_grouping_grouped_from_oqmd-5473064_rank_2,7.999999999989333,9.971811232772206,1.9718112327828727,9.314540821839282,0.8763605478999651,216,cubic,1,False,24,6.224241304622873,25.007550334653875,0.4983521772553219
FeNb0.88Hf0.12Sb_generalized_grouping_grouped_from_oqmd-5757776_rank_1,9.579430428985777,13.164159281062599,3.5847288520768217,10.774342205676435,1.5932093547973791,164,trigonal,3,True,24,7.505794226540487,20.737715826261148,0.6009614203177994
FeNb0.88Ti0.12Sb_generalized_grouping_grouped_from_oqmd-3241062_rank_3,7.999999999893484,9.971817977428946,1.971817977535462,9.314545318200231,0.8763635455378309,216,cubic,1,False,24,6.873224526754235,21.331375935662052,0.5762191217336272
FeNb0.88Ti0.12Sb_generalized_grouping_grouped_from_oqmd-5473064_rank_2,7.999999999989331,9.971811232772204,1.9718112327828727,9.314540821839282,0.876360547899965,216,cubic,1,False,24,5.862842793811646,25.007550334653875,0.4915134246469624
FeNb0.88Ti0.12Sb_generalized_grouping_grouped_from_oqmd-5757776_rank_1,9.579430433492547,13.1641592809488,3.584728847456253,10.774342208643025,1.5932093527438018,164,trigonal,3,True,24,7.163009759774143,20.46839822748342,0.6005133655506493
FeNb0.92Hf0.08Sb_generalized_grouping_grouped_from_oqmd-3241062_rank_3,7.999999999893484,9.971817977428948,1.9718179775354638,9.314545318200231,0.876363545537831,216,cubic,1,False,24,7.296905187450454,21.331375935662052,0.5842364409443341
FeNb0.92Hf0.08Sb_generalized_grouping_grouped_from_oqmd-5473064_rank_2,7.999999999989333,9.971811232772206,1.9718112327828727,9.314540821839282,0.8763605478999651,216,cubic,1,False,24,6.224241304622873,25.007550334653875,0.4983521772553219
FeNb0.92Hf0.08Sb_generalized_grouping_grouped_from_oqmd-5757776_rank_1,9.579430430483672,13.164159281024778,3.584728850541106,10.77434220666243,1.5932093541148404,164,trigonal,3,True,12,7.395130182310311,20.647682453473127,0.600727975460507
FeNb0.92Ti0.08Sb_generalized_grouping_grouped_from_oqmd-3241062_rank_3,7.999999999893484,9.971817977428946,1.971817977535462,9.314545318200231,0.8763635455378309,216,cubic,1,False,24,6.873224526754235,21.331375935662052,0.5762191217336272
FeNb0.92Ti0.08Sb_generalized_grouping_grouped_from_oqmd-5473064_rank_2,7.999999999989331,9.971811232772204,1.9718112327828727,9.314540821839282,0.876360547899965,216,cubic,1,False,24,5.862842793811646,25.007550334653875,0.4915134246469624
FeNb0.92Ti0.08Sb_generalized_grouping_grouped_from_oqmd-5757776_rank_1,9.579430432738686,13.16415928096784,3.5847288482291546,10.774342208146797,1.5932093530873086,164,trigonal,3,True,12,7.223349861704917,20.513121587395272,0.6005000360723055
FeNb0.92Zr0.08Sb_generalized_grouping_grouped_from_oqmd-3241062_rank_3,7.999999999893484,9.971817977428946,1.971817977535462,9.314545318200231,0.8763635455378309,216,cubic,1,False,24,7.013854602665874,21.331375935662052,0.5842364409443341
FeNb0.92Zr0.08Sb_generalized_grouping_grouped_from_oqmd-5473064_rank_2,7.999999999989331,9.971811232772204,1.9718112327828727,9.314540821839282,0.876360547899965,216,cubic,1,False,24,5.982799885849361,25.007550334653875,0.4983521772553219
FeNb0.92Zr0.08Sb_generalized_grouping_grouped_from_oqmd-5757776_rank_1,9.579430430483672,13.164159281024778,3.584728850541106,10.77434220666243,1.5932093541148404,164,trigonal,3,True,12,7.248918653572054,20.647682453473127,0.600727975460507
FeNb0.96Ti0.04Sb_generalized_grouping_grouped_from_oqmd-3241062_rank_3,7.999999999893484,9.971817977428948,1.9718179775354638,9.314545318200231,0.876363545537831,216,cubic,1,False,192,7.019311466081521,21.331375935662052,0.5787115578755448
FeNb0.96Ti0.04Sb_generalized_grouping_grouped_from_oqmd-5473064_rank_2,7.999999999989333,9.971811232772206,1.9718112327828727,9.314540821839282,0.8763605478999651,216,cubic,1,False,192,5.987454576268495,25.007550334653875,0.4936394662474946
FeNb0.96Ti0.04Sb_generalized_grouping_grouped_from_oqmd-5757776_rank_1,9.579430432738686,13.16415928096784,3.5847288482291546,10.774342208146797,1.5932093530873086,164,trigonal,3,True,12,7.223349861704917,20.513121587395272,0.6005000360723055
FeNb0.9Hf0.1Sb_generalized_grouping_grouped_from_oqmd-3241062_rank_3,7.999999999893484,9.971817977428948,1.9718179775354638,9.314545318200231,0.876363545537831,216,cubic,1,False,24,7.296905187450454,21.331375935662052,0.5842364409443341
FeNb0.9Hf0.1Sb_generalized_grouping_grouped_from_oqmd-5473064_rank_2,7.999999999989333,9.971811232772206,1.9718112327828727,9.314540821839282,0.8763605478999651,216,cubic,1,False,24,6.224241304622873,25.007550334653875,0.4983521772553219
FeNb0.9Hf0.1Sb_generalized_grouping_grouped_from_oqmd-5757776_rank_1,9.579430428985777,13.164159281062599,3.5847288520768217,10.774342205676435,1.5932093547973791,164,trigonal,3,True,24,7.505794226540487,20.737715826261148,0.6009614203177994
FeNb0.9Zr0.1Sb_generalized_grouping_grouped_from_oqmd-3241062_rank_3,7.999999999893484,9.971817977428946,1.971817977535462,9.314545318200231,0.8763635455378309,216,cubic,1,False,24,7.013854602665874,21.331375935662052,0.5842364409443341
FeNb0.9Zr0.1Sb_generalized_grouping_grouped_from_oqmd-5473064_rank_2,7.999999999989331,9.971811232772204,1.9718112327828727,9.314540821839282,0.876360547899965,216,cubic,1,False,24,5.982799885849361,25.007550334653875,0.4983521772553219
FeNb0.9Zr0.1Sb_generalized_grouping_grouped_from_oqmd-5757776_rank_1,9.579430428985777,13.164159281062599,3.5847288520768217,10.774342205676433,1.5932093547973787,164,trigonal,3,True,24,7.214640731939946,20.737715826261148,0.6009614203177994
FeSe2_generalized_grouping_grouped_from_oqmd-3241062_rank_3,7.99999999989483,9.971818107134123,1.9718181072392928,9.314545404670476,0.8763636031837647,225,cubic,1,True,48,5.546839159028785,21.331375935662052,0.3787111998844544
FeSe2_generalized_grouping_grouped_from_oqmd-5473064_rank_2,7.999999999988903,9.971811103066289,1.9718111030773855,9.314540735368631,0.8763604902531519,216,cubic,1,False,24,4.731439481180528,25.007550413890623,0.32303967570105263
FeSe2_generalized_grouping_grouped_from_oqmd-5757776_rank_1,9.579434091668714,13.164157892963022,3.5847238012943077,10.774342207825955,1.5932093533335063,191,hexagonal,2,True,48,8.619077361517956,13.727885989766337,0.5884686820536784
FeVSb_transmutation_transmuted_from_oqmd-3241062_rank_3,7.99999999989483,9.971818107134123,1.9718181072392928,9.314545404670476,0.8763636031837647,216,cubic,1,False,24,5.930394011456376,21.331375935662052,0.5402071525120171
FeVSb_transmutation_transmuted_from_oqmd-3750974_rank_4,7.999999999996656,9.971809676302795,1.9718096763061395,9.31453978419915,0.8763598561349975,216,cubic,1,False,24,4.371593133634611,28.937611584131556,0.39821399288137516
FeVSb_transmutation_transmuted_from_oqmd-5473064_rank_2,7.999999999988903,9.971811103066289,1.9718111030773855,9.314540735368631,0.8763604902531519,216,cubic,1,False,24,5.058610779994974,25.007550413890623,0.4607953063234306
FeVSb_transmutation_transmuted_from_oqmd-5757776_rank_1,9.579434091783956,13.164157892960118,3.584723801176162,10.774342207901816,1.5932093532809943,194,hexagonal,2,True,24,6.603602940388568,19.156733868909928,0.6015306122756653
FeVSb_transmutation_transmuted_from_oqmd-7001747_rank_5,7.999999999909052,9.971808898020026,1.9718088981109734,9.314539265311607,0.8763595102683693,216,cubic,1,False,24,4.675308888101132,27.057776744319884,0.4258798482320395
Gd2.75Se4,7.80451602453066,10.247049694187456,2.4425336696567967,9.025762053454843,1.2212393778507513,194,hexagonal,2,True,192,6.460262317457047,30.357585667201587,0.5072809661918334
Gd2.79Se4,7.80451602453066,10.247049694187456,2.4425336696567967,9.025762053454843,1.2212393778507513,194,hexagonal,2,True,192,6.460262317457047,30.357585667201587,0.5072809661918334
Gd2.84Se4,7.80451602453066,10.247049694187456,2.4425336696567967,9.025762053454843,1.2212393778507513,194,hexagonal,2,True,192,6.460262317457047,30.357585667201587,0.5072809661918334
Gd2Se2.92,7.80451602453066,10.247049694187456,2.4425336696567967,9.025762053454843,1.2212393778507513,194,hexagonal,2,True,192,6.460262317457047,30.357585667201587,0.5072809661918334
Gd2Se2.94,7.80451602453066,10.247049694187456,2.4425336696567967,9.025762053454843,1.2212393778507513,194,hexagonal,2,True,192,6.460262317457047,30.357585667201587,0.5072809661918334
Gd2Se2.98,7.80451602453066,10.247049694187456,2.4425336696567967,9.025762053454843,1.2212393778507513,194,hexagonal,2,True,192,6.460262317457047,30.357585667201587,0.5072809661918334
Ge0.55Pb0.45Te0.2Se0.8_generalized_grouping_grouped_from_agm002068072_rank_3,7.80451824297736,10.247026131846274,2.4425078888689145,9.02576205633863,1.2212393793944327,8,monoclinic,6,False,2,5.8843332486835225,30.357585698957983,0.36359375933949595
Ge0.55Pb0.45Te0.2Se0.8_generalized_grouping_grouped_from_oqmd-3052242_rank_1,11.008524523511984,12.144801257879857,1.1362767343678737,11.553246236786903,0.36843448570031156,6,monoclinic,6,False,2,8.03340002933846,22.931785250728392,0.49904634217396143
Ge0.55Pb0.45Te0.2Se0.8_generalized_grouping_grouped_from_oqmd-5395345_rank_2,9.646110007511389,9.660429832754385,0.014319825242996131,9.653267500715119,0.007143811559693259,8,monoclinic,6,False,2,7.889989701528361,22.64060634243095,0.48752354693208755
Ge0.55Pb0.45Te0.4Se0.6_generalized_grouping_grouped_from_agm002068072_rank_3,7.804516024530659,10.247049694187456,2.4425336696567976,9.025762053454843,1.2212393778507518,8,monoclinic,6,False,2,6.255139895117061,30.357585667201587,0.3883962873332593
Ge0.55Pb0.45Te0.4Se0.6_generalized_grouping_grouped_from_oqmd-5395345_rank_2,9.646113141270112,9.66042960491903,0.014316463648917477,9.653267507269243,0.007143811451441828,8,monoclinic,6,False,2,8.387184628180151,22.64060631124428,0.5207799386400118
Ge0.55Pb0.45Te0.5Se0.5_generalized_grouping_grouped_from_agm002068072_rank_3,7.804516024530661,10.247049694187451,2.4425336696567905,9.025762053454843,1.2212393778507513,8,monoclinic,6,False,2,6.421425805494009,30.357585667201587,0.39894433880587
Ge0.55Pb0.45Te0.5Se0.5_generalized_grouping_grouped_from_oqmd-5395345_rank_2,9.646113141270112,9.66042960491903,0.014316463648917477,9.653267507269243,0.007143811451441828,1,triclinic,7,False,1,8.610148567401591,22.64060631124428,0.5349232602366071
Ge0.55Pb0.45Te0.8Se0.2_generalized_grouping_grouped_from_agm002068072_rank_3,7.804518242977359,10.247026131846273,2.4425078888689136,9.02576205633863,1.2212393793944325,8,monoclinic,6,False,2,6.682505617657921,30.357585698957983,0.41422440635506436
Ge0.55Pb0.45Te0.8Se0.2_generalized_grouping_grouped_from_oqmd-3052242_rank_1,11.008524523511984,12.144801257879857,1.1362767343678737,11.553246236786906,0.3684344857003116,6,monoclinic,6,False,2,9.09003761026605,22.931785250728392,0.5660722709868958
Ge0.55Pb0.45Te0.8Se0.2_generalized_grouping_grouped_from_oqmd-5395345_rank_2,9.646110007511393,9.660429832754389,0.014319825242996131,9.65326750071512,0.007143811559693613,8,monoclinic,6,False,2,8.960216608317065,22.64060634243095,0.555411490502232
Ge0.55Pb0.45Te_generalized_grouping_grouped_from_agm002068072_rank_3,7.804520460063269,10.247035589857523,2.442515129794254,9.025762056613868,1.2212393795777248,156,trigonal,3,False,4,7.316580048931992,30.357585698957987,0.4578619701369546
Ge0.55Pb0.45Te_generalized_grouping_grouped_from_oqmd-3052242_rank_1,11.008524528997246,12.144801581079806,1.1362770520825602,11.55324620616767,0.36843455885704807,6,monoclinic,6,False,2,9.482849196340968,22.931785250728392,0.5913664439265196
Ge0.55Pb0.45Te_generalized_grouping_grouped_from_oqmd-5395345_rank_2,9.646113089100231,9.660429203389915,0.014316114289684378,9.653267500720453,0.007143811562863034,156,trigonal,3,False,4,9.810413312229805,22.64060634243095,0.6139227804459024
Ge0.55Sb0.25Te0.8AgSnSe20.2_generalized_grouping_grouped_from_agm002068072_rank_3,7.804522623638806,10.247001912951182,2.4424792893123763,9.025762056201899,1.2212393793537213,6,monoclinic,6,False,2,5.6275482374940005,30.357585698957987,0.34576336620695386
Ge0.55Sb0.25Te0.8AgSnSe20.2_generalized_grouping_grouped_from_oqmd-3052242_rank_1,11.008524293753023,12.144802077782733,1.1362777840297102,11.553246206167389,0.3684345588570152,6,monoclinic,6,False,2,7.523969939051815,22.931785250728392,0.46189781193024687
Ge0.55Sb0.25Te0.8AgSnSe20.2_generalized_grouping_grouped_from_oqmd-5395345_rank_2,9.6461133187826,9.660428528553158,0.014315209770558113,9.653267500710937,0.0071438115587480295,6,monoclinic,6,False,2,7.5456803281179665,22.640606342430953,0.4636157204639939
Ge0.58Sb0.22Te0.8AgSnSe20.2_generalized_grouping_grouped_from_agm002068072_rank_3,7.804522623638806,10.247001912951182,2.4424792893123763,9.025762056201899,1.2212393793537213,6,monoclinic,6,False,2,5.6275482374940005,30.357585698957987,0.34576336620695386
Ge0.58Sb0.22Te0.8AgSnSe20.2_generalized_grouping_grouped_from_oqmd-3052242_rank_1,11.008524293753023,12.144802077782733,1.1362777840297102,11.553246206167389,0.3684345588570152,6,monoclinic,6,False,2,7.474568785094584,22.931785250728392,0.4591185426399663
Ge0.58Sb0.22Te0.8AgSnSe20.2_generalized_grouping_grouped_from_oqmd-5395345_rank_2,9.6461133187826,9.660428528553158,0.014315209770558113,9.653267500710937,0.0071438115587480295,6,monoclinic,6,False,2,7.5456803281179665,22.640606342430953,0.4636157204639939
Ge0.6Sb0.2Te0.8AgSnSe20.2_generalized_grouping_grouped_from_agm002068072_rank_3,7.804522623638806,10.247001912951182,2.4424792893123763,9.025762056201899,1.2212393793537213,6,monoclinic,6,False,2,5.6275482374940005,30.357585698957987,0.34576336620695386
Ge0.6Sb0.2Te0.8AgSnSe20.2_generalized_grouping_grouped_from_oqmd-3052242_rank_1,11.008524293753023,12.144802077782733,1.1362777840297102,11.553246206167389,0.3684345588570152,6,monoclinic,6,False,12,7.449868208115967,22.931785250728392,0.4577289079948261
Ge0.6Sb0.2Te0.8AgSnSe20.2_generalized_grouping_grouped_from_oqmd-5395345_rank_2,9.6461133187826,9.660428528553158,0.014315209770558113,9.653267500710937,0.0071438115587480295,6,monoclinic,6,False,2,7.5456803281179665,22.640606342430953,0.4636157204639939
Ge0.73Bi0.12Sn0.15Te_generalized_grouping_grouped_from_agm002068072_rank_3,7.804516024530659,10.247049694187455,2.442533669656796,9.025762053454843,1.2212393778507515,187,hexagonal,2,False,24,6.100102898381238,30.357585667201587,0.35198583658572313
Ge0.73Bi0.12Sn0.15Te_generalized_grouping_grouped_from_oqmd-5395345_rank_2,9.646113141270112,9.660429604919026,0.014316463648913924,9.653267507269243,0.007143811451441662,12,monoclinic,6,True,8,8.179303759386636,22.64060631124428,0.4719591004277066
Ge0.73Bi0.12Sn0.1Cu0.1Te_generalized_grouping_grouped_from_agm002068072_rank_3,7.804516024530659,10.247049694187455,2.442533669656796,9.02576205345484,1.2212393778507513,38,orthorhombic,5,False,4,5.835959233978553,30.357585667201587,0.34712036593456025
Ge0.73Bi0.12Sn0.1Cu0.1Te_generalized_grouping_grouped_from_oqmd-5395345_rank_2,9.646113141270112,9.660429604919027,0.0143164636489157,9.653267507269245,0.007143811451440385,2,triclinic,7,True,2,7.8251275588769085,22.64060631124428,0.4654352494286026
Ge0.74Bi0.12Sn0.1Cu0.08Te_generalized_grouping_grouped_from_agm002068072_rank_3,7.804516024530659,10.247049694187453,2.442533669656794,9.02576205345484,1.2212393778507513,8,monoclinic,6,False,2,6.0058081208315475,30.357585667201587,0.3494493455162236
Ge0.74Bi0.12Sn0.1Cu0.08Te_generalized_grouping_grouped_from_oqmd-5395345_rank_2,9.646113141270112,9.660429604919027,0.0143164636489157,9.653267507269243,0.007143811451440885,1,triclinic,7,False,1,8.052868903884875,22.64060631124428,0.46855805436569453
Ge0.75Bi0.12Sn0.1Cu0.06Te_generalized_grouping_grouped_from_agm002068072_rank_3,7.804516024530659,10.247049694187453,2.442533669656794,9.02576205345484,1.2212393778507513,8,monoclinic,6,False,2,6.0058081208315475,30.357585667201587,0.3494493455162236
Ge0.75Bi0.12Sn0.1Cu0.06Te_generalized_grouping_grouped_from_oqmd-5395345_rank_2,9.646113141270112,9.660429604919027,0.0143164636489157,9.653267507269243,0.007143811451440885,1,triclinic,7,False,1,8.052868903884875,22.64060631124428,0.46855805436569453
Ge0.76Bi0.12Sn0.1Cu0.04Te_generalized_grouping_grouped_from_agm002068072_rank_3,7.804516024530659,10.247049694187453,2.442533669656794,9.02576205345484,1.2212393778507513,8,monoclinic,6,False,2,6.0058081208315475,30.357585667201587,0.3494493455162236
Ge0.76Bi0.12Sn0.1Cu0.04Te_generalized_grouping_grouped_from_oqmd-5395345_rank_2,9.646113141270112,9.660429604919027,0.0143164636489157,9.653267507269243,0.007143811451440885,1,triclinic,7,False,1,8.052868903884875,22.64060631124428,0.46855805436569453
Ge0.78Bi0.12Sn0.1Te_generalized_grouping_grouped_from_agm002068072_rank_3,7.804516024530659,10.247049694187455,2.442533669656796,9.025762053454843,1.2212393778507515,187,hexagonal,2,False,24,6.100102898381238,30.357585667201587,0.35198583658572313
Ge0.78Bi0.12Sn0.1Te_generalized_grouping_grouped_from_oqmd-5395345_rank_2,9.646113141270112,9.660429604919026,0.014316463648913924,9.653267507269243,0.007143811451441662,12,monoclinic,6,True,8,8.179303759386636,22.64060631124428,0.4719591004277066
Ge0.83Bi0.12Sn0.05Te_generalized_grouping_grouped_from_agm002068072_rank_3,7.804516024530659,10.247049694187453,2.442533669656794,9.025762053454843,1.2212393778507513,187,hexagonal,2,False,12,6.02135298173788,30.357585667201587,0.3472621205353419
Ge0.83Bi0.12Sn0.05Te_generalized_grouping_grouped_from_oqmd-5395345_rank_2,9.646113141270112,9.660429604919027,0.0143164636489157,9.653267507269243,0.007143811451440885,12,monoclinic,6,True,4,8.073712181673523,22.64060631124428,0.4656253206386131
Ge0.83In0.05Pb0.12Te_generalized_grouping_grouped_from_agm002068072_rank_3,7.804516024530659,10.247049694187458,2.4425336696567994,9.025762053454844,1.2212393778507522,1,triclinic,7,False,1,6.008613511827751,30.357585667201587,0.36514475986892797
Ge0.83In0.05Pb0.12Te_generalized_grouping_grouped_from_oqmd-5395345_rank_2,9.64611314127011,9.660429604919027,0.014316463648917477,9.653267507269243,0.007143811451440607,1,triclinic,7,False,1,8.056630503566723,22.64060631124428,0.48960320126875306
Ge0.85In0.05Pb0.1Te_generalized_grouping_grouped_from_agm002068072_rank_3,7.80451602453066,10.247049694187456,2.4425336696567967,9.025762053454844,1.2212393778507518,8,monoclinic,6,False,2,5.914667442396038,30.357585667201587,0.3617345645870062
Ge0.85In0.05Pb0.1Te_generalized_grouping_grouped_from_oqmd-5395345_rank_2,9.646113141270112,9.660429604919031,0.014316463648919253,9.653267507269243,0.007143811451442161,8,monoclinic,6,False,2,7.930663212246715,22.64060631124428,0.4850306516651935
Ge0.86Bi0.08Sc0.06Te_generalized_grouping_grouped_from_agm002068072_rank_3,7.804516024530659,10.247049694187453,2.442533669656794,9.025762053454844,1.2212393778507513,156,trigonal,3,False,6,5.662227229247555,30.357585667201587,0.3425384044849606
Ge0.86Bi0.08Sc0.06Te_generalized_grouping_grouped_from_oqmd-5395345_rank_2,9.646113141270114,9.66042960491903,0.0143164636489157,9.653267507269243,0.007143811451441495,8,monoclinic,6,False,2,7.592179547491868,22.64060631124428,0.4592915408495194
Ge0.87Bi0.08Sn0.05Te_generalized_grouping_grouped_from_agm002068072_rank_3,7.804516024530659,10.247049694187453,2.442533669656794,9.025762053454844,1.2212393778507513,156,trigonal,3,False,6,5.788299039147859,30.357585667201587,0.3380221999224156
Ge0.87Bi0.08Sn0.05Te_generalized_grouping_grouped_from_oqmd-5395345_rank_2,9.646113141270114,9.66042960491903,0.0143164636489157,9.653267507269243,0.007143811451441495,8,monoclinic,6,False,2,7.761222536741093,22.64060631124428,0.45323600218534615
Ge0.87In0.05Pb0.08Te_generalized_grouping_grouped_from_agm002068072_rank_3,7.80451602453066,10.247049694187456,2.4425336696567967,9.02576205345484,1.2212393778507513,8,monoclinic,6,False,2,5.778602902243846,30.357585667201587,0.3484193339493273
Ge0.87In0.05Pb0.08Te_generalized_grouping_grouped_from_oqmd-5395345_rank_2,9.646113141270112,9.66042960491903,0.014316463648917477,9.653267507269245,0.007143811451441828,8,monoclinic,6,False,2,7.74822150211075,22.64060631124428,0.4671769666001812
Ge0.87Mn0.05Sb0.08Te_generalized_grouping_grouped_from_agm002068072_rank_3,7.80451602453066,10.247049694187456,2.4425336696567967,9.025762053454843,1.2212393778507515,187,hexagonal,2,False,12,5.530199725711035,30.357585667201587,0.3321924745914111
Ge0.87Mn0.05Sb0.08Te_generalized_grouping_grouped_from_oqmd-5395345_rank_2,9.646113141270112,9.66042960491903,0.014316463648917477,9.653267507269245,0.007143811451441828,164,trigonal,3,True,12,7.415150885187621,22.64060631124428,0.44541923333563865
Ge0.88Bi0.06Sc0.06Te_generalized_grouping_grouped_from_agm002068072_rank_3,7.804516024530659,10.247049694187453,2.442533669656794,9.025762053454844,1.2212393778507513,156,trigonal,3,False,6,5.662227229247555,30.357585667201587,0.3425384044849606
Ge0.88Bi0.06Sc0.06Te_generalized_grouping_grouped_from_oqmd-5395345_rank_2,9.646113141270114,9.66042960491903,0.0143164636489157,9.653267507269243,0.007143811451441495,8,monoclinic,6,False,2,7.592179547491868,22.64060631124428,0.4592915408495194
Ge0.89In0.05Pb0.06Te_generalized_grouping_grouped_from_agm002068072_rank_3,7.80451602453066,10.247049694187456,2.4425336696567967,9.02576205345484,1.2212393778507513,8,monoclinic,6,False,2,5.778602902243846,30.357585667201587,0.3484193339493273
Ge0.89In0.05Pb0.06Te_generalized_grouping_grouped_from_oqmd-5395345_rank_2,9.646113141270112,9.66042960491903,0.014316463648917477,9.653267507269245,0.007143811451441828,8,monoclinic,6,False,2,7.74822150211075,22.64060631124428,0.4671769666001812
Ge0.91Bi0.04Sn0.05Te_generalized_grouping_grouped_from_agm002068072_rank_3,7.80451602453066,10.247049694187456,2.4425336696567967,9.025762053454843,1.2212393778507515,187,hexagonal,2,False,12,5.709549122504499,30.357585667201587,0.33329848387203437
Ge0.91Bi0.04Sn0.05Te_generalized_grouping_grouped_from_oqmd-5395345_rank_2,9.646113141270114,9.66042960491903,0.0143164636489157,9.653267507269245,0.007143811451441495,164,trigonal,3,True,12,7.65563095902798,22.64060631124428,0.4469022223962525
Ge0.92Sc0.08Te_generalized_grouping_grouped_from_agm002068072_rank_3,7.804516024530659,10.247049694187453,2.442533669656794,9.025762053454843,1.2212393778507513,187,hexagonal,2,False,12,5.429173286657534,30.357585667201587,0.33329848387203437
Ge0.92Sc0.08Te_generalized_grouping_grouped_from_oqmd-5395345_rank_2,9.646113141270112,9.66042960491903,0.014316463648917477,9.653267507269245,0.007143811451441828,164,trigonal,3,True,12,7.279689902559438,22.64060631124428,0.4469022223962525
Ge0.94Sc0.06Te_generalized_grouping_grouped_from_agm002068072_rank_3,7.804516024530659,10.247049694187453,2.442533669656794,9.025762053454843,1.2212393778507513,187,hexagonal,2,False,12,5.429173286657534,30.357585667201587,0.33329848387203437
Ge0.94Sc0.06Te_generalized_grouping_grouped_from_oqmd-5395345_rank_2,9.646113141270112,9.66042960491903,0.014316463648917477,9.653267507269245,0.007143811451441828,164,trigonal,3,True,12,7.279689902559438,22.64060631124428,0.4469022223962525
Ge0.95Mn0.05Te_generalized_grouping_grouped_from_agm002068072_rank_3,7.804516024530659,10.247049694187453,2.442533669656794,9.025762053454843,1.2212393778507513,187,hexagonal,2,False,12,5.446236280833199,30.357585667201587,0.3274687585410298
Ge0.95Mn0.05Te_generalized_grouping_grouped_from_oqmd-5395345_rank_2,9.646113141270112,9.66042960491903,0.014316463648917477,9.653267507269245,0.007143811451441828,164,trigonal,3,True,12,7.302568764561004,22.64060631124428,0.439085453546545
Ge0.96Mn0.02Sb0.02Te_generalized_grouping_grouped_from_agm002068072_rank_3,7.80451602453066,10.247049694187456,2.4425336696567967,9.025762053454843,1.2212393778507513,194,hexagonal,2,True,192,5.476495179914479,30.357585667201587,0.3240585632591081
Ge0.96Mn0.02Sb0.02Te_generalized_grouping_grouped_from_oqmd-5395345_rank_2,9.646113141270112,9.66042960491903,0.014316463648917477,9.653267507269243,0.007143811451441828,194,hexagonal,2,True,192,7.3431413140955515,22.64060631124428,0.43451290394298553
Ge0.96Sc0.04Te_generalized_grouping_grouped_from_agm002068072_rank_3,7.804516024530659,10.247049694187453,2.442533669656794,9.025762053454843,1.2212393778507513,187,hexagonal,2,False,12,5.429173286657534,30.357585667201587,0.33329848387203437
Ge0.96Sc0.04Te_generalized_grouping_grouped_from_oqmd-5395345_rank_2,9.646113141270112,9.66042960491903,0.014316463648917477,9.653267507269245,0.007143811451441828,164,trigonal,3,True,12,7.279689902559438,22.64060631124428,0.4469022223962525
Ge0.98Mn0.01Sb0.01Te_generalized_grouping_grouped_from_agm002068072_rank_3,7.80451602453066,10.247049694187456,2.4425336696567967,9.025762053454843,1.2212393778507513,194,hexagonal,2,True,192,5.476495179914479,30.357585667201587,0.3240585632591081
Ge0.98Mn0.01Sb0.01Te_generalized_grouping_grouped_from_oqmd-5395345_rank_2,9.646113141270112,9.66042960491903,0.014316463648917477,9.653267507269243,0.007143811451441828,194,hexagonal,2,True,192,7.3431413140955515,22.64060631124428,0.43451290394298553
Ge0.98Mn0.02Te_generalized_grouping_grouped_from_agm002068072_rank_3,7.80451602453066,10.247049694187456,2.4425336696567967,9.025762053454843,1.2212393778507513,194,hexagonal,2,True,192,5.476495179914479,30.357585667201587,0.3240585632591081
Ge0.98Mn0.02Te_generalized_grouping_grouped_from_oqmd-5395345_rank_2,9.646113141270112,9.66042960491903,0.014316463648917477,9.653267507269243,0.007143811451441828,194,hexagonal,2,True,192,7.3431413140955515,22.64060631124428,0.43451290394298553
Ge0.98Sc0.02Te_generalized_grouping_grouped_from_agm002068072_rank_3,7.80451602453066,10.247049694187456,2.4425336696567967,9.025762053454843,1.2212393778507513,194,hexagonal,2,True,192,5.476495179914479,30.357585667201587,0.3240585632591081
Ge0.98Sc0.02Te_generalized_grouping_grouped_from_oqmd-5395345_rank_2,9.646113141270112,9.66042960491903,0.014316463648917477,9.653267507269243,0.007143811451441828,194,hexagonal,2,True,192,7.3431413140955515,22.64060631124428,0.43451290394298553
Ge0.99Mn0.01Te_generalized_grouping_grouped_from_agm002068072_rank_3,7.80451602453066,10.247049694187456,2.4425336696567967,9.025762053454843,1.2212393778507513,194,hexagonal,2,True,192,5.476495179914479,30.357585667201587,0.3240585632591081
Ge0.99Mn0.01Te_generalized_grouping_grouped_from_oqmd-5395345_rank_2,9.646113141270112,9.66042960491903,0.014316463648917477,9.653267507269243,0.007143811451441828,194,hexagonal,2,True,192,7.3431413140955515,22.64060631124428,0.43451290394298553
Ge0.9Bi0.04Sc0.06Te_generalized_grouping_grouped_from_agm002068072_rank_3,7.804516024530659,10.247049694187453,2.442533669656794,9.025762053454844,1.2212393778507513,156,trigonal,3,False,6,5.662227229247555,30.357585667201587,0.3425384044849606
Ge0.9Bi0.04Sc0.06Te_generalized_grouping_grouped_from_oqmd-5395345_rank_2,9.646113141270114,9.66042960491903,0.0143164636489157,9.653267507269243,0.007143811451441495,8,monoclinic,6,False,2,7.592179547491868,22.64060631124428,0.4592915408495194
Ge0.9Mn0.05Sb0.05Te_generalized_grouping_grouped_from_agm002068072_rank_3,7.80451602453066,10.247049694187456,2.4425336696567967,9.025762053454843,1.2212393778507515,187,hexagonal,2,False,12,5.530199725711035,30.357585667201587,0.3321924745914111
Ge0.9Mn0.05Sb0.05Te_generalized_grouping_grouped_from_oqmd-5395345_rank_2,9.646113141270112,9.66042960491903,0.014316463648917477,9.653267507269245,0.007143811451441828,164,trigonal,3,True,12,7.415150885187621,22.64060631124428,0.44541923333563865
Ge1.04Te_generalized_grouping_grouped_from_agm002068072_rank_3,7.80451602453066,10.247049694187456,2.4425336696567967,9.025762053454843,1.2212393778507513,194,hexagonal,2,True,192,5.476495179914479,30.357585667201587,0.3240585632591081
Ge1.04Te_generalized_grouping_grouped_from_oqmd-5395345_rank_2,9.646113141270112,9.66042960491903,0.014316463648917477,9.653267507269243,0.007143811451441828,194,hexagonal,2,True,192,7.3431413140955515,22.64060631124428,0.43451290394298553
Ge12Sb2Te15,11.008524522970818,12.144801723712721,1.1362772007419029,11.553246175290026,0.36843450710110653,26,orthorhombic,5,False,4,7.54630786963637,22.931785250728392,0.4456712428926995
Ge4Sb2Te7,11.999999999999481,11.99999999999949,8.881784197001252e-15,11.999999999999488,2.3684757858670005e-15,1,triclinic,7,False,1,10.375923275700169,17.676225074467656,0.6054180491630092
Ge9Sb2Te12,11.008524522970818,12.144801723712721,1.1362772007419029,11.553246175290026,0.36843450710110653,26,orthorhombic,5,False,4,7.54630786963637,22.931785250728392,0.4456712428926995
GeSe0.55Te0.45_generalized_grouping_grouped_from_agm002068072_rank_3,7.804520460063269,10.247035589857523,2.442515129794254,9.025762056613868,1.2212393795777248,164,trigonal,3,True,8,4.811351533373639,30.357585698957987,0.28186635707381064
GeSe0.55Te0.45_generalized_grouping_grouped_from_oqmd-3052242_rank_1,11.008524528997244,12.144801581079802,1.1362770520825585,11.553246206167671,0.3684345588570485,6,monoclinic,6,False,2,6.295992018666681,22.931785250728392,0.36848610808378396
GeSe0.55Te0.45_generalized_grouping_grouped_from_oqmd-5395345_rank_2,9.646113089100231,9.660429203389915,0.014316114289684378,9.653267500720453,0.007143811562863034,187,hexagonal,2,False,8,6.451285548323367,22.64060634243095,0.377939617036005
GeSe0.5Te0.5_generalized_grouping_grouped_from_agm002068072_rank_3,7.804520460063269,10.247035589857523,2.442515129794254,9.025762056613868,1.2212393795777248,164,trigonal,3,True,8,4.811351533373639,30.357585698957987,0.28186635707381064
GeSe0.5Te0.5_generalized_grouping_grouped_from_oqmd-3052242_rank_1,11.008524528997244,12.144801581079802,1.1362770520825585,11.55324620616767,0.3684345588570485,26,orthorhombic,5,False,8,6.369369628453318,22.931785250728392,0.37314068647357107
GeSe0.5Te0.5_generalized_grouping_grouped_from_oqmd-5395345_rank_2,9.646113089100231,9.660429203389915,0.014316114289684378,9.653267500720453,0.007143811562863034,187,hexagonal,2,False,8,6.451285548323367,22.64060634243095,0.377939617036005
GeSe0.65Te0.35_generalized_grouping_grouped_from_agm002068072_rank_3,7.804522663545016,10.247001522799703,2.4424788592546873,9.025762056201907,1.2212393793537275,12,monoclinic,6,True,4,4.589636986436306,30.357585698957987,0.267802288458375
GeSe0.65Te0.35_generalized_grouping_grouped_from_oqmd-3052242_rank_1,11.008524167778553,12.144801974719673,1.13627780694112,11.553246175289964,0.3684345071011042,6,monoclinic,6,False,2,6.12477759583119,22.931785250728392,0.35762542517428053
GeSe0.65Te0.35_generalized_grouping_grouped_from_oqmd-5395345_rank_2,9.64611340216818,9.660428424314317,0.014315022146137224,9.653267500710987,0.007143811558706137,38,orthorhombic,5,False,4,6.154000296437615,22.640606342430953,0.3590818549331871
GeSe0.6Te0.4_generalized_grouping_grouped_from_agm002068072_rank_3,7.804520460063269,10.247035589857523,2.442515129794254,9.025762056613868,1.2212393795777248,164,trigonal,3,True,8,4.811351533373639,30.357585698957987,0.28186635707381064
GeSe0.6Te0.4_generalized_grouping_grouped_from_oqmd-3052242_rank_1,11.008524528997244,12.144801581079802,1.1362770520825585,11.553246206167671,0.36843455885704873,6,monoclinic,6,False,4,6.222614408880042,22.931785250728392,0.3638315296939969
GeSe0.6Te0.4_generalized_grouping_grouped_from_oqmd-5395345_rank_2,9.646113089100231,9.660429203389915,0.014316114289684378,9.653267500720453,0.007143811562863034,187,hexagonal,2,False,8,6.451285548323367,22.64060634243095,0.377939617036005
GeSe0.75Te0.25_generalized_grouping_grouped_from_agm002068072_rank_3,7.804516024530659,10.247049694187458,2.4425336696567994,9.025762053454843,1.221239377850752,10,monoclinic,6,True,8,4.478779717652792,30.357585667201587,0.2607702544234432
GeSe0.75Te0.25_generalized_grouping_grouped_from_oqmd-3052242_rank_1,11.00852457322901,12.144801588249123,1.136277015020113,11.553246203949278,0.36843456072715036,6,monoclinic,6,False,8,5.929103969733489,22.931785250728392,0.34521321613484773
GeSe0.75Te0.25_generalized_grouping_grouped_from_oqmd-5395345_rank_2,9.646112947806444,9.660429839171108,0.014316891364664741,9.653267507268195,0.007143811451435278,25,orthorhombic,5,False,8,6.005357678766917,22.64060631124428,0.34965297436341336
GeSe0.7Te0.3_generalized_grouping_grouped_from_agm002068072_rank_3,7.804522663545016,10.247001522799703,2.4424788592546873,9.025762056201907,1.2212393793537275,12,monoclinic,6,True,4,4.589636986436306,30.357585698957987,0.267802288458375
GeSe0.7Te0.3_generalized_grouping_grouped_from_oqmd-3052242_rank_1,11.008524167778553,12.144801974719673,1.13627780694112,11.553246175289962,0.3684345071011042,6,monoclinic,6,False,2,6.026940782782339,22.931785250728392,0.35141932065456455
GeSe0.7Te0.3_generalized_grouping_grouped_from_oqmd-5395345_rank_2,9.64611340216818,9.660428424314317,0.014315022146137224,9.653267500710987,0.007143811558706137,38,orthorhombic,5,False,4,6.154000296437615,22.640606342430953,0.3590818549331871
GeSe0.85Te0.15_generalized_grouping_grouped_from_agm002068072_rank_3,7.804518289539199,10.247034134947622,2.4425158454084235,9.025762056306672,1.2212393793901164,12,monoclinic,6,True,4,4.336248932793641,30.357585698957983,0.2517290671835913
GeSe0.85Te0.15_generalized_grouping_grouped_from_oqmd-5395345_rank_2,9.646110035505252,9.6604297397182,0.014319704212947926,9.653267500713907,0.0071438115594883046,38,orthorhombic,5,False,4,5.814245722853901,22.64060634243095,0.3375301268156807
GeSe0.8Te0.2_generalized_grouping_grouped_from_agm002068072_rank_3,7.80451824297736,10.247026131846274,2.4425078888689145,9.02576205633863,1.2212393793944325,12,monoclinic,6,True,4,4.412265348886439,30.357585698957983,0.25655103356602643
GeSe0.8Te0.2_generalized_grouping_grouped_from_oqmd-3052242_rank_1,11.008524523511984,12.144801257879857,1.1362767343678737,11.553246236786906,0.36843448570031156,6,monoclinic,6,False,2,5.841050837989523,22.931785250728392,0.3396277220671032
GeSe0.8Te0.2_generalized_grouping_grouped_from_oqmd-5395345_rank_2,9.646110007511385,9.660429832754385,0.014319825242999684,9.65326750071512,0.007143811559693969,38,orthorhombic,5,False,4,5.9161720949290135,22.64060634243095,0.3439956452509327
GeSe0.95Te0.05_generalized_grouping_grouped_from_agm002068072_rank_3,7.804516024530661,10.247049694187451,2.4425336696567905,9.025762053454843,1.2212393778507513,164,trigonal,3,True,12,4.22935085208737,30.357585667201587,0.24494817721452675
GeSe0.95Te0.05_generalized_grouping_grouped_from_oqmd-5395345_rank_2,9.646113141270112,9.66042960491903,0.014316463648917477,9.653267507269243,0.007143811451441828,187,hexagonal,2,False,12,5.670911769934758,22.64060631124428,0.32843799196851997
GeSe0.9Te0.1_generalized_grouping_grouped_from_agm002068072_rank_3,7.80451602453066,10.247049694187458,2.4425336696567985,9.025762053454843,1.2212393778507518,164,trigonal,3,True,24,4.312493807275844,30.357585667201587,0.2502222029508322
GeSe0.9Te0.1_generalized_grouping_grouped_from_oqmd-5395345_rank_2,9.646113141270112,9.66042960491903,0.014316463648917477,9.653267507269245,0.007143811451441828,187,hexagonal,2,False,24,5.782393739545479,22.64060631124428,0.3355096527668177
GeSe_transmutation_transmuted_from_agm002068072_rank_3,7.804522677273523,10.247001436745924,2.442478759472401,9.025762057009723,1.2212393797361998,194,hexagonal,2,True,24,4.146207892561639,30.357585698957987,0.23967415122750374
GeSe_transmutation_transmuted_from_agm004226516_rank_5,6.000000008550332,6.000000008550333,8.881784197001252e-16,6.000000008550332,4.440892098500626e-16,225,cubic,1,True,48,5.8359324384127,21.56790928483927,0.33734973982055966
GeSe_transmutation_transmuted_from_agm004461667_rank_4,10.793991182669812,11.742736753657026,0.9487455709872137,11.458208908966597,0.34754194318382253,65,orthorhombic,5,True,16,7.1545998117705745,17.592718633550902,0.41357613551768563
GeSe_transmutation_transmuted_from_oqmd-3052242_rank_1,11.008524522970818,12.144801723712721,1.1362772007419029,11.553246175290026,0.36843450710110653,57,orthorhombic,5,True,8,5.48883831101366,22.931785250728392,0.3172857457961259
GeSe_transmutation_transmuted_from_oqmd-5395345_rank_2,9.646113435606475,9.660428412808987,0.014314977202511514,9.653267500722176,0.007143811555440749,194,hexagonal,2,True,24,5.559429792666112,22.64060634243095,0.3213663307275513
GeTe0.7AgSnSe20.3_generalized_grouping_grouped_from_oqmd-3241062_rank_3,7.999999999894267,9.971818136794772,1.971818136900505,9.314545404670474,0.8763636031837647,156,trigonal,3,False,6,7.893285460192532,21.331375919824822,0.48709245571720744
GeTe0.7AgSnSe20.3_generalized_grouping_grouped_from_oqmd-5473064_rank_2,7.999999999988717,9.97181113272694,1.9718111327382228,9.314540735368631,0.8763604902531538,156,trigonal,3,False,6,6.732952117488658,25.007550396282465,0.4154886070792032
GeTe0.7AgSnSe20.3_generalized_grouping_grouped_from_oqmd-5757776_rank_1,9.579434060187554,13.164157913041228,3.5847238528536742,10.7743422059197,1.59320935464356,8,monoclinic,6,False,2,9.930283533526392,16.445095404584762,0.6206292550997382
GeTe0.8AgSnSe20.2_generalized_grouping_grouped_from_agm002068072_rank_3,7.804522623638806,10.247001912951182,2.4424792893123763,9.025762056201899,1.2212393793537213,6,monoclinic,6,False,2,5.403645718053997,30.357585698957987,0.3331667900857808
GeTe0.8AgSnSe20.2_generalized_grouping_grouped_from_oqmd-3052242_rank_1,11.008524293753023,12.144802077782733,1.1362777840297102,11.553246206167389,0.3684345588570152,6,monoclinic,6,False,12,7.153461284372573,22.931785250728392,0.4410532922531427
GeTe0.8AgSnSe20.2_generalized_grouping_grouped_from_oqmd-5395345_rank_2,9.6461133187826,9.660428528553158,0.014315209770558113,9.653267500710937,0.0071438115587480295,6,monoclinic,6,False,2,7.245461340193869,22.640606342430953,0.44672564104967644
GeTe0.9AgSnSe20.1_generalized_grouping_grouped_from_agm002068072_rank_3,7.804516024530659,10.247049694187456,2.4425336696567976,9.025762053454843,1.2212393778507518,1,triclinic,7,False,1,5.426251126303707,30.357585667201587,0.3314400433264257
GeTe0.9AgSnSe20.1_generalized_grouping_grouped_from_oqmd-5395345_rank_2,9.646113141270112,9.660429604919031,0.014316463648919253,9.653267507269243,0.007143811451442161,1,triclinic,7,False,1,7.275771733052178,22.64060631124428,0.44441033824372006
GeTe_transmutation_transmuted_from_agm002068072_rank_3,7.804522677273523,10.247001436745924,2.442478759472401,9.025762057009723,1.2212393797361998,194,hexagonal,2,True,24,5.476495174185639,30.357585698957987,0.32405856292011753
GeTe_transmutation_transmuted_from_agm004226516_rank_5,6.000000008550332,6.000000008550333,8.881784197001252e-16,6.000000008550332,4.440892098500626e-16,225,cubic,1,True,48,7.7083582550643746,21.56790928483927,0.4561237468781365
GeTe_transmutation_transmuted_from_agm004461667_rank_4,10.793991182669812,11.742736753657026,0.9487455709872137,11.458208908966597,0.34754194318382253,65,orthorhombic,5,True,16,9.45011257459723,17.592718633550902,0.5591879117856964
GeTe_transmutation_transmuted_from_oqmd-3052242_rank_1,11.008524522970818,12.144801723712721,1.1362772007419029,11.553246175290026,0.36843450710110653,57,orthorhombic,5,True,8,7.249900945892977,22.931785250728392,0.4289956271510157
GeTe_transmutation_transmuted_from_oqmd-5395345_rank_2,9.646113435606475,9.660428412808987,0.014314977202511514,9.653267500722176,0.007143811555440749,194,hexagonal,2,True,24,7.343141303980622,22.64060634243095,0.43451290334445863
Hf0.5Ti0.5CoSb0.8Sn0.2_generalized_grouping_grouped_from_oqmd-3241062_rank_3,7.9999999998934825,9.971818150368783,1.9718181504753005,9.31454543349259,0.8763636223994075,160,trigonal,3,False,6,7.948588083049318,21.331375926159712,0.5786902849811953
Hf0.5Ti0.5CoSb0.8Sn0.2_generalized_grouping_grouped_from_oqmd-5473064_rank_2,7.99999999998831,9.971811103066152,1.971811103077842,9.314540735368205,0.8763604902532627,160,trigonal,3,False,6,6.780125114965307,25.00755039276083,0.4936213191566248
Hf0.5Ti0.5CoSb0.8Sn0.2_generalized_grouping_grouped_from_oqmd-5757776_rank_1,9.579432131207438,13.164159261114433,3.5847271299069945,10.774342203310011,1.593209356450545,8,monoclinic,6,False,2,8.035284014604725,20.2014225043816,0.6042863392931264
Hf0.7Ti0.3CoSb0.8Sn0.2_generalized_grouping_grouped_from_oqmd-3241062_rank_3,7.9999999998934825,9.971818150368783,1.9718181504753005,9.31454543349259,0.8763636223994075,160,trigonal,3,False,6,8.626477140465242,21.331375926159712,0.5915179957240406
Hf0.7Ti0.3CoSb0.8Sn0.2_generalized_grouping_grouped_from_oqmd-5473064_rank_2,7.99999999998831,9.971811103066152,1.971811103077842,9.314540735368205,0.8763604902532627,160,trigonal,3,False,6,7.358362730919691,25.00755039276083,0.5045633233045753
Hf0.7Ti0.3CoSb0.8Sn0.2_generalized_grouping_grouped_from_oqmd-5757776_rank_1,9.579432141173807,13.1641592608628,3.584727119688992,10.774342209870401,1.593209351909224,8,monoclinic,6,False,2,8.569412673072469,20.62970712067699,0.6050050202266094
Hf0.8Ti0.2CoSb0.8Sn0.2_generalized_grouping_grouped_from_oqmd-3241062_rank_3,7.9999999998934825,9.971818150368783,1.9718181504753005,9.31454543349259,0.8763636223994075,160,trigonal,3,False,6,8.626477140465242,21.331375926159712,0.5915179957240406
Hf0.8Ti0.2CoSb0.8Sn0.2_generalized_grouping_grouped_from_oqmd-5473064_rank_2,7.99999999998831,9.971811103066152,1.971811103077842,9.314540735368205,0.8763604902532627,160,trigonal,3,False,6,7.358362730919691,25.00755039276083,0.5045633233045753
Hf0.8Ti0.2CoSb0.8Sn0.2_generalized_grouping_grouped_from_oqmd-5757776_rank_1,9.579432138129217,13.164159260939668,3.5847271228104507,10.774342207866281,1.5932093532965388,8,monoclinic,6,False,2,8.827292361208682,20.846100850849247,0.6052879060768819
Hf0.9Ti0.1CoSb0.8Sn0.2_generalized_grouping_grouped_from_oqmd-3241062_rank_3,7.999999999893486,9.971817977428946,1.9718179775354603,9.314545318200231,0.8763635455378305,44,orthorhombic,5,False,4,8.876728416712679,21.331375935662052,0.5963283869869656
Hf0.9Ti0.1CoSb0.8Sn0.2_generalized_grouping_grouped_from_oqmd-5473064_rank_2,7.999999999989333,9.971811232772206,1.9718112327828727,9.314540821839282,0.8763605478999651,44,orthorhombic,5,False,4,7.571826444483017,25.007550334653875,0.5086665760419826
Hf0.9Ti0.1CoSb0.8Sn0.2_generalized_grouping_grouped_from_oqmd-5757776_rank_1,9.579430428600256,13.164159281072335,3.584728852472079,10.774342205422665,1.5932093549730444,1,triclinic,7,False,1,9.017795604627521,21.009385515286606,0.6054677322509204
In0.005Pb0.995Te0.994I0.006_generalized_grouping_grouped_from_agm002068072_rank_3,7.80451602453066,10.247049694187456,2.4425336696567967,9.025762053454843,1.2212393778507513,194,hexagonal,2,True,192,9.156664933256929,30.357585667201587,0.5916653779727193
In0.005Pb0.995Te0.994I0.006_generalized_grouping_grouped_from_oqmd-5395345_rank_2,9.646113139204152,9.660429602925337,0.014316463721185002,9.653267505239409,0.00714381148757276,194,hexagonal,2,True,192,9.720917219408792,28.595474466360468,0.6281249999629789
In0.005Pb0.995Te0.996I0.004_generalized_grouping_grouped_from_agm002068072_rank_3,7.80451602453066,10.247049694187456,2.4425336696567967,9.025762053454843,1.2212393778507513,194,hexagonal,2,True,192,9.156664933256929,30.357585667201587,0.5916653779727193
In0.005Pb0.995Te0.996I0.004_generalized_grouping_grouped_from_oqmd-5395345_rank_2,9.646113139204152,9.660429602925337,0.014316463721185002,9.653267505239409,0.00714381148757276,194,hexagonal,2,True,192,9.720917219408792,28.595474466360468,0.6281249999629789
In0.005Pb0.995Te0.998I0.002_generalized_grouping_grouped_from_agm002068072_rank_3,7.80451602453066,10.247049694187456,2.4425336696567967,9.025762053454843,1.2212393778507513,194,hexagonal,2,True,192,9.156664933256929,30.357585667201587,0.5916653779727193
In0.005Pb0.995Te0.998I0.002_generalized_grouping_grouped_from_oqmd-5395345_rank_2,9.646113139204152,9.660429602925337,0.014316463721185002,9.653267505239409,0.00714381148757276,194,hexagonal,2,True,192,9.720917219408792,28.595474466360468,0.6281249999629789
In0.005Pb0.995Te0.999I0.001_generalized_grouping_grouped_from_agm002068072_rank_3,7.80451602453066,10.247049694187456,2.4425336696567967,9.025762053454843,1.2212393778507513,194,hexagonal,2,True,192,9.156664933256929,30.357585667201587,0.5916653779727193
In0.005Pb0.995Te0.999I0.001_generalized_grouping_grouped_from_oqmd-5395345_rank_2,9.646113139204152,9.660429602925337,0.014316463721185002,9.653267505239409,0.00714381148757276,194,hexagonal,2,True,192,9.720917219408792,28.595474466360468,0.6281249999629789
In0.015Pb0.985Te0.994I0.006_generalized_grouping_grouped_from_agm002068072_rank_3,7.80451602453066,10.247049694187456,2.4425336696567967,9.025762053454843,1.2212393778507513,194,hexagonal,2,True,192,9.156664933256929,30.357585667201587,0.5916653779727193
In0.015Pb0.985Te0.994I0.006_generalized_grouping_grouped_from_oqmd-5395345_rank_2,9.646113139204152,9.660429602925337,0.014316463721185002,9.653267505239409,0.00714381148757276,194,hexagonal,2,True,192,9.720917219408792,28.595474466360468,0.6281249999629789
In0.015Pb0.985Te0.996I0.004_generalized_grouping_grouped_from_agm002068072_rank_3,7.80451602453066,10.247049694187456,2.4425336696567967,9.025762053454843,1.2212393778507513,194,hexagonal,2,True,192,9.156664933256929,30.357585667201587,0.5916653779727193
In0.015Pb0.985Te0.996I0.004_generalized_grouping_grouped_from_oqmd-5395345_rank_2,9.646113139204152,9.660429602925337,0.014316463721185002,9.653267505239409,0.00714381148757276,194,hexagonal,2,True,192,9.720917219408792,28.595474466360468,0.6281249999629789
In0.015Pb0.985Te0.998I0.002_generalized_grouping_grouped_from_agm002068072_rank_3,7.80451602453066,10.247049694187456,2.4425336696567967,9.025762053454843,1.2212393778507513,194,hexagonal,2,True,192,9.156664933256929,30.357585667201587,0.5916653779727193
In0.015Pb0.985Te0.998I0.002_generalized_grouping_grouped_from_oqmd-5395345_rank_2,9.646113139204152,9.660429602925337,0.014316463721185002,9.653267505239409,0.00714381148757276,194,hexagonal,2,True,192,9.720917219408792,28.595474466360468,0.6281249999629789
In0.01Pb0.99Te0.994I0.006_generalized_grouping_grouped_from_agm002068072_rank_3,7.80451602453066,10.247049694187456,2.4425336696567967,9.025762053454843,1.2212393778507513,194,hexagonal,2,True,192,9.156664933256929,30.357585667201587,0.5916653779727193
In0.01Pb0.99Te0.994I0.006_generalized_grouping_grouped_from_oqmd-5395345_rank_2,9.646113139204152,9.660429602925337,0.014316463721185002,9.653267505239409,0.00714381148757276,194,hexagonal,2,True,192,9.720917219408792,28.595474466360468,0.6281249999629789
In0.01Pb0.99Te0.996I0.004_generalized_grouping_grouped_from_agm002068072_rank_3,7.80451602453066,10.247049694187456,2.4425336696567967,9.025762053454843,1.2212393778507513,194,hexagonal,2,True,192,9.156664933256929,30.357585667201587,0.5916653779727193
In0.01Pb0.99Te0.996I0.004_generalized_grouping_grouped_from_oqmd-5395345_rank_2,9.646113139204152,9.660429602925337,0.014316463721185002,9.653267505239409,0.00714381148757276,194,hexagonal,2,True,192,9.720917219408792,28.595474466360468,0.6281249999629789
In0.01Pb0.99Te0.998I0.002_generalized_grouping_grouped_from_agm002068072_rank_3,7.80451602453066,10.247049694187456,2.4425336696567967,9.025762053454843,1.2212393778507513,194,hexagonal,2,True,192,9.156664933256929,30.357585667201587,0.5916653779727193
In0.01Pb0.99Te0.998I0.002_generalized_grouping_grouped_from_oqmd-5395345_rank_2,9.646113139204152,9.660429602925337,0.014316463721185002,9.653267505239409,0.00714381148757276,194,hexagonal,2,True,192,9.720917219408792,28.595474466360468,0.6281249999629789
In0.01Pb0.99Te0.999I0.001_generalized_grouping_grouped_from_agm002068072_rank_3,7.80451602453066,10.247049694187456,2.4425336696567967,9.025762053454843,1.2212393778507513,194,hexagonal,2,True,192,9.156664933256929,30.357585667201587,0.5916653779727193
In0.01Pb0.99Te0.999I0.001_generalized_grouping_grouped_from_oqmd-5395345_rank_2,9.646113139204152,9.660429602925337,0.014316463721185002,9.653267505239409,0.00714381148757276,194,hexagonal,2,True,192,9.720917219408792,28.595474466360468,0.6281249999629789
In0.15Co4Sb12,11.999999999999476,11.999999999999492,1.5987211554602254e-14,11.99999999999949,3.808509063674137e-15,1,triclinic,7,False,1,8.704911998084564,20.24398167745061,0.6017389626718812
In0.25Co4Sb12,11.99999999999948,11.999999999999494,1.4210854715202004e-14,11.999999999999488,2.55351295663786e-15,1,triclinic,7,False,1,8.687472727675734,20.254630800042946,0.6018076906083087
In0.2Co4Sb12,11.99999999999948,11.999999999999496,1.5987211554602254e-14,11.99999999999949,4.085620730620576e-15,1,triclinic,7,False,1,8.693466243159442,20.24398167745061,0.6017749659397774
In0.3Co4Sb12,11.999999999999481,11.999999999999494,1.2434497875801753e-14,11.999999999999488,2.3869795029440866e-15,44,orthorhombic,5,False,4,8.679987440330425,20.267947456660213,0.6018483920886574
In1.8Ge0.2O3,11.999999999999481,11.999999999999492,1.0658141036401503e-14,11.999999999999487,2.3684757858670005e-15,1,triclinic,7,False,1,7.183505851943816,12.643683796219928,0.5232974466237362
In1.94Ge0.06O3,11.999999999999481,11.999999999999494,1.2434497875801753e-14,11.99999999999949,3.730349362740526e-15,1,triclinic,7,False,1,7.237139620855765,12.643683805890246,0.5305500169502486
In1.9Ge0.1O3,11.999999999999481,11.999999999999492,1.0658141036401503e-14,11.999999999999487,1.6930901125533637e-15,1,triclinic,7,False,1,7.084310043206166,12.643683808307825,0.51635508396551
In2O3,7.80451602453066,10.247049694187456,2.4425336696567967,9.025762053454843,1.2212393778507513,194,hexagonal,2,True,192,3.5778109296291665,30.357585667201587,0.2718152554851061
In3.94Pb0.06Se3,11.00852452578106,12.14480173088207,1.1362772051010097,11.553246173071635,0.3684345089712084,6,monoclinic,6,False,2,7.080424413815591,22.931785250728392,0.4844796920371561
In3.95Pb0.05Se3,11.00852452578106,12.14480173088207,1.1362772051010097,11.553246173071635,0.36843450897120855,6,monoclinic,6,False,2,7.080424413815591,22.931785250728392,0.4844796920371561
K2Bi8Se13,11.999999999999483,11.999999999999494,1.0658141036401503e-14,11.999999999999488,2.565848768022584e-15,5,monoclinic,6,False,2,10.85393529691115,18.258911597805508,0.7009262447254637
K8Al8Ge38,11.999999999999481,11.99999999999949,8.881784197001252e-15,11.999999999999485,1.4474018691409447e-15,1,triclinic,7,False,1,5.385646813563688,18.77914823483017,0.72297931056477
K8Ga8Ge38,11.999999999999481,11.999999999999492,1.0658141036401503e-14,11.999999999999487,2.1711028037114174e-15,1,triclinic,7,False,1,5.85155840064642,19.0808155877742,0.7194805179765226
KBi6.33S10,11.99999999999948,11.99999999999949,1.0658141036401503e-14,11.999999999999488,2.7632217501781674e-15,1,triclinic,7,False,1,10.353982807716617,15.734605270778163,0.7617302647912384
La0.15Ca0.85TiO3,11.999999999999481,11.999999999999494,1.2434497875801753e-14,11.999999999999485,3.0099379778726466e-15,1,triclinic,7,False,1,3.8904964866410072,12.643683804278528,0.6107505275308788
La0.1Ca0.9TiO3,11.999999999999481,11.999999999999492,1.0658141036401503e-14,11.999999999999488,2.609024107869118e-15,8,monoclinic,6,False,2,3.796542586768804,12.643683808307825,0.6277983479606425
La0.25Ca0.75TiO3,11.99999999999948,11.99999999999949,1.0658141036401503e-14,11.999999999999488,2.434266779918862e-15,1,triclinic,7,False,1,3.9426422916528927,12.643683796219928,0.590623968510804
La0.2Ca0.8TiO3,11.999999999999481,11.999999999999492,1.0658141036401503e-14,11.999999999999485,2.500057773970723e-15,1,triclinic,7,False,1,3.9426422916528927,12.643683796219928,0.590623968510804
La0.3Ca2.7Co4O9,11.999999999999481,11.999999999999492,1.0658141036401503e-14,11.999999999999488,2.1371793224034263e-15,1,triclinic,7,False,1,4.306656867197373,12.643683808307825,0.614494780012318
La0.3Co4Sb12,11.999999999999481,11.999999999999492,1.0658141036401503e-14,11.999999999999487,1.8596235662471372e-15,139,tetragonal,4,True,16,8.597328283349896,20.535507681814543,0.6057706079424674
La0.45Ca2.55Co4O9,11.999999999999481,11.999999999999494,1.2434497875801753e-14,11.999999999999487,2.319132540328105e-15,1,triclinic,7,False,1,4.48635269995295,12.643683804278528,0.633788189042854
La0.5Co4Sb12,11.999999999999481,11.999999999999494,1.2434497875801753e-14,11.999999999999487,2.61519201356148e-15,1,triclinic,7,False,1,8.50550497397316,20.797883243188494,0.6088154591000094
La0.7Co4Sb12,11.999999999999481,11.99999999999949,8.881784197001252e-15,11.999999999999485,1.578983857244667e-15,1,triclinic,7,False,1,8.525177180897373,21.120742468954315,0.6107675555574099
La0.8Sr0.2CoO3,11.999999999999481,11.999999999999492,1.0658141036401503e-14,11.999999999999485,2.500057773970723e-15,1,triclinic,7,False,1,5.88518802748518,12.643683796219928,0.6580915975605658
La0.95Sr0.05CoO3,11.99999999999948,11.999999999999492,1.2434497875801753e-14,11.99999999999949,4.138911435802584e-15,1,triclinic,7,False,1,6.389967493413162,12.643683805890246,0.6991986749202791
La0.9Bi0.1NiO3,11.999999999999483,11.999999999999492,8.881784197001252e-15,11.999999999999488,2.4980018054066022e-15,1,triclinic,7,False,1,6.662788735680796,12.643683808307825,0.6898566453725073
La1.25Co4Sb12,11.99999999999948,11.999999999999488,8.881784197001252e-15,11.999999999999487,2.105311809659556e-15,12,monoclinic,6,True,4,8.253972139618025,21.94247083595864,0.6187655905330898
La1.61Sr0.39Cu0.94Ti0.06O4,11.99999999999948,11.999999999999494,1.4210854715202004e-14,11.99999999999949,3.9932501749717634e-15,1,triclinic,7,False,1,7.255602513824459,12.643683805890246,0.8771043799423419
La1.67Sr0.34Cu0.94Ti0.06O4,11.999999999999481,11.999999999999492,1.0658141036401503e-14,11.99999999999949,4.305888978706207e-15,1,triclinic,7,False,1,7.309486510235852,12.643683805890246,0.8755535876851462
La1.69Sr0.31Cu0.94Ti0.06O4,11.99999999999948,11.999999999999494,1.4210854715202004e-14,11.99999999999949,4.206412995699793e-15,1,triclinic,7,False,1,7.309486510235852,12.643683805890246,0.8755535876851462
La1.725Sr0.28CuO4,11.99999999999948,11.99999999999949,1.0658141036401503e-14,11.999999999999485,2.1711028037114174e-15,1,triclinic,7,False,1,7.559620099787823,12.643683796219928,0.8955473444512173
La1.73Sr0.27Cu0.94Ti0.06O4,11.99999999999948,11.999999999999492,1.2434497875801753e-14,11.99999999999949,4.050093593832571e-15,1,triclinic,7,False,1,7.363370506647248,12.643683805890246,0.8740027954279506
La1.85Sr0.15Cu0.94Ti0.06O4,11.99999999999948,11.999999999999494,1.4210854715202004e-14,11.99999999999949,4.092726157978177e-15,1,triclinic,7,False,1,7.471138499470036,12.643683805890246,0.8709012109135592
La1.85Sr0.15CuO4,11.99999999999948,11.999999999999494,1.4210854715202004e-14,11.999999999999488,2.6645352591003757e-15,1,triclinic,7,False,1,7.579575349303907,12.643683808307825,0.8796436461105366
La1.9Sr0.1CuO4,11.999999999999481,11.999999999999492,1.0658141036401503e-14,11.999999999999488,2.575717417130363e-15,1,triclinic,7,False,1,7.516410331560381,12.643683803472666,0.8618946852226519
La2.0Co4Sb12,11.999999999999481,11.999999999999488,7.105427357601002e-15,11.999999999999487,1.7763568394002505e-15,1,triclinic,7,False,1,7.994956630026144,22.785241071186675,0.6256079343325068
La2.74Te4,7.8045160245542995,10.24704969426643,2.4425336697121303,9.025762053506153,1.2212393778784256,194,hexagonal,2,True,192,6.744401817119419,32.80815385973696,0.6485186011010512
La2.99Te4,7.8045160245542995,10.24704969426643,2.4425336697121303,9.025762053506153,1.2212393778784256,194,hexagonal,2,True,192,6.744401817119419,32.80815385973696,0.6485186011010512
La2CuO4,11.999999999999481,11.999999999999492,1.0658141036401503e-14,11.999999999999487,2.3684757858670005e-15,1,triclinic,7,False,1,7.80908304632767,12.643683796219928,0.8883677506624127
La3Te3.35Bi0.65,11.008524521125485,12.144801722590733,1.1362772014652478,11.553246173563616,0.36843450701933594,26,orthorhombic,5,False,4,7.420912394990662,31.123965194440256,0.6463891087108623
La3Te3.35Sb0.65,11.008524524764812,12.144801724184948,1.1362771994201353,11.553246176665235,0.36843450680557904,26,orthorhombic,5,False,4,7.195841202788543,30.420183840440473,0.6493251119101262
La3Te3.65Sb0.35,11.008524523468088,12.144801723604864,1.1362772001367762,11.553246175554191,0.36843450687443524,6,monoclinic,6,False,2,6.964909408212235,31.599132090963607,0.649215415224623
La3Te3.8Sb0.2,11.00852452140033,12.144801724316972,1.1362772029166415,11.553246174584944,0.36843450797684385,6,monoclinic,6,False,2,6.853391032670618,32.199860098136696,0.6489366969239664
LaCo0.5Ni0.5Fe0.50.5O3,11.999999999999483,11.999999999999492,8.881784197001252e-15,11.999999999999488,2.6974307561263064e-15,1,triclinic,7,False,1,6.118462954465975,12.643683796219928,0.6543921358603743
LaCo0.75Ni0.25O3,11.999999999999481,11.99999999999949,8.881784197001252e-15,11.999999999999485,1.973729821555834e-15,1,triclinic,7,False,1,6.133484562422178,12.643683796219928,0.6509120037717613
LaCo0.8Ni0.5Fe0.50.2O3,11.99999999999948,11.999999999999496,1.5987211554602254e-14,11.999999999999488,2.4980018054066022e-15,1,triclinic,7,False,1,6.430452863107895,12.643683808307825,0.6968869598549272
LaCo0.95Ni0.05O3,11.99999999999948,11.999999999999494,1.4210854715202004e-14,11.99999999999949,4.227729277772596e-15,1,triclinic,7,False,1,6.457007557794878,12.643683805890246,0.6972601845987846
LaCo0.9Ni0.1O3,11.999999999999483,11.999999999999492,8.881784197001252e-15,11.999999999999488,2.4980018054066022e-15,1,triclinic,7,False,1,6.524893931449651,12.643683808307825,0.7070367539618062
LaCo0.9Ni0.5Fe0.50.1O3,11.99999999999948,11.999999999999494,1.4210854715202004e-14,11.99999999999949,4.458655666894628e-15,1,triclinic,7,False,1,6.452951723649805,12.643683805890246,0.6981998202619913
LaCo4Sb12,11.99999999999948,11.99999999999949,1.0658141036401503e-14,11.999999999999488,2.8290127442300285e-15,1,triclinic,7,False,1,8.253972139618025,21.94247083595864,0.6187655905330898
LaCoO3,11.999999999999481,11.99999999999949,8.881784197001252e-15,11.999999999999485,2.6974307561263064e-15,1,triclinic,7,False,1,6.134650974025026,12.643683796219928,0.6509120037717613
LaF0.05O0.95BiS2,5.751269286796068,12.680541668319234,6.929272381523166,11.877276085114595,0.18636000282228637,1,triclinic,7,False,1,6.576131817459885,24.810047685099505,0.5324489915622727
LaF0.25O0.75BiS2,6.03689227180761,12.730310501292166,6.693418229484556,11.746754062249304,0.6381882267036908,1,triclinic,7,False,1,10.892265985055698,12.192123660640645,0.8778506657211976
LaF0.5O0.5BiS2,5.34224066868349,12.985995336123528,7.643754667440038,11.102657279910693,1.6063208308579981,1,triclinic,7,False,1,11.155236514478137,11.379315416597935,0.8905380401755859
LaFe3CoSb12,11.99999999999948,11.999999999999492,1.2434497875801753e-14,11.999999999999487,2.6974307561263064e-15,1,triclinic,7,False,1,7.943870693666188,22.193080430136494,0.6175795689502757
LaNiO3,11.999999999999481,11.99999999999949,8.881784197001252e-15,11.999999999999485,1.973729821555834e-15,1,triclinic,7,False,1,6.128818916010785,12.643683796219928,0.6509120037717613
LaOBiS1.2Se0.8,6.927991349921907,10.937525770520205,4.009534420598298,9.131049073022679,1.283941809550622,8,monoclinic,6,False,8,7.122585754172137,22.143841710980027,0.5390287414369707
LaOBiS1.4Se0.6,6.927991349921907,10.937525770520205,4.009534420598298,9.131049073022679,1.283941809550622,8,monoclinic,6,False,8,7.122585754172137,22.143841710980027,0.5390287414369707
LaOBiS1.6Se0.4,11.95692193782396,11.956921938173176,3.4921576741453464e-10,11.956921938027573,1.2665851700788266e-10,119,tetragonal,4,False,8,10.390675749901387,16.762542939748798,0.8256489244121947
LaOBiS2,11.956921937823962,11.956921938173176,3.4921399105769524e-10,11.95692193802757,1.2665790638521912e-10,216,cubic,1,False,192,11.031909175184007,14.899753121686118,0.8944814202986604
LaOBiSSe_transmutation_transmuted_from_agm002040982_rank_1,6.927991349921909,10.937525770520205,4.009534420598296,9.131049073022677,1.2839418095506214,8,monoclinic,6,False,4,7.122585754172137,22.143841710980027,0.5390287414369708
LaOBiSSe_transmutation_transmuted_from_agm002054495_rank_2,7.27025380193999,10.684796114128492,3.4145423121885017,8.847348738700097,0.9818200498251087,1,triclinic,7,False,1,6.989832969924305,22.564403497466852,0.5289821700533343
LaOBiSSe_transmutation_transmuted_from_oqmd-6120606_rank_4,7.515680030325962,11.635138509797542,4.1194584794715805,9.398009263413343,0.9783153445673461,36,orthorhombic,5,False,4,5.477225988928784,28.795856119881535,0.4145098891436664
LaOBiSSe_transmutation_transmuted_from_oqmd-6123023_rank_5,7.602024911341936,16.724724391507575,9.12269948016564,10.5764933353368,2.595696486044298,129,tetragonal,4,True,16,7.140886303911637,22.087091825964578,0.540413705077164
LaOBiSSe_transmutation_transmuted_from_oqmd-6125605_rank_3,8.340615355118892,17.247923640889773,8.907308285770881,10.930438924381635,2.5269936228357666,129,tetragonal,4,True,16,6.864953830856518,22.9748684986554,0.5195314666870726
Li0.0024Ni0.9976O_generalized_grouping_grouped_from_agm002068072_rank_3,7.80451602453066,10.247049694187456,2.4425336696567967,9.025762053454843,1.2212393778507513,194,hexagonal,2,True,192,2.0428224089808036,30.357585667201587,0.1846453388493165
Li0.0024Ni0.9976O_generalized_grouping_grouped_from_oqmd-5395345_rank_2,9.646113141270112,9.66042960491903,0.014316463648917477,9.653267507269243,0.007143811451441828,194,hexagonal,2,True,192,2.739111993335378,22.64060631124428,0.24758112106669686
Li0.0184Ni0.9816O_generalized_grouping_grouped_from_agm002068072_rank_3,7.80451602453066,10.247049694187456,2.4425336696567967,9.025762053454843,1.2212393778507513,194,hexagonal,2,True,192,2.0428224089808036,30.357585667201587,0.1846453388493165
Li0.0184Ni0.9816O_generalized_grouping_grouped_from_oqmd-5395345_rank_2,9.646113141270112,9.66042960491903,0.014316463648917477,9.653267507269243,0.007143811451441828,194,hexagonal,2,True,192,2.739111993335378,22.64060631124428,0.24758112106669686
Li0.01Cu1.85Se_generalized_grouping_grouped_from_oqmd-5757776_rank_1,9.579430428377142,13.164159281077968,3.5847288527008256,10.774342205275799,1.593209355074712,187,hexagonal,2,False,12,7.84172638722664,14.612306061182707,0.6099118342699565
Li0.0242Ni0.9758O_generalized_grouping_grouped_from_agm002068072_rank_3,7.80451602453066,10.247049694187456,2.4425336696567967,9.025762053454843,1.2212393778507513,194,hexagonal,2,True,192,2.0428224089808036,30.357585667201587,0.1846453388493165
Li0.0242Ni0.9758O_generalized_grouping_grouped_from_oqmd-5395345_rank_2,9.646113141270112,9.66042960491903,0.014316463648917477,9.653267507269243,0.007143811451441828,194,hexagonal,2,True,192,2.739111993335378,22.64060631124428,0.24758112106669686
Li0.02Cu1.85Se_generalized_grouping_grouped_from_oqmd-3241062_rank_3,7.999999999893484,9.971817977428948,1.9718179775354638,9.314545318200231,0.876363545537831,216,cubic,1,False,192,5.346699891919628,21.331375935662052,0.4216420572882855
Li0.02Cu1.85Se_generalized_grouping_grouped_from_oqmd-5473064_rank_2,7.999999999989332,9.971811232772206,1.9718112327828736,9.314540821839282,0.876360547899966,216,cubic,1,False,192,4.560721217529835,25.007550334653875,0.35965958736225256
Li0.02Cu1.85Se_generalized_grouping_grouped_from_oqmd-5757776_rank_1,9.579430428377142,13.164159281077968,3.5847288527008256,10.774342205275799,1.593209355074712,187,hexagonal,2,False,12,7.84172638722664,14.612306061182707,0.6099118342699565
Li0.03Cu1.81Bi0.04Se_generalized_grouping_grouped_from_oqmd-3241062_rank_3,7.999999999893484,9.971817977428948,1.9718179775354638,9.314545318200231,0.876363545537831,216,cubic,1,False,192,5.346699891919628,21.331375935662052,0.4216420572882855
Li0.03Cu1.81Bi0.04Se_generalized_grouping_grouped_from_oqmd-5473064_rank_2,7.999999999989332,9.971811232772206,1.9718112327828736,9.314540821839282,0.876360547899966,216,cubic,1,False,192,4.560721217529835,25.007550334653875,0.35965958736225256
Li0.03Cu1.81Bi0.04Se_generalized_grouping_grouped_from_oqmd-5757776_rank_1,9.579430429498181,13.164159281049665,3.5847288515514837,10.774342206013742,1.5932093545638857,187,hexagonal,2,False,12,7.972959895156457,14.935946828393519,0.611741628915185
Li0.03Cu1.82Bi0.03Se_generalized_grouping_grouped_from_oqmd-3241062_rank_3,7.999999999893484,9.971817977428948,1.9718179775354638,9.314545318200231,0.876363545537831,216,cubic,1,False,192,5.346699891919628,21.331375935662052,0.4216420572882855
Li0.03Cu1.82Bi0.03Se_generalized_grouping_grouped_from_oqmd-5473064_rank_2,7.999999999989332,9.971811232772206,1.9718112327828736,9.314540821839282,0.876360547899966,216,cubic,1,False,192,4.560721217529835,25.007550334653875,0.35965958736225256
Li0.03Cu1.82Bi0.03Se_generalized_grouping_grouped_from_oqmd-5757776_rank_1,9.579430428377142,13.164159281077968,3.5847288527008256,10.774342205275799,1.593209355074712,187,hexagonal,2,False,12,7.84172638722664,14.612306061182707,0.6099118342699565
Li0.03Cu1.83Bi0.02Se_generalized_grouping_grouped_from_oqmd-3241062_rank_3,7.999999999893484,9.971817977428948,1.9718179775354638,9.314545318200231,0.876363545537831,216,cubic,1,False,192,5.346699891919628,21.331375935662052,0.4216420572882855
Li0.03Cu1.83Bi0.02Se_generalized_grouping_grouped_from_oqmd-5473064_rank_2,7.999999999989332,9.971811232772206,1.9718112327828736,9.314540821839282,0.876360547899966,216,cubic,1,False,192,4.560721217529835,25.007550334653875,0.35965958736225256
Li0.03Cu1.83Bi0.02Se_generalized_grouping_grouped_from_oqmd-5757776_rank_1,9.579430428377142,13.164159281077968,3.5847288527008256,10.774342205275799,1.593209355074712,187,hexagonal,2,False,12,7.84172638722664,14.612306061182707,0.6099118342699565
Li0.03Cu1.85Se_generalized_grouping_grouped_from_oqmd-3241062_rank_3,7.999999999893484,9.971817977428948,1.9718179775354638,9.314545318200231,0.876363545537831,216,cubic,1,False,192,5.346699891919628,21.331375935662052,0.4216420572882855
Li0.03Cu1.85Se_generalized_grouping_grouped_from_oqmd-5473064_rank_2,7.999999999989332,9.971811232772206,1.9718112327828736,9.314540821839282,0.876360547899966,216,cubic,1,False,192,4.560721217529835,25.007550334653875,0.35965958736225256
Li0.03Cu1.85Se_generalized_grouping_grouped_from_oqmd-5757776_rank_1,9.579430428377142,13.164159281077968,3.5847288527008256,10.774342205275799,1.593209355074712,187,hexagonal,2,False,12,7.84172638722664,14.612306061182707,0.6099118342699565
Li0.03Cu1.8Bi0.05Se_generalized_grouping_grouped_from_oqmd-3241062_rank_3,7.999999999893484,9.971817977428948,1.9718179775354638,9.314545318200231,0.876363545537831,216,cubic,1,False,192,5.346699891919628,21.331375935662052,0.4216420572882855
Li0.03Cu1.8Bi0.05Se_generalized_grouping_grouped_from_oqmd-5473064_rank_2,7.999999999989332,9.971811232772206,1.9718112327828736,9.314540821839282,0.876360547899966,216,cubic,1,False,192,4.560721217529835,25.007550334653875,0.35965958736225256
Li0.03Cu1.8Bi0.05Se_generalized_grouping_grouped_from_oqmd-5757776_rank_1,9.579430429498181,13.164159281049665,3.5847288515514837,10.774342206013742,1.5932093545638857,187,hexagonal,2,False,12,7.972959895156457,14.935946828393519,0.611741628915185
Li1.01Co0.85Ni0.15O2,11.999999999999481,11.999999999999492,1.0658141036401503e-14,11.999999999999485,2.500057773970723e-15,1,triclinic,7,False,1,3.253528194272614,12.643683796219928,0.5076299502441934
Li1.04Co0.85Ni0.15O2,11.999999999999481,11.999999999999492,1.0658141036401503e-14,11.999999999999485,2.500057773970723e-15,1,triclinic,7,False,1,3.253528194272614,12.643683796219928,0.5076299502441934
Li1.1Co0.85Ni0.15O2,11.999999999999481,11.999999999999492,1.0658141036401503e-14,11.999999999999487,2.1711028037114174e-15,1,triclinic,7,False,1,3.022950143777962,12.643683804278528,0.49746946732641295
Li2Ge11Sb2Te15,11.008524522970818,12.144801723712721,1.1362772007419029,11.553246175290026,0.36843450710110653,6,monoclinic,6,False,2,7.14985757478667,22.931785250728392,0.4623468586343832
Li2Ge3Sb2Te7,11.99999999999948,11.99999999999949,1.0658141036401503e-14,11.999999999999487,2.3684757858670005e-15,1,triclinic,7,False,1,8.718881064436351,18.406557065256987,0.6049983983989367
LiCo0.85Ni0.15O2,11.99999999999948,11.99999999999949,1.0658141036401503e-14,11.999999999999485,2.039520815607695e-15,1,triclinic,7,False,1,3.253528194272614,12.643683796219928,0.5076299502441934
LiCo0.92Ni0.08O2,11.999999999999481,11.999999999999494,1.2434497875801753e-14,11.999999999999488,2.3869795029440866e-15,1,triclinic,7,False,1,3.213008321842135,12.643683808307825,0.49205601357818357
LiCo0.96Ni0.04O2,11.99999999999948,11.999999999999492,1.2434497875801753e-14,11.99999999999949,4.227729277772596e-15,1,triclinic,7,False,1,3.2131854712185364,12.643683805890246,0.49205601367227114
LiCoO2,11.99999999999948,11.99999999999949,1.0658141036401503e-14,11.999999999999485,2.039520815607695e-15,1,triclinic,7,False,1,3.2546946058754624,12.643683796219928,0.5076299502441934
LiGe11.5Sb2Te15,11.008524522970871,12.144801723712751,1.1362772007418798,11.553246175290083,0.36843450710114034,1,triclinic,7,False,1,7.27398099127567,22.931785250728392,0.44984014682812035
LiGe3.5Sb2Te7,11.999999999999481,11.999999999999492,1.0658141036401503e-14,11.999999999999487,2.2368937977632784e-15,1,triclinic,7,False,1,9.531934336679686,18.03892708907445,0.6052866430979635
LiMn2O4,11.999999999999481,11.999999999999492,1.0658141036401503e-14,11.999999999999485,2.039520815607695e-15,1,triclinic,7,False,1,3.4402532318312753,12.643683796219928,0.4587393859177816
Lu0.05Bi1.95Te3,11.99999999999948,11.999999999999494,1.4210854715202004e-14,11.99999999999949,4.192202140984591e-15,1,triclinic,7,False,1,11.690046236538196,22.70086084234725,0.6084464500643955
Lu0.2Bi1.8Te3,11.99999999999948,11.999999999999492,1.2434497875801753e-14,11.999999999999487,2.105311809659556e-15,1,triclinic,7,False,1,11.537031032425022,22.956343539487534,0.6097351032320723
Mg1.95Ca0.05Si_generalized_grouping_grouped_from_oqmd-3241062_rank_3,7.999999999893484,9.971817977428948,1.9718179775354638,9.314545318200231,0.876363545537831,216,cubic,1,False,192,1.9901181330961206,21.331375935662052,0.5289487458438885
Mg1.95Ca0.05Si_generalized_grouping_grouped_from_oqmd-5473064_rank_2,7.999999999989332,9.971811232772206,1.9718112327828736,9.314540821839282,0.876360547899966,216,cubic,1,False,192,1.6975656345925274,25.007550334653875,0.45119191593338104
Mg1.95Ca0.05Si_generalized_grouping_grouped_from_oqmd-5757776_rank_1,9.57943043227431,13.164159280979563,3.5847288487052538,10.774342207841116,1.5932093532989093,164,trigonal,3,True,12,2.3799865778081917,18.06632798324817,0.6364114643308537
Mg1.95Li0.05Ge0.9Si0.1_generalized_grouping_grouped_from_oqmd-3241062_rank_3,7.999999999893485,9.971817977428946,1.9718179775354612,9.314545318200231,0.8763635455378301,216,cubic,1,False,24,3.0017176215394095,21.331375935662052,0.5645802529215536
Mg1.95Li0.05Ge0.9Si0.1_generalized_grouping_grouped_from_oqmd-5473064_rank_2,7.999999999989332,9.971811232772206,1.9718112327828736,9.314540821839282,0.876360547899966,216,cubic,1,False,24,2.5604573891041507,25.007550334653875,0.4815854995693848
Mg1.95Li0.05Ge0.9Si0.1_generalized_grouping_grouped_from_oqmd-5757776_rank_1,9.579430429627259,13.164159281046404,3.584728851419145,10.774342206098694,1.5932093545050774,8,monoclinic,6,False,2,3.2454739009982636,19.544161797162023,0.6147509498685427
Mg1.96Li0.04Zn0.98Sb2,9.579431625285896,13.164159621238719,3.5847279959528233,10.77434220902915,1.5932093524868403,6,monoclinic,6,False,2,5.6528312186920635,20.587805212964312,0.6033433593410408
Mg1.97Li0.03Ge0.8Si0.2_generalized_grouping_grouped_from_oqmd-3241062_rank_3,7.999999999893485,9.971817977428946,1.9718179775354612,9.314545318200231,0.8763635455378301,38,orthorhombic,5,False,8,2.857203408904654,21.331375935662052,0.5594900376247444
Mg1.97Li0.03Ge0.8Si0.2_generalized_grouping_grouped_from_oqmd-5473064_rank_2,7.999999999989332,9.971811232772206,1.9718112327828736,9.314540821839282,0.876360547899966,38,orthorhombic,5,False,8,2.437187138459633,25.007550334653875,0.47724355904995575
Mg1.97Li0.03Ge0.8Si0.2_generalized_grouping_grouped_from_oqmd-5757776_rank_1,9.579430431156043,13.164159281007796,3.5847288498517536,10.774342207105017,1.5932093538084644,38,orthorhombic,5,False,4,3.2115657061698184,19.457619509023093,0.6161587735496789
Mg1.97Li0.03Ge0.9Si0.1_generalized_grouping_grouped_from_oqmd-3241062_rank_3,7.999999999893485,9.971817977428946,1.9718179775354612,9.314545318200231,0.8763635455378301,216,cubic,1,False,24,3.0017176215394095,21.331375935662052,0.5645802529215536
Mg1.97Li0.03Ge0.9Si0.1_generalized_grouping_grouped_from_oqmd-5473064_rank_2,7.999999999989332,9.971811232772206,1.9718112327828736,9.314540821839282,0.876360547899966,216,cubic,1,False,24,2.5604573891041507,25.007550334653875,0.4815854995693848
Mg1.97Li0.03Ge0.9Si0.1_generalized_grouping_grouped_from_oqmd-5757776_rank_1,9.579430428864564,13.164159281065654,3.5847288522010903,10.774342205596646,1.5932093548526105,187,hexagonal,2,False,24,3.268955825073049,19.587529004411568,0.6148439457681669
Mg1.98Li0.02Ge0.8Si0.2_generalized_grouping_grouped_from_oqmd-3241062_rank_3,7.999999999893485,9.971817977428946,1.9718179775354612,9.314545318200231,0.8763635455378301,38,orthorhombic,5,False,8,2.857203408904654,21.331375935662052,0.5594900376247444
Mg1.98Li0.02Ge0.8Si0.2_generalized_grouping_grouped_from_oqmd-5473064_rank_2,7.999999999989332,9.971811232772206,1.9718112327828736,9.314540821839282,0.876360547899966,38,orthorhombic,5,False,8,2.437187138459633,25.007550334653875,0.47724355904995575
Mg1.98Li0.02Ge0.8Si0.2_generalized_grouping_grouped_from_oqmd-5757776_rank_1,9.579430431156043,13.164159281007796,3.5847288498517536,10.774342207105017,1.5932093538084644,38,orthorhombic,5,False,4,3.2115657061698184,19.457619509023093,0.6161587735496789
Mg1.98Li0.02Ge0.9Si0.1_generalized_grouping_grouped_from_oqmd-3241062_rank_3,7.999999999893485,9.971817977428946,1.9718179775354612,9.314545318200231,0.8763635455378301,216,cubic,1,False,24,3.0017176215394095,21.331375935662052,0.5645802529215536
Mg1.98Li0.02Ge0.9Si0.1_generalized_grouping_grouped_from_oqmd-5473064_rank_2,7.999999999989332,9.971811232772206,1.9718112327828736,9.314540821839282,0.876360547899966,216,cubic,1,False,24,2.5604573891041507,25.007550334653875,0.4815854995693848
Mg1.98Li0.02Ge0.9Si0.1_generalized_grouping_grouped_from_oqmd-5757776_rank_1,9.579430428864564,13.164159281065654,3.5847288522010903,10.774342205596646,1.5932093548526105,187,hexagonal,2,False,24,3.268955825073049,19.587529004411568,0.6148439457681669
Mg1.99Li0.01Ge0.9Si0.1_generalized_grouping_grouped_from_oqmd-3241062_rank_3,7.999999999893485,9.971817977428946,1.9718179775354612,9.314545318200231,0.8763635455378301,216,cubic,1,False,24,3.0017176215394095,21.331375935662052,0.5645802529215536
Mg1.99Li0.01Ge0.9Si0.1_generalized_grouping_grouped_from_oqmd-5473064_rank_2,7.999999999989332,9.971811232772206,1.9718112327828736,9.314540821839282,0.876360547899966,216,cubic,1,False,24,2.5604573891041507,25.007550334653875,0.4815854995693848
Mg1.99Li0.01Ge0.9Si0.1_generalized_grouping_grouped_from_oqmd-5757776_rank_1,9.579430428864564,13.164159281065654,3.5847288522010903,10.774342205596646,1.5932093548526105,187,hexagonal,2,False,24,3.268955825073049,19.587529004411568,0.6148439457681669
Mg2.16Si0.4Sn0.60.97Bi0.03_generalized_grouping_grouped_from_oqmd-3241062_rank_3,7.999999999893484,9.971817977428948,1.9718179775354638,9.314545318200231,0.876363545537831,160,trigonal,3,False,24,3.1658941613687657,21.331375935662052,0.5851630503594254
Mg2.16Si0.4Sn0.60.97Bi0.03_generalized_grouping_grouped_from_oqmd-5473064_rank_2,7.999999999989332,9.971811232772206,1.9718112327828736,9.314540821839282,0.876360547899966,160,trigonal,3,False,24,2.700499554132334,25.007550334653875,0.4991425726964718
Mg2.16Si0.4Sn0.60.97Bi0.03_generalized_grouping_grouped_from_oqmd-5757776_rank_1,9.579430430838144,13.164159281015824,3.5847288501776795,10.774342206895758,1.5932093539533192,38,orthorhombic,5,False,4,3.3793102905943764,20.873256011868513,0.6137325537984206
Mg2.16Si0.4Sn0.60.985Bi0.015_generalized_grouping_grouped_from_oqmd-3241062_rank_3,7.999999999893484,9.971817977428948,1.9718179775354638,9.314545318200231,0.876363545537831,160,trigonal,3,False,24,3.1658941613687657,21.331375935662052,0.5851630503594254
Mg2.16Si0.4Sn0.60.985Bi0.015_generalized_grouping_grouped_from_oqmd-5473064_rank_2,7.999999999989332,9.971811232772206,1.9718112327828736,9.314540821839282,0.876360547899966,160,trigonal,3,False,24,2.700499554132334,25.007550334653875,0.4991425726964718
Mg2.16Si0.4Sn0.60.985Bi0.015_generalized_grouping_grouped_from_oqmd-5757776_rank_1,9.579430430838144,13.164159281015824,3.5847288501776795,10.774342206895758,1.5932093539533192,38,orthorhombic,5,False,4,3.3793102905943764,20.873256011868513,0.6137325537984206
Mg2.16Si0.4Sn0.60.98Bi0.02_generalized_grouping_grouped_from_oqmd-3241062_rank_3,7.999999999893484,9.971817977428948,1.9718179775354638,9.314545318200231,0.876363545537831,160,trigonal,3,False,24,3.1658941613687657,21.331375935662052,0.5851630503594254
Mg2.16Si0.4Sn0.60.98Bi0.02_generalized_grouping_grouped_from_oqmd-5473064_rank_2,7.999999999989332,9.971811232772206,1.9718112327828736,9.314540821839282,0.876360547899966,160,trigonal,3,False,24,2.700499554132334,25.007550334653875,0.4991425726964718
Mg2.16Si0.4Sn0.60.98Bi0.02_generalized_grouping_grouped_from_oqmd-5757776_rank_1,9.579430430838144,13.164159281015824,3.5847288501776795,10.774342206895758,1.5932093539533192,38,orthorhombic,5,False,4,3.3793102905943764,20.873256011868513,0.6137325537984206
Mg2.16Si0.4Sn0.60.995Bi0.005_generalized_grouping_grouped_from_oqmd-3241062_rank_3,7.999999999893484,9.971817977428948,1.9718179775354638,9.314545318200231,0.876363545537831,160,trigonal,3,False,6,3.459838168436928,21.331375935662052,0.5992166264883096
Mg2.16Si0.4Sn0.60.995Bi0.005_generalized_grouping_grouped_from_oqmd-5473064_rank_2,7.999999999989332,9.971811232772206,1.9718112327828736,9.314540821839282,0.876360547899966,160,trigonal,3,False,6,2.951233034017286,25.007550334653875,0.5111302368872445
Mg2.16Si0.4Sn0.60.995Bi0.005_generalized_grouping_grouped_from_oqmd-5757776_rank_1,9.579430430838144,13.164159281015824,3.5847288501776795,10.774342206895758,1.5932093539533192,38,orthorhombic,5,False,4,3.3793102905943764,20.873256011868513,0.6137325537984206
Mg2.16Si0.4Sn0.60.99Bi0.01_generalized_grouping_grouped_from_oqmd-3241062_rank_3,7.999999999893484,9.971817977428948,1.9718179775354638,9.314545318200231,0.876363545537831,160,trigonal,3,False,6,3.459838168436928,21.331375935662052,0.5992166264883096
Mg2.16Si0.4Sn0.60.99Bi0.01_generalized_grouping_grouped_from_oqmd-5473064_rank_2,7.999999999989332,9.971811232772206,1.9718112327828736,9.314540821839282,0.876360547899966,160,trigonal,3,False,6,2.951233034017286,25.007550334653875,0.5111302368872445
Mg2.16Si0.4Sn0.60.99Bi0.01_generalized_grouping_grouped_from_oqmd-5757776_rank_1,9.579430430838144,13.164159281015824,3.5847288501776795,10.774342206895758,1.5932093539533192,38,orthorhombic,5,False,4,3.3793102905943764,20.873256011868513,0.6137325537984206
Mg2.16Si0.4Sn0.6_generalized_grouping_grouped_from_oqmd-3241062_rank_3,7.999999999893484,9.971817977428948,1.9718179775354638,9.314545318200231,0.876363545537831,160,trigonal,3,False,6,3.459838168436928,21.331375935662052,0.5992166264883096
Mg2.16Si0.4Sn0.6_generalized_grouping_grouped_from_oqmd-5473064_rank_2,7.999999999989332,9.971811232772206,1.9718112327828736,9.314540821839282,0.876360547899966,160,trigonal,3,False,6,2.951233034017286,25.007550334653875,0.5111302368872445
Mg2.16Si0.4Sn0.6_generalized_grouping_grouped_from_oqmd-5757776_rank_1,9.579430430838144,13.164159281015824,3.5847288501776795,10.774342206895758,1.5932093539533192,38,orthorhombic,5,False,4,3.3793102905943764,20.873256011868513,0.6137325537984206
Mg2Cu3In3Te8,11.999999999999481,11.99999999999949,8.881784197001252e-15,11.999999999999488,2.7632217501781674e-15,1,triclinic,7,False,1,8.294481743089428,20.398957840272768,0.6043349662609012
Mg2Si0.6Ge0.4Ag0.02_generalized_grouping_grouped_from_oqmd-3241062_rank_3,7.999999999893484,9.971817977428948,1.9718179775354638,9.314545318200231,0.8763635455378309,160,trigonal,3,False,6,2.423660771000387,21.331375935662052,0.5442193917343164
Mg2Si0.6Ge0.4Ag0.02_generalized_grouping_grouped_from_oqmd-5473064_rank_2,7.999999999989333,9.971811232772206,1.9718112327828727,9.314540821839282,0.8763605478999651,160,trigonal,3,False,6,2.06737638652608,25.007550334653875,0.4642177374916684
Mg2Si0.6Ge0.4Ag0.02_generalized_grouping_grouped_from_oqmd-5757776_rank_1,9.579430428628113,13.164159281071635,3.584728852443522,10.77434220544101,1.5932093549603465,187,hexagonal,2,False,12,2.848623503736713,18.690206858071956,0.6240294274522566
Mg2Si0.6Ge0.4Bi0.02_generalized_grouping_grouped_from_oqmd-3241062_rank_3,7.999999999893484,9.971817977428948,1.9718179775354638,9.314545318200231,0.8763635455378309,160,trigonal,3,False,6,2.423660771000387,21.331375935662052,0.5442193917343164
Mg2Si0.6Ge0.4Bi0.02_generalized_grouping_grouped_from_oqmd-5473064_rank_2,7.999999999989333,9.971811232772206,1.9718112327828727,9.314540821839282,0.8763605478999651,160,trigonal,3,False,6,2.06737638652608,25.007550334653875,0.4642177374916684
Mg2Si0.6Ge0.4Bi0.02_generalized_grouping_grouped_from_oqmd-5757776_rank_1,9.579430428628113,13.164159281071635,3.584728852443522,10.77434220544101,1.5932093549603465,187,hexagonal,2,False,12,2.848623503736713,18.690206858071956,0.6240294274522566
Mg2Si0.98Ag0.02_generalized_grouping_grouped_from_oqmd-3241062_rank_3,7.999999999893484,9.971817977428948,1.9718179775354638,9.314545318200231,0.876363545537831,216,cubic,1,False,192,1.9901181330961206,21.331375935662052,0.5289487458438885
Mg2Si0.98Ag0.02_generalized_grouping_grouped_from_oqmd-5473064_rank_2,7.999999999989332,9.971811232772206,1.9718112327828736,9.314540821839282,0.876360547899966,216,cubic,1,False,192,1.6975656345925274,25.007550334653875,0.45119191593338104
Mg2Si0.98Ag0.02_generalized_grouping_grouped_from_oqmd-5757776_rank_1,9.579430432696606,13.164159280968901,3.584728848272295,10.774342208119096,1.593209353106482,194,hexagonal,2,True,192,2.382168960333107,17.820716649550782,0.6331509989289555
Mg2Si0.98Bi0.02_generalized_grouping_grouped_from_oqmd-3241062_rank_3,7.999999999893484,9.971817977428948,1.9718179775354638,9.314545318200231,0.876363545537831,216,cubic,1,False,192,1.9901181330961206,21.331375935662052,0.5289487458438885
Mg2Si0.98Bi0.02_generalized_grouping_grouped_from_oqmd-5473064_rank_2,7.999999999989332,9.971811232772206,1.9718112327828736,9.314540821839282,0.876360547899966,216,cubic,1,False,192,1.6975656345925274,25.007550334653875,0.45119191593338104
Mg2Si0.98Bi0.02_generalized_grouping_grouped_from_oqmd-5757776_rank_1,9.579430432696606,13.164159280968901,3.584728848272295,10.774342208119096,1.593209353106482,194,hexagonal,2,True,192,2.382168960333107,17.820716649550782,0.6331509989289555
Mg2Si0.993Bi0.007_generalized_grouping_grouped_from_oqmd-3241062_rank_3,7.999999999893484,9.971817977428948,1.9718179775354638,9.314545318200231,0.876363545537831,216,cubic,1,False,192,1.9901181330961206,21.331375935662052,0.5289487458438885
Mg2Si0.993Bi0.007_generalized_grouping_grouped_from_oqmd-5473064_rank_2,7.999999999989332,9.971811232772206,1.9718112327828736,9.314540821839282,0.876360547899966,216,cubic,1,False,192,1.6975656345925274,25.007550334653875,0.45119191593338104
Mg2Si0.993Bi0.007_generalized_grouping_grouped_from_oqmd-5757776_rank_1,9.579430432696606,13.164159280968901,3.584728848272295,10.774342208119096,1.593209353106482,194,hexagonal,2,True,192,2.382168960333107,17.820716649550782,0.6331509989289555
Mg2Si0.995Bi0.005_generalized_grouping_grouped_from_oqmd-3241062_rank_3,7.999999999893484,9.971817977428948,1.9718179775354638,9.314545318200231,0.876363545537831,216,cubic,1,False,192,1.9901181330961206,21.331375935662052,0.5289487458438885
Mg2Si0.995Bi0.005_generalized_grouping_grouped_from_oqmd-5473064_rank_2,7.999999999989332,9.971811232772206,1.9718112327828736,9.314540821839282,0.876360547899966,216,cubic,1,False,192,1.6975656345925274,25.007550334653875,0.45119191593338104
Mg2Si0.995Bi0.005_generalized_grouping_grouped_from_oqmd-5757776_rank_1,9.579430432696606,13.164159280968901,3.584728848272295,10.774342208119096,1.593209353106482,194,hexagonal,2,True,192,2.382168960333107,17.820716649550782,0.6331509989289555
Mg2Si0.997Bi0.003_generalized_grouping_grouped_from_oqmd-3241062_rank_3,7.999999999893484,9.971817977428948,1.9718179775354638,9.314545318200231,0.876363545537831,216,cubic,1,False,192,1.9901181330961206,21.331375935662052,0.5289487458438885
Mg2Si0.997Bi0.003_generalized_grouping_grouped_from_oqmd-5473064_rank_2,7.999999999989332,9.971811232772206,1.9718112327828736,9.314540821839282,0.876360547899966,216,cubic,1,False,192,1.6975656345925274,25.007550334653875,0.45119191593338104
Mg2Si0.997Bi0.003_generalized_grouping_grouped_from_oqmd-5757776_rank_1,9.579430432696606,13.164159280968901,3.584728848272295,10.774342208119096,1.593209353106482,194,hexagonal,2,True,192,2.382168960333107,17.820716649550782,0.6331509989289555
Mg2Si0.9985Bi0.0015_generalized_grouping_grouped_from_oqmd-3241062_rank_3,7.999999999893484,9.971817977428948,1.9718179775354638,9.314545318200231,0.876363545537831,216,cubic,1,False,192,1.9901181330961206,21.331375935662052,0.5289487458438885
Mg2Si0.9985Bi0.0015_generalized_grouping_grouped_from_oqmd-5473064_rank_2,7.999999999989332,9.971811232772206,1.9718112327828736,9.314540821839282,0.876360547899966,216,cubic,1,False,192,1.6975656345925274,25.007550334653875,0.45119191593338104
Mg2Si0.9985Bi0.0015_generalized_grouping_grouped_from_oqmd-5757776_rank_1,9.579430432696606,13.164159280968901,3.584728848272295,10.774342208119096,1.593209353106482,194,hexagonal,2,True,192,2.382168960333107,17.820716649550782,0.6331509989289555
Mg2Si0.999Bi0.001_generalized_grouping_grouped_from_oqmd-5757776_rank_1,9.579430432696606,13.164159280968901,3.584728848272295,10.774342208119096,1.593209353106482,194,hexagonal,2,True,192,2.382168960333107,17.820716649550782,0.6331509989289555
Mg2Si_generalized_grouping_grouped_from_oqmd-3241062_rank_3,7.99999999989483,9.971818107134123,1.9718181072392928,9.314545404670476,0.8763636031837647,216,cubic,1,False,24,1.9901181330961206,21.331375935662052,0.5289487458438883
Mg2Si_generalized_grouping_grouped_from_oqmd-5473064_rank_2,7.999999999988903,9.971811103066289,1.9718111030773855,9.314540735368631,0.8763604902531519,216,cubic,1,False,24,1.6975656292137686,25.007550413890623,0.45119191450377344
Mg2Si_generalized_grouping_grouped_from_oqmd-5757776_rank_1,9.579434092147764,13.164157892950929,3.5847238008031646,10.77434220814129,1.5932093531152194,194,hexagonal,2,True,24,2.3821689603331064,17.820716649550786,0.633150998928955
Mg2Sn0.98Sb0.02_generalized_grouping_grouped_from_oqmd-3241062_rank_3,7.999999999893484,9.97181797742895,1.9718179775354656,9.314545318200231,0.8763635455378304,216,cubic,1,False,192,4.06463986076483,22.785241048753395,0.6004527862656461
Mg2Sn0.98Sb0.02_generalized_grouping_grouped_from_oqmd-5473064_rank_2,7.999999999989332,9.971811232772206,1.9718112327828736,9.314540821839282,0.876360547899966,216,cubic,1,False,192,3.7034334736721406,25.007550334653875,0.5470932294595625
Mg2Sn0.98Sb0.02_generalized_grouping_grouped_from_oqmd-5757776_rank_1,9.579430431494817,13.16415928099925,3.584728849504433,10.774342207328026,1.5932093536540914,194,hexagonal,2,True,192,4.06463985935875,22.78524105663549,0.6004527860579312
Mg2Sn0.995Sb0.005_generalized_grouping_grouped_from_oqmd-3241062_rank_3,7.999999999893484,9.97181797742895,1.9718179775354656,9.314545318200231,0.8763635455378304,216,cubic,1,False,192,4.06463986076483,22.785241048753395,0.6004527862656461
Mg2Sn0.995Sb0.005_generalized_grouping_grouped_from_oqmd-5473064_rank_2,7.999999999989332,9.971811232772206,1.9718112327828736,9.314540821839282,0.876360547899966,216,cubic,1,False,192,3.7034334736721406,25.007550334653875,0.5470932294595625
Mg2Sn0.995Sb0.005_generalized_grouping_grouped_from_oqmd-5757776_rank_1,9.579430431494817,13.16415928099925,3.584728849504433,10.774342207328026,1.5932093536540914,194,hexagonal,2,True,192,4.06463985935875,22.78524105663549,0.6004527860579312
Mg2Sn0.99Sb0.01_generalized_grouping_grouped_from_oqmd-3241062_rank_3,7.999999999893484,9.97181797742895,1.9718179775354656,9.314545318200231,0.8763635455378304,216,cubic,1,False,192,4.06463986076483,22.785241048753395,0.6004527862656461
Mg2Sn0.99Sb0.01_generalized_grouping_grouped_from_oqmd-5473064_rank_2,7.999999999989332,9.971811232772206,1.9718112327828736,9.314540821839282,0.876360547899966,216,cubic,1,False,192,3.7034334736721406,25.007550334653875,0.5470932294595625
Mg2Sn0.99Sb0.01_generalized_grouping_grouped_from_oqmd-5757776_rank_1,9.579430431494817,13.16415928099925,3.584728849504433,10.774342207328026,1.5932093536540914,194,hexagonal,2,True,192,4.06463985935875,22.78524105663549,0.6004527860579312
Mg2Zn0.96Sb2,7.999999999893484,9.971817977428948,1.9718179775354638,9.314545318200231,0.876363545537831,216,cubic,1,False,192,5.4873915950527605,21.331375935662052,0.5815097955793966
Mg2Zn0.98Sb2,7.999999999893484,9.971817977428948,1.9718179775354638,9.314545318200231,0.876363545537831,216,cubic,1,False,192,5.4873915950527605,21.331375935662052,0.5815097955793966
Mg2Zn1.02Sb2,7.999999999893484,9.971817977428948,1.9718179775354638,9.314545318200231,0.876363545537831,216,cubic,1,False,192,5.4873915950527605,21.331375935662052,0.5815097955793966
Mg2Zn1.04Sb2,7.999999999893484,9.971817977428948,1.9718179775354638,9.314545318200231,0.876363545537831,216,cubic,1,False,192,5.4873915950527605,21.331375935662052,0.5815097955793966
Mg2ZnSb2,7.999999999893484,9.971817977428948,1.9718179775354638,9.314545318200231,0.876363545537831,216,cubic,1,False,192,5.4873915950527605,21.331375935662052,0.5815097955793966
Mg3.07Sb1.5Bi0.44Se0.06,11.999999999999478,11.999999999999496,1.7763568394002505e-14,11.99999999999949,4.067857162226574e-15,1,triclinic,7,False,1,5.079131840391321,23.11709724920445,0.6022026494140007
Mg3.07Sb1.5Bi0.45Se0.05,11.99999999999948,11.999999999999492,1.2434497875801753e-14,11.99999999999949,4.220623850414995e-15,1,triclinic,7,False,1,5.009685861925303,23.149682753217558,0.6020012744973364
Mg3.5Gd0.045Sb2,11.999999999999481,11.999999999999496,1.4210854715202004e-14,11.99999999999949,3.808509063674137e-15,1,triclinic,7,False,1,4.396146556494903,22.83443108604039,0.6011684654889464
Mg3Bi2,7.80451602453066,10.247049694187456,2.4425336696567967,9.025762053454843,1.2212393778507513,194,hexagonal,2,True,192,6.3802755126069775,30.357585667201587,0.5154305082595838
Mg3Sb1.6Bi0.4,11.999999999999481,11.999999999999492,1.0658141036401503e-14,11.999999999999487,1.973729821555834e-15,5,monoclinic,6,False,2,5.059499405288712,23.128300450270057,0.6012190099470613
Mg3Sb1.8Bi0.2,11.999999999999481,11.999999999999494,1.2434497875801753e-14,11.999999999999488,2.6974307561263064e-15,8,monoclinic,6,False,2,4.881945535683967,22.870685621071114,0.6008863911122768
Mg3Sb1.9Bi0.1,11.99999999999948,11.999999999999494,1.4210854715202004e-14,11.999999999999485,2.55351295663786e-15,2,triclinic,7,True,2,4.64985105475655,22.761248184915885,0.6006563224730149
Mg3Sb2,7.80451602453066,10.247049694187456,2.4425336696567967,9.025762053454843,1.2212393778507513,194,hexagonal,2,True,192,3.9948275492119873,30.357585667201587,0.44317123525886337
MgAg0.97Sb.985As.005_generalized_grouping_grouped_from_oqmd-3241062_rank_3,7.999999999893484,9.97181797742895,1.9718179775354656,9.314545318200231,0.8763635455378301,216,cubic,1,False,192,5.770846781177953,24.356102058319014,0.6030590342756356
MgAg0.97Sb.985As.005_generalized_grouping_grouped_from_oqmd-5473064_rank_2,7.999999999989333,9.971811232772206,1.9718112327828727,9.314540821839282,0.8763605478999651,216,cubic,1,False,192,5.620515855586197,25.007550334653875,0.5873493080869563
MgAg0.97Sb.985As.005_generalized_grouping_grouped_from_oqmd-5757776_rank_1,9.579430434627564,13.16415928092014,3.5847288462925757,10.774342209390154,1.5932093522266146,194,hexagonal,2,True,192,5.770846783380193,24.35610204902437,0.6030590345057711
MgAg0.97Sb.985Bi.005_generalized_grouping_grouped_from_oqmd-3241062_rank_3,7.999999999893484,9.97181797742895,1.9718179775354656,9.314545318200231,0.8763635455378301,216,cubic,1,False,192,5.770846781177953,24.356102058319014,0.6030590342756356
MgAg0.97Sb.985Bi.005_generalized_grouping_grouped_from_oqmd-5473064_rank_2,7.999999999989333,9.971811232772206,1.9718112327828727,9.314540821839282,0.8763605478999651,216,cubic,1,False,192,5.620515855586197,25.007550334653875,0.5873493080869563
MgAg0.97Sb.985Bi.005_generalized_grouping_grouped_from_oqmd-5757776_rank_1,9.579430434627564,13.16415928092014,3.5847288462925757,10.774342209390154,1.5932093522266146,194,hexagonal,2,True,192,5.770846783380193,24.35610204902437,0.6030590345057711
MgAg0.97Sb.985Pb.005_generalized_grouping_grouped_from_oqmd-3241062_rank_3,7.999999999893484,9.97181797742895,1.9718179775354656,9.314545318200231,0.8763635455378301,216,cubic,1,False,192,5.770846781177953,24.356102058319014,0.6030590342756356
MgAg0.97Sb.985Pb.005_generalized_grouping_grouped_from_oqmd-5473064_rank_2,7.999999999989333,9.971811232772206,1.9718112327828727,9.314540821839282,0.8763605478999651,216,cubic,1,False,192,5.620515855586197,25.007550334653875,0.5873493080869563
MgAg0.97Sb.985Pb.005_generalized_grouping_grouped_from_oqmd-5757776_rank_1,9.579430434627564,13.16415928092014,3.5847288462925757,10.774342209390154,1.5932093522266146,194,hexagonal,2,True,192,5.770846783380193,24.35610204902437,0.6030590345057711
MgAg0.97Sb.985Sn.005_generalized_grouping_grouped_from_oqmd-3241062_rank_3,7.999999999893484,9.97181797742895,1.9718179775354656,9.314545318200231,0.8763635455378301,216,cubic,1,False,192,5.770846781177953,24.356102058319014,0.6030590342756356
MgAg0.97Sb.985Sn.005_generalized_grouping_grouped_from_oqmd-5473064_rank_2,7.999999999989333,9.971811232772206,1.9718112327828727,9.314540821839282,0.8763605478999651,216,cubic,1,False,192,5.620515855586197,25.007550334653875,0.5873493080869563
MgAg0.97Sb.985Sn.005_generalized_grouping_grouped_from_oqmd-5757776_rank_1,9.579430434627564,13.16415928092014,3.5847288462925757,10.774342209390154,1.5932093522266146,194,hexagonal,2,True,192,5.770846783380193,24.35610204902437,0.6030590345057711
MgAg0.97Sb.98As.01_generalized_grouping_grouped_from_oqmd-3241062_rank_3,7.999999999893484,9.97181797742895,1.9718179775354656,9.314545318200231,0.8763635455378301,216,cubic,1,False,192,5.770846781177953,24.356102058319014,0.6030590342756356
MgAg0.97Sb.98As.01_generalized_grouping_grouped_from_oqmd-5473064_rank_2,7.999999999989333,9.971811232772206,1.9718112327828727,9.314540821839282,0.8763605478999651,216,cubic,1,False,192,5.620515855586197,25.007550334653875,0.5873493080869563
MgAg0.97Sb.98As.01_generalized_grouping_grouped_from_oqmd-5757776_rank_1,9.579430434627564,13.16415928092014,3.5847288462925757,10.774342209390154,1.5932093522266146,194,hexagonal,2,True,192,5.770846783380193,24.35610204902437,0.6030590345057711
MgAg0.97Sb.98Bi.01_generalized_grouping_grouped_from_oqmd-3241062_rank_3,7.999999999893484,9.97181797742895,1.9718179775354656,9.314545318200231,0.8763635455378301,216,cubic,1,False,192,5.770846781177953,24.356102058319014,0.6030590342756356
MgAg0.97Sb.98Bi.01_generalized_grouping_grouped_from_oqmd-5473064_rank_2,7.999999999989333,9.971811232772206,1.9718112327828727,9.314540821839282,0.8763605478999651,216,cubic,1,False,192,5.620515855586197,25.007550334653875,0.5873493080869563
MgAg0.97Sb.98Bi.01_generalized_grouping_grouped_from_oqmd-5757776_rank_1,9.579430434627564,13.16415928092014,3.5847288462925757,10.774342209390154,1.5932093522266146,194,hexagonal,2,True,192,5.770846783380193,24.35610204902437,0.6030590345057711
MgAg0.97Sb.98Pb.01_generalized_grouping_grouped_from_oqmd-3241062_rank_3,7.999999999893484,9.97181797742895,1.9718179775354656,9.314545318200231,0.8763635455378301,216,cubic,1,False,192,5.770846781177953,24.356102058319014,0.6030590342756356
MgAg0.97Sb.98Pb.01_generalized_grouping_grouped_from_oqmd-5473064_rank_2,7.999999999989333,9.971811232772206,1.9718112327828727,9.314540821839282,0.8763605478999651,216,cubic,1,False,192,5.620515855586197,25.007550334653875,0.5873493080869563
MgAg0.97Sb.98Pb.01_generalized_grouping_grouped_from_oqmd-5757776_rank_1,9.579430434627564,13.16415928092014,3.5847288462925757,10.774342209390154,1.5932093522266146,194,hexagonal,2,True,192,5.770846783380193,24.35610204902437,0.6030590345057711
MgAg0.97Sb.98Sn.01_generalized_grouping_grouped_from_oqmd-3241062_rank_3,7.999999999893484,9.97181797742895,1.9718179775354656,9.314545318200231,0.8763635455378301,216,cubic,1,False,192,5.770846781177953,24.356102058319014,0.6030590342756356
MgAg0.97Sb.98Sn.01_generalized_grouping_grouped_from_oqmd-5473064_rank_2,7.999999999989333,9.971811232772206,1.9718112327828727,9.314540821839282,0.8763605478999651,216,cubic,1,False,192,5.620515855586197,25.007550334653875,0.5873493080869563
MgAg0.97Sb.98Sn.01_generalized_grouping_grouped_from_oqmd-5757776_rank_1,9.579430434627564,13.16415928092014,3.5847288462925757,10.774342209390154,1.5932093522266146,194,hexagonal,2,True,192,5.770846783380193,24.35610204902437,0.6030590345057711
MgAgSb0.985In0.015_generalized_grouping_grouped_from_oqmd-3241062_rank_3,7.999999999893484,9.97181797742895,1.9718179775354656,9.314545318200231,0.8763635455378301,216,cubic,1,False,192,5.770846781177953,24.356102058319014,0.6030590342756356
MgAgSb0.985In0.015_generalized_grouping_grouped_from_oqmd-5473064_rank_2,7.999999999989333,9.971811232772206,1.9718112327828727,9.314540821839282,0.8763605478999651,216,cubic,1,False,192,5.620515855586197,25.007550334653875,0.5873493080869563
MgAgSb0.985In0.015_generalized_grouping_grouped_from_oqmd-5757776_rank_1,9.579430434627564,13.16415928092014,3.5847288462925757,10.774342209390154,1.5932093522266146,194,hexagonal,2,True,192,5.770846783380193,24.35610204902437,0.6030590345057711
MgAgSb0.98In0.02_generalized_grouping_grouped_from_oqmd-3241062_rank_3,7.999999999893484,9.97181797742895,1.9718179775354656,9.314545318200231,0.8763635455378301,216,cubic,1,False,192,5.770846781177953,24.356102058319014,0.6030590342756356
MgAgSb0.98In0.02_generalized_grouping_grouped_from_oqmd-5473064_rank_2,7.999999999989333,9.971811232772206,1.9718112327828727,9.314540821839282,0.8763605478999651,216,cubic,1,False,192,5.620515855586197,25.007550334653875,0.5873493080869563
MgAgSb0.98In0.02_generalized_grouping_grouped_from_oqmd-5757776_rank_1,9.579430434627564,13.16415928092014,3.5847288462925757,10.774342209390154,1.5932093522266146,194,hexagonal,2,True,192,5.770846783380193,24.35610204902437,0.6030590345057711
MgAgSb0.995In0.005_generalized_grouping_grouped_from_oqmd-3241062_rank_3,7.999999999893484,9.97181797742895,1.9718179775354656,9.314545318200231,0.8763635455378301,216,cubic,1,False,192,5.770846781177953,24.356102058319014,0.6030590342756356
MgAgSb0.995In0.005_generalized_grouping_grouped_from_oqmd-5473064_rank_2,7.999999999989333,9.971811232772206,1.9718112327828727,9.314540821839282,0.8763605478999651,216,cubic,1,False,192,5.620515855586197,25.007550334653875,0.5873493080869563
MgAgSb0.995In0.005_generalized_grouping_grouped_from_oqmd-5757776_rank_1,9.579430434627564,13.16415928092014,3.5847288462925757,10.774342209390154,1.5932093522266146,194,hexagonal,2,True,192,5.770846783380193,24.35610204902437,0.6030590345057711
MgAgSb0.99In0.01_generalized_grouping_grouped_from_oqmd-3241062_rank_3,7.999999999893484,9.97181797742895,1.9718179775354656,9.314545318200231,0.8763635455378301,216,cubic,1,False,192,5.770846781177953,24.356102058319014,0.6030590342756356
MgAgSb0.99In0.01_generalized_grouping_grouped_from_oqmd-5473064_rank_2,7.999999999989333,9.971811232772206,1.9718112327828727,9.314540821839282,0.8763605478999651,216,cubic,1,False,192,5.620515855586197,25.007550334653875,0.5873493080869563
MgAgSb0.99In0.01_generalized_grouping_grouped_from_oqmd-5757776_rank_1,9.579430434627564,13.16415928092014,3.5847288462925757,10.774342209390154,1.5932093522266146,194,hexagonal,2,True,192,5.770846783380193,24.35610204902437,0.6030590345057711
MgAgSb_transmutation_transmuted_from_oqmd-3241062_rank_3,7.999999999894831,9.97181810713412,1.9718181072392884,9.314545404670476,0.8763636031837633,216,cubic,1,False,24,5.770846781177953,24.356102058319014,0.6030590342756355
MgAgSb_transmutation_transmuted_from_oqmd-3750974_rank_4,7.999999999996656,9.971809676302795,1.9718096763061395,9.31453978419915,0.8763598561349975,216,cubic,1,False,24,4.857185008398135,28.937611584131556,0.5075805010135389
MgAgSb_transmutation_transmuted_from_oqmd-5473064_rank_2,7.999999999988903,9.971811103066289,1.9718111030773855,9.314540735368631,0.8763604902531519,216,cubic,1,False,24,5.6205158377775195,25.007550413890623,0.5873493062259323
MgAgSb_transmutation_transmuted_from_oqmd-5757776_rank_1,9.579434094078715,13.164157892902178,3.584723798823463,10.774342209412346,1.5932093522353545,194,hexagonal,2,True,24,5.770846783380193,24.35610204902437,0.6030590345057716
MgAgSb_transmutation_transmuted_from_oqmd-7001747_rank_5,7.999999999909052,9.971808898020026,1.9718088981109734,9.314539265311607,0.8763595102683693,216,cubic,1,False,24,5.194637182997607,27.057776744319884,0.5428445775424657
Mn1.3Mo6S8,11.008524522970818,12.144801723712721,1.1362772007419029,11.553246175290026,0.36843450710110653,6,monoclinic,6,False,2,4.387136528778983,22.931785250728392,0.36513014992947135
Mn2Cu3In3Te8,11.999999999999483,11.999999999999492,8.881784197001252e-15,11.999999999999488,2.434266779918862e-15,1,triclinic,7,False,1,8.77455336933921,19.92702144538179,0.6039097612091374
Mo3Sb7I0.75,11.999999999999481,11.999999999999492,1.0658141036401503e-14,11.999999999999488,2.434266779918862e-15,1,triclinic,7,False,1,9.001401495118438,21.120742468954315,0.6001461019388756
Mo3Sb7I1.25,11.999999999999483,11.999999999999492,8.881784197001252e-15,11.999999999999488,2.105311809659556e-15,1,triclinic,7,False,1,9.126579290080779,21.039716683034882,0.6002111062334737
Mo3Sb7I1.5,11.999999999999478,11.99999999999949,1.2434497875801753e-14,11.999999999999485,2.8290127442300285e-15,1,triclinic,7,False,1,9.176867558430441,20.958898412006967,0.6002706697753376
Mo3Sb7I,11.99999999999948,11.99999999999949,1.0658141036401503e-14,11.999999999999485,1.907938827503973e-15,1,triclinic,7,False,1,9.076586700553221,21.120742468954315,0.6001461019388756
Mo3Sb7,7.860108072629344,10.394347683242584,2.5342396106132403,9.5496011463715,1.1263287158281043,2,triclinic,7,True,2,8.91219623830266,21.28341757612592,0.5999999996425086
Mo3Te4,7.80451602453066,10.247049694187456,2.4425336696567967,9.025762053454843,1.2212393778507513,194,hexagonal,2,True,192,6.113742171984032,30.357585667201587,0.3996380200652082
Mo6Te6S2,11.008524522970818,12.144801723712721,1.1362772007419029,11.553246175290026,0.36843450710110653,6,monoclinic,6,False,2,7.228765659850401,22.931785250728392,0.4892287731937749
Mo6Te7S,11.008524522970818,12.144801723712721,1.1362772007419029,11.553246175290026,0.36843450710110653,6,monoclinic,6,False,2,7.708058431341209,22.931785250728392,0.4978653112872827
Na0.02Pb0.98Te0.75Se0.25_generalized_grouping_grouped_from_agm002068072_rank_3,7.80451602453066,10.247049694187456,2.4425336696567967,9.025762053454843,1.2212393778507515,6,monoclinic,6,False,8,8.824093112503034,30.357585667201587,0.5705692750274977
Na0.02Pb0.98Te0.75Se0.25_generalized_grouping_grouped_from_oqmd-5395345_rank_2,9.64611314453031,9.660429608065192,0.014316463534882473,9.653267510472439,0.0071438113944269355,6,monoclinic,6,False,8,9.938909505132784,26.952470234267967,0.6426537343392713
Na0.02Pb0.98Te0.85Se0.15_generalized_grouping_grouped_from_agm002068072_rank_3,7.80451602453066,10.247049694187456,2.4425336696567967,9.025762053454843,1.2212393778507515,8,monoclinic,6,False,4,8.99037902287998,30.357585667201587,0.5811173265001084
Na0.02Pb0.98Te0.85Se0.15_generalized_grouping_grouped_from_oqmd-5395345_rank_2,9.646113141840967,9.660429605469917,0.01431646362894945,9.653267507830119,0.00714381144145948,8,monoclinic,6,False,4,9.82955662472757,27.76587101407083,0.6353598276453188
Na0.02Pb0.98Te_generalized_grouping_grouped_from_agm002068072_rank_3,7.80451602453066,10.247049694187456,2.4425336696567967,9.025762053454843,1.2212393778507513,194,hexagonal,2,True,192,9.156664933256929,30.357585667201587,0.5916653779727193
Na0.02Pb0.98Te_generalized_grouping_grouped_from_oqmd-5395345_rank_2,9.646113139204152,9.660429602925337,0.014316463721185002,9.653267505239409,0.00714381148757276,194,hexagonal,2,True,192,9.720917219408792,28.595474466360468,0.6281249999629789
NaCo2O4,11.999999999999483,11.999999999999492,8.881784197001252e-15,11.999999999999488,2.3684757858670005e-15,1,triclinic,7,False,1,3.907976901296665,12.643683796219928,0.5675084679786371
Nb0.03Ag0.97BiSe20.8PbS0.2,11.999999999999476,11.99999999999952,4.440892098500626e-14,11.999999999999496,1.0350239184238793e-14,1,triclinic,7,False,1,10.84298786887994,18.095952111175198,0.6594987467101736
Nb0.05Ag0.95BiSe20.8PbS0.2,11.999999999999478,11.999999999999492,1.4210854715202004e-14,11.99999999999949,4.991562718714704e-15,1,triclinic,7,False,1,10.821077404138856,18.20815770681444,0.6604444867424609
Nb0.75Ta0.25CoSn0.9Sb0.1_generalized_grouping_grouped_from_oqmd-3241062_rank_3,7.999999999893486,9.971817977428948,1.971817977535462,9.314545318200231,0.8763635455378301,44,orthorhombic,5,False,4,7.601327249329326,21.331375935662052,0.5601466416473586
Nb0.75Ta0.25CoSn0.9Sb0.1_generalized_grouping_grouped_from_oqmd-5473064_rank_2,7.999999999989333,9.971811232772206,1.9718112327828727,9.314540821839282,0.8763605478999651,44,orthorhombic,5,False,4,6.483912538236226,25.007550334653875,0.47780364058772407
Nb0.75Ta0.25CoSn0.9Sb0.1_generalized_grouping_grouped_from_oqmd-5757776_rank_1,9.579430432157311,13.164159280982522,3.584728848825211,10.774342207764112,1.5932093533522174,8,monoclinic,6,False,4,8.168981541806309,19.84908012530314,0.6019774476524209
Nb0.85Ta0.15CoSn0.9Sb0.1_generalized_grouping_grouped_from_oqmd-3241062_rank_3,7.999999999893484,9.971817977428946,1.971817977535462,9.314545318200231,0.8763635455378306,160,trigonal,3,False,6,7.315761300846392,21.331375935662052,0.5601466416473586
Nb0.85Ta0.15CoSn0.9Sb0.1_generalized_grouping_grouped_from_oqmd-5473064_rank_2,7.999999999989333,9.971811232772206,1.9718112327828727,9.314540821839282,0.8763605478999651,216,cubic,1,False,24,6.240325520715677,25.007550334653875,0.47780364058772407
Nb0.85Ta0.15CoSn0.9Sb0.1_generalized_grouping_grouped_from_oqmd-5757776_rank_1,9.579430432157311,13.164159280982522,3.584728848825211,10.774342207764112,1.5932093533522174,8,monoclinic,6,False,4,7.862090010155528,19.84908012530314,0.6019774476524209
Nb0.8Ta0.2CoSn0.9Sb0.1_generalized_grouping_grouped_from_oqmd-3241062_rank_3,7.999999999893486,9.971817977428948,1.971817977535462,9.314545318200231,0.8763635455378301,44,orthorhombic,5,False,4,7.601327249329326,21.331375935662052,0.5601466416473586
Nb0.8Ta0.2CoSn0.9Sb0.1_generalized_grouping_grouped_from_oqmd-5473064_rank_2,7.999999999989333,9.971811232772206,1.9718112327828727,9.314540821839282,0.8763605478999651,44,orthorhombic,5,False,4,6.483912538236226,25.007550334653875,0.47780364058772407
Nb0.8Ta0.2CoSn0.9Sb0.1_generalized_grouping_grouped_from_oqmd-5757776_rank_1,9.579430432157311,13.164159280982522,3.584728848825211,10.774342207764112,1.5932093533522174,1,triclinic,7,False,1,8.015535775980918,19.84908012530314,0.6019774476524209
Nb0.95Ta0.05CoSn0.9Sb0.1_generalized_grouping_grouped_from_oqmd-3241062_rank_3,7.999999999893486,9.971817977428948,1.971817977535462,9.314545318200233,0.8763635455378299,216,cubic,1,False,24,7.030195352363462,21.331375935662052,0.5601466416473586
Nb0.95Ta0.05CoSn0.9Sb0.1_generalized_grouping_grouped_from_oqmd-5473064_rank_2,7.999999999989332,9.971811232772206,1.9718112327828736,9.314540821839282,0.876360547899966,216,cubic,1,False,24,5.99673850319513,25.007550334653875,0.47780364058772407
Nb0.95Ta0.05CoSn0.9Sb0.1_generalized_grouping_grouped_from_oqmd-5757776_rank_1,9.579430432157311,13.164159280982522,3.584728848825211,10.774342207764112,1.5932093533522174,8,monoclinic,6,False,2,7.708644244330137,19.84908012530314,0.6019774476524209
Nb0.9Ta0.1CoSn0.9Sb0.1_generalized_grouping_grouped_from_oqmd-3241062_rank_3,7.999999999893484,9.971817977428946,1.971817977535462,9.314545318200231,0.8763635455378306,160,trigonal,3,False,6,7.315761300846392,21.331375935662052,0.5601466416473586
Nb0.9Ta0.1CoSn0.9Sb0.1_generalized_grouping_grouped_from_oqmd-5473064_rank_2,7.999999999989333,9.971811232772206,1.9718112327828727,9.314540821839282,0.8763605478999651,216,cubic,1,False,24,6.240325520715677,25.007550334653875,0.47780364058772407
Nb0.9Ta0.1CoSn0.9Sb0.1_generalized_grouping_grouped_from_oqmd-5757776_rank_1,9.579430432157311,13.164159280982522,3.584728848825211,10.774342207764112,1.5932093533522174,8,monoclinic,6,False,4,7.862090010155528,19.84908012530314,0.6019774476524209
NbCo0.92Ni0.08Sn_generalized_grouping_grouped_from_oqmd-3241062_rank_3,7.999999999893484,9.971817977428948,1.9718179775354638,9.314545318200231,0.876363545537831,216,cubic,1,False,24,7.019524777356338,21.331375935662052,0.5601466416473586
NbCo0.92Ni0.08Sn_generalized_grouping_grouped_from_oqmd-5473064_rank_2,7.999999999989333,9.971811232772206,1.9718112327828727,9.314540821839282,0.8763605478999651,216,cubic,1,False,24,5.987636530235739,25.007550334653875,0.47780364058772407
NbCo0.92Ni0.08Sn_generalized_grouping_grouped_from_oqmd-5757776_rank_1,9.579430432157311,13.164159280982522,3.584728848825211,10.774342207764112,1.5932093533522174,187,hexagonal,2,False,12,7.544148976861193,19.84908012530314,0.6019774476524209
NbCo0.94Ni0.06Sn_generalized_grouping_grouped_from_oqmd-3241062_rank_3,7.999999999893484,9.971817977428948,1.9718179775354638,9.314545318200231,0.876363545537831,216,cubic,1,False,192,7.020302561544666,21.331375935662052,0.5601466416473586
NbCo0.94Ni0.06Sn_generalized_grouping_grouped_from_oqmd-5473064_rank_2,7.999999999989333,9.971811232772206,1.9718112327828727,9.314540821839282,0.8763605478999651,216,cubic,1,False,192,5.988299978142311,25.007550334653875,0.47780364058772407
NbCo0.94Ni0.06Sn_generalized_grouping_grouped_from_oqmd-5757776_rank_1,9.579430432157311,13.164159280982522,3.584728848825211,10.774342207764112,1.5932093533522174,187,hexagonal,2,False,12,7.544148976861193,19.84908012530314,0.6019774476524209
NbCo0.96Ni0.04Sn_generalized_grouping_grouped_from_oqmd-3241062_rank_3,7.999999999893484,9.971817977428948,1.9718179775354638,9.314545318200231,0.876363545537831,216,cubic,1,False,192,7.020302561544666,21.331375935662052,0.5601466416473586
NbCo0.96Ni0.04Sn_generalized_grouping_grouped_from_oqmd-5473064_rank_2,7.999999999989333,9.971811232772206,1.9718112327828727,9.314540821839282,0.8763605478999651,216,cubic,1,False,192,5.988299978142311,25.007550334653875,0.47780364058772407
NbCo0.96Ni0.04Sn_generalized_grouping_grouped_from_oqmd-5757776_rank_1,9.579430432157311,13.164159280982522,3.584728848825211,10.774342207764112,1.5932093533522174,187,hexagonal,2,False,12,7.544148976861193,19.84908012530314,0.6019774476524209
NbCo0.98Ni0.02Sn_generalized_grouping_grouped_from_oqmd-3241062_rank_3,7.999999999893484,9.971817977428948,1.9718179775354638,9.314545318200231,0.876363545537831,216,cubic,1,False,192,7.020302561544666,21.331375935662052,0.5601466416473586
NbCo0.98Ni0.02Sn_generalized_grouping_grouped_from_oqmd-5473064_rank_2,7.999999999989333,9.971811232772206,1.9718112327828727,9.314540821839282,0.8763605478999651,216,cubic,1,False,192,5.988299978142311,25.007550334653875,0.47780364058772407
NbCo0.98Ni0.02Sn_generalized_grouping_grouped_from_oqmd-5757776_rank_1,9.579430432157311,13.164159280982522,3.584728848825211,10.774342207764112,1.5932093533522174,194,hexagonal,2,True,192,7.544566910760731,19.84908012530314,0.6019774476524209
NbCo0.9Ni0.1Sn_generalized_grouping_grouped_from_oqmd-3241062_rank_3,7.999999999893484,9.971817977428948,1.9718179775354638,9.314545318200231,0.876363545537831,216,cubic,1,False,24,7.019524777356338,21.331375935662052,0.5601466416473586
NbCo0.9Ni0.1Sn_generalized_grouping_grouped_from_oqmd-5473064_rank_2,7.999999999989333,9.971811232772206,1.9718112327828727,9.314540821839282,0.8763605478999651,216,cubic,1,False,24,5.987636530235739,25.007550334653875,0.47780364058772407
NbCo0.9Ni0.1Sn_generalized_grouping_grouped_from_oqmd-5757776_rank_1,9.579430432157311,13.164159280982522,3.584728848825211,10.774342207764112,1.5932093533522174,187,hexagonal,2,False,24,7.543731042961656,19.84908012530314,0.6019774476524209
NbCo1.05Sn_generalized_grouping_grouped_from_oqmd-3241062_rank_3,7.999999999893484,9.971817977428948,1.9718179775354638,9.314545318200231,0.876363545537831,216,cubic,1,False,192,7.020302561544666,21.331375935662052,0.5601466416473586
NbCo1.05Sn_generalized_grouping_grouped_from_oqmd-5473064_rank_2,7.999999999989333,9.971811232772206,1.9718112327828727,9.314540821839282,0.8763605478999651,216,cubic,1,False,192,5.988299978142311,25.007550334653875,0.47780364058772407
NbCo1.05Sn_generalized_grouping_grouped_from_oqmd-5757776_rank_1,9.579430432157311,13.164159280982522,3.584728848825211,10.774342207764112,1.5932093533522174,194,hexagonal,2,True,192,7.544566910760731,19.84908012530314,0.6019774476524209
NbCo1.10Sn_generalized_grouping_grouped_from_oqmd-3241062_rank_3,7.999999999893484,9.971817977428948,1.9718179775354638,9.314545318200231,0.876363545537831,216,cubic,1,False,192,7.020302561544666,21.331375935662052,0.5601466416473586
NbCo1.10Sn_generalized_grouping_grouped_from_oqmd-5473064_rank_2,7.999999999989333,9.971811232772206,1.9718112327828727,9.314540821839282,0.8763605478999651,216,cubic,1,False,192,5.988299978142311,25.007550334653875,0.47780364058772407
NbCo1.10Sn_generalized_grouping_grouped_from_oqmd-5757776_rank_1,9.579430427342537,13.164159281104089,3.5847288537615523,10.774342204594774,1.5932093555461424,8,monoclinic,6,False,2,7.446684915850638,19.67445578199624,0.6021020215293534
NbCoSn0.9Sb0.1_generalized_grouping_grouped_from_oqmd-3241062_rank_3,7.999999999893486,9.971817977428948,1.971817977535462,9.314545318200233,0.8763635455378299,216,cubic,1,False,24,7.030195352363462,21.331375935662052,0.5601466416473586
NbCoSn0.9Sb0.1_generalized_grouping_grouped_from_oqmd-5473064_rank_2,7.999999999989332,9.971811232772206,1.9718112327828736,9.314540821839282,0.876360547899966,216,cubic,1,False,24,5.99673850319513,25.007550334653875,0.47780364058772407
NbCoSn0.9Sb0.1_generalized_grouping_grouped_from_oqmd-5757776_rank_1,9.579430432157311,13.164159280982522,3.584728848825211,10.774342207764112,1.5932093533522174,187,hexagonal,2,False,24,7.5551984785047495,19.84908012530314,0.6019774476524209
NbCoSn_transmutation_transmuted_from_oqmd-3241062_rank_3,7.99999999989483,9.971818107134123,1.9718181072392928,9.314545404670476,0.8763636031837647,216,cubic,1,False,24,7.020302561544666,21.331375935662052,0.5601466416473586
NbCoSn_transmutation_transmuted_from_oqmd-3750974_rank_4,7.999999999996656,9.971809676302795,1.9718096763061395,9.31453978419915,0.8763598561349975,216,cubic,1,False,24,5.175019807250438,28.937611584131556,0.4129123980166579
NbCoSn_transmutation_transmuted_from_oqmd-5473064_rank_2,7.999999999988903,9.971811103066289,1.9718111030773855,9.314540735368631,0.8763604902531519,216,cubic,1,False,24,5.988299959168305,25.007550413890623,0.477803639073797
NbCoSn_transmutation_transmuted_from_oqmd-5757776_rank_1,9.579434087923357,13.164157893057595,3.5847238051342387,10.77434220536057,1.5932093550401314,194,hexagonal,2,True,24,7.544566919603809,19.849080102037792,0.6019774483580059
NbCoSn_transmutation_transmuted_from_oqmd-7001747_rank_5,7.999999999909052,9.971808898020026,1.9718088981109734,9.314539265311607,0.8763595102683693,216,cubic,1,False,24,5.534553505170651,27.057776744319884,0.4415994227828313
Nd1.4Bi0.6Ru2O7,11.999999999999481,11.999999999999492,1.0658141036401503e-14,11.999999999999485,2.039520815607695e-15,1,triclinic,7,False,1,6.980353378745317,12.643683796219928,0.46582388574911854
Nd2.78Te4,7.80451602453066,10.247049694187456,2.4425336696567967,9.025762053454843,1.2212393778507513,194,hexagonal,2,True,192,7.434785271166159,30.357585667201587,0.6261349225703899
Nd2.84Te4,7.80451602453066,10.247049694187456,2.4425336696567967,9.025762053454843,1.2212393778507513,194,hexagonal,2,True,192,7.434785271166159,30.357585667201587,0.6261349225703899
Nd2.86Te4,7.80451602453066,10.247049694187456,2.4425336696567967,9.025762053454843,1.2212393778507513,194,hexagonal,2,True,192,7.434785271166159,30.357585667201587,0.6261349225703899
Nd2.92Te4,7.80451602453066,10.247049694187456,2.4425336696567967,9.025762053454843,1.2212393778507513,194,hexagonal,2,True,192,7.434785271166159,30.357585667201587,0.6261349225703899
Nd2.9Te4,7.80451602453066,10.247049694187456,2.4425336696567967,9.025762053454843,1.2212393778507513,194,hexagonal,2,True,192,7.434785271166159,30.357585667201587,0.6261349225703899
Nd2CuO4,11.999999999999481,11.999999999999492,1.0658141036401503e-14,11.999999999999487,2.3684757858670005e-15,1,triclinic,7,False,1,8.016746776128453,12.643683796219928,0.7820343009315355
Nd2Ru2O7,11.99999999999948,11.99999999999949,1.0658141036401503e-14,11.999999999999485,2.1711028037114174e-15,1,triclinic,7,False,1,7.28925071067297,12.643683796219928,0.5682952937880065
Nd3Te4,7.80451602453066,10.247049694187456,2.4425336696567967,9.025762053454843,1.2212393778507513,194,hexagonal,2,True,192,7.434785271166159,30.357585667201587,0.6261349225703899
NdAlTe_transmutation_transmuted_from_oqmd-3241062_rank_3,7.99999999989483,9.971818107134125,1.9718181072392946,9.314545404670477,0.8763636031837647,216,cubic,1,False,24,7.019909470129382,23.561944906823143,0.653555555419649
NdAlTe_transmutation_transmuted_from_oqmd-3750974_rank_4,7.999999999996656,9.971809676302795,1.9718096763061395,9.31453978419915,0.8763598561349975,216,cubic,1,False,24,5.715838700273937,28.937611584131556,0.5321461982297911
NdAlTe_transmutation_transmuted_from_oqmd-5473064_rank_2,7.999999999988903,9.971811103066289,1.9718111030773855,9.314540735368631,0.8763604902531519,216,cubic,1,False,24,6.61411123634886,25.007550413890623,0.615775625180484
NdAlTe_transmutation_transmuted_from_oqmd-5757776_rank_1,9.579434090789563,13.164157892985223,3.5847238021956596,10.774342207247253,1.5932093537341034,194,hexagonal,2,True,24,7.019909474168507,23.561944893266034,0.6535555557956929
NdAlTe_transmutation_transmuted_from_oqmd-7001747_rank_5,7.999999999909052,9.971808898020026,1.9718088981109734,9.314539265311607,0.8763595102683693,216,cubic,1,False,24,6.112945706849207,27.057776744319884,0.5691169727601001
NdBiRu2O7,11.999999999999481,11.99999999999949,8.881784197001252e-15,11.999999999999487,1.7763568394002505e-15,1,triclinic,7,False,1,7.295254110244418,12.643683796219928,0.43839234656672815
Ni0.02Zn0.98O_generalized_grouping_grouped_from_agm002068072_rank_3,7.80451602453066,10.247049694187456,2.4425336696567967,9.025762053454843,1.2212393778507513,194,hexagonal,2,True,192,2.2264917609096577,30.357585667201587,0.1846453388493165
Ni0.02Zn0.98O_generalized_grouping_grouped_from_oqmd-5395345_rank_2,9.646113141270112,9.66042960491903,0.014316463648917477,9.653267507269243,0.007143811451441828,194,hexagonal,2,True,192,2.985384465413585,22.64060631124428,0.24758112106669686
Ni2.0Mo6S8,11.99999999999948,11.99999999999949,1.0658141036401503e-14,11.999999999999485,2.1711028037114174e-15,1,triclinic,7,False,1,7.706795857790838,12.643683796219928,0.6364224454460111
NiO_transmutation_transmuted_from_agm002068072_rank_3,7.804522677273523,10.247001436745924,2.442478759472401,9.025762057009723,1.2212393797361998,194,hexagonal,2,True,24,2.0428224068438525,30.357585698957987,0.18464533865616306
NiO_transmutation_transmuted_from_agm004226516_rank_5,6.000000008550332,6.000000008550333,8.881784197001252e-16,6.000000008550332,4.440892098500626e-16,225,cubic,1,True,48,2.875343894695726,21.56790928483927,0.2598947639355931
NiO_transmutation_transmuted_from_agm004461667_rank_4,10.793991182669812,11.742736753657026,0.9487455709872137,11.458208908966597,0.34754194318382253,65,orthorhombic,5,True,16,3.5250467864156803,17.592718633550902,0.3186196976672844
NiO_transmutation_transmuted_from_oqmd-3052242_rank_1,11.008524522970818,12.144801723712721,1.1362772007419029,11.553246175290026,0.36843450710110653,57,orthorhombic,5,True,8,2.7043318086865504,22.931785250728392,0.24443743175161403
NiO_transmutation_transmuted_from_oqmd-5395345_rank_2,9.646113435606475,9.660428412808987,0.014314977202511514,9.653267500722176,0.007143811555440749,194,hexagonal,2,True,24,2.739111989562344,22.64060634243095,0.24758112072566216
Pb0.79Sb0.012Sn0.20Se0.50Te0.25S0.25_generalized_grouping_grouped_from_agm002068072_rank_3,7.80451602453066,10.247049694187456,2.4425336696567967,9.025762053454843,1.2212393778507515,8,monoclinic,6,False,2,7.384526858985824,30.357585667201587,0.483388039583281
Pb0.79Sb0.012Sn0.20Se0.50Te0.25S0.25_generalized_grouping_grouped_from_oqmd-5395345_rank_2,9.646113141270112,9.66042960491903,0.014316463648917477,9.653267507269243,0.00714381145144205,8,monoclinic,6,False,2,9.901519581747143,22.64060631124428,0.6481493304736329
Pb0.84Sb0.012Sn0.15Se0.50Te0.25S0.25_generalized_grouping_grouped_from_agm002068072_rank_3,7.804516024530659,10.247049694187456,2.4425336696567976,9.025762053454843,1.221239377850752,8,monoclinic,6,False,4,7.535787551926369,30.357585667201587,0.4953897494525005
Pb0.84Sb0.012Sn0.15Se0.50Te0.25S0.25_generalized_grouping_grouped_from_oqmd-5395345_rank_2,9.646113141270114,9.660429604919026,0.014316463648912148,9.653267507269243,0.007143811451442161,8,monoclinic,6,False,4,10.104337005490002,22.64060631124428,0.6642417853531111
Pb0.89Sb0.012Sn0.10Se0.50Te0.25S0.25_generalized_grouping_grouped_from_agm002068072_rank_3,7.804516024530659,10.247049694187456,2.4425336696567976,9.025762053454843,1.221239377850752,8,monoclinic,6,False,4,7.535787551926369,30.357585667201587,0.4953897494525005
Pb0.89Sb0.012Sn0.10Se0.50Te0.25S0.25_generalized_grouping_grouped_from_oqmd-5395345_rank_2,9.646113141270114,9.660429604919026,0.014316463648912148,9.653267507269243,0.007143811451442161,8,monoclinic,6,False,4,10.104337005490002,22.64060631124428,0.6642417853531111
Pb0.8Yb0.2Te0.15GeTe0.85_generalized_grouping_grouped_from_agm002068072_rank_3,7.80451602453066,10.247049694187456,2.4425336696567967,9.025762053454843,1.2212393778507515,8,monoclinic,6,False,4,5.936516399082285,30.357585667201587,0.35750941509830947
Pb0.8Yb0.2Te0.15GeTe0.85_generalized_grouping_grouped_from_oqmd-5395345_rank_2,9.646113141270112,9.660429604919031,0.014316463648919253,9.653267507269243,0.007143811451442161,8,monoclinic,6,False,4,7.959959317007493,22.64060631124428,0.4793653732801292
Pb0.94Sb0.012Sn0.05Se0.50Te0.25S0.25_generalized_grouping_grouped_from_agm002068072_rank_3,7.80451602453066,10.247049694187456,2.4425336696567967,9.025762053454843,1.221239377850752,8,monoclinic,6,False,2,7.687048244866912,30.357585667201587,0.50739145932172
Pb0.94Sb0.012Sn0.05Se0.50Te0.25S0.25_generalized_grouping_grouped_from_oqmd-5395345_rank_2,9.646113141270114,9.660429604919026,0.014316463648912148,9.653267507269245,0.007143811451442161,8,monoclinic,6,False,2,10.30715442923286,22.64060631124428,0.6803342402325893
Pb0.96Tl0.02Na0.02Te_generalized_grouping_grouped_from_agm002068072_rank_3,7.804516024530661,10.247049694187451,2.4425336696567905,9.025762053454843,1.2212393778507513,164,trigonal,3,True,12,9.02060039310474,30.357585667201587,0.5783501473350404
Pb0.96Tl0.02Na0.02Te_generalized_grouping_grouped_from_oqmd-5395345_rank_2,9.646113138930664,9.660429602661424,0.014316463730759565,9.653267504970714,0.0071438114923546014,187,hexagonal,2,False,12,9.804469791410746,27.930490381353565,0.6286074431075308
Pb0.975Ga0.025Te0.9925ZnTe0.0075_generalized_grouping_grouped_from_agm002068072_rank_3,7.804516024530661,10.247049694187451,2.4425336696567905,9.025762053454843,1.2212393778507513,164,trigonal,3,True,12,9.02060039310474,30.357585667201587,0.5783501473350404
Pb0.975Ga0.025Te0.9925ZnTe0.0075_generalized_grouping_grouped_from_oqmd-5395345_rank_2,9.646113138930664,9.660429602661424,0.014316463730759565,9.653267504970714,0.0071438114923546014,187,hexagonal,2,False,12,9.804469791410746,27.930490381353565,0.6286074431075308
Pb0.975Ga0.025Te0.9950ZnTe0.0050_generalized_grouping_grouped_from_agm002068072_rank_3,7.80451602453066,10.247049694187456,2.4425336696567967,9.025762053454843,1.2212393778507513,194,hexagonal,2,True,192,9.156664933256929,30.357585667201587,0.5916653779727193
Pb0.975Ga0.025Te0.9950ZnTe0.0050_generalized_grouping_grouped_from_oqmd-5395345_rank_2,9.646113139204152,9.660429602925337,0.014316463721185002,9.653267505239409,0.00714381148757276,194,hexagonal,2,True,192,9.720917219408792,28.595474466360468,0.6281249999629789
Pb0.975Ga0.025Te0.9975ZnTe0.0025_generalized_grouping_grouped_from_agm002068072_rank_3,7.80451602453066,10.247049694187456,2.4425336696567967,9.025762053454843,1.2212393778507513,194,hexagonal,2,True,192,9.156664933256929,30.357585667201587,0.5916653779727193
Pb0.975Ga0.025Te0.9975ZnTe0.0025_generalized_grouping_grouped_from_oqmd-5395345_rank_2,9.646113139204152,9.660429602925337,0.014316463721185002,9.653267505239409,0.00714381148757276,194,hexagonal,2,True,192,9.720917219408792,28.595474466360468,0.6281249999629789
Pb0.975Ga0.025Te0.99ZnTe0.01_generalized_grouping_grouped_from_agm002068072_rank_3,7.804516024530661,10.247049694187451,2.4425336696567905,9.025762053454843,1.2212393778507513,164,trigonal,3,True,12,9.02060039310474,30.357585667201587,0.5783501473350404
Pb0.975Ga0.025Te0.99ZnTe0.01_generalized_grouping_grouped_from_oqmd-5395345_rank_2,9.646113138930664,9.660429602661424,0.014316463730759565,9.653267504970714,0.0071438114923546014,187,hexagonal,2,False,12,9.804469791410746,27.930490381353565,0.6286074431075308
Pb0.975Ga0.025Te_generalized_grouping_grouped_from_agm002068072_rank_3,7.80451602453066,10.247049694187456,2.4425336696567967,9.025762053454843,1.2212393778507513,194,hexagonal,2,True,192,9.156664933256929,30.357585667201587,0.5916653779727193
Pb0.975Ga0.025Te_generalized_grouping_grouped_from_oqmd-5395345_rank_2,9.646113139204152,9.660429602925337,0.014316463721185002,9.653267505239409,0.00714381148757276,194,hexagonal,2,True,192,9.720917219408792,28.595474466360468,0.6281249999629789
Pb0.975Zn0.04Te_generalized_grouping_grouped_from_agm002068072_rank_3,7.80451602453066,10.247049694187455,2.442533669656795,9.025762053454843,1.2212393778507515,8,monoclinic,6,False,2,8.914293988373522,30.357585667201587,0.5771271770340004
Pb0.975Zn0.04Te_generalized_grouping_grouped_from_oqmd-5395345_rank_2,9.646113143493388,9.660429607064538,0.01431646357115035,9.653267509453645,0.007143811412560874,8,monoclinic,6,False,2,9.717591054054187,27.84809958655009,0.6291340514360153
Pb0.97Tl0.015Na0.015Te_generalized_grouping_grouped_from_agm002068072_rank_3,7.80451602453066,10.247049694187456,2.4425336696567967,9.025762053454843,1.2212393778507513,194,hexagonal,2,True,192,9.156664933256929,30.357585667201587,0.5916653779727193
Pb0.97Tl0.015Na0.015Te_generalized_grouping_grouped_from_oqmd-5395345_rank_2,9.646113139204152,9.660429602925337,0.014316463721185002,9.653267505239409,0.00714381148757276,194,hexagonal,2,True,192,9.720917219408792,28.595474466360468,0.6281249999629789
Pb0.9825Tl0.0075Na0.01Te_generalized_grouping_grouped_from_agm002068072_rank_3,7.80451602453066,10.247049694187456,2.4425336696567967,9.025762053454843,1.2212393778507513,194,hexagonal,2,True,192,9.156664933256929,30.357585667201587,0.5916653779727193
Pb0.9825Tl0.0075Na0.01Te_generalized_grouping_grouped_from_oqmd-5395345_rank_2,9.646113139204152,9.660429602925337,0.014316463721185002,9.653267505239409,0.00714381148757276,194,hexagonal,2,True,192,9.720917219408792,28.595474466360468,0.6281249999629789
Pb0.985Zn0.03Te_generalized_grouping_grouped_from_agm002068072_rank_3,7.80451602453066,10.247049694187456,2.4425336696567967,9.025762053454843,1.2212393778507513,194,hexagonal,2,True,192,9.156664933256929,30.357585667201587,0.5916653779727193
Pb0.985Zn0.03Te_generalized_grouping_grouped_from_oqmd-5395345_rank_2,9.646113139204152,9.660429602925337,0.014316463721185002,9.653267505239409,0.00714381148757276,194,hexagonal,2,True,192,9.720917219408792,28.595474466360468,0.6281249999629789
Pb0.98Tl0.01Na0.01Te_generalized_grouping_grouped_from_agm002068072_rank_3,7.80451602453066,10.247049694187456,2.4425336696567967,9.025762053454843,1.2212393778507513,194,hexagonal,2,True,192,9.156664933256929,30.357585667201587,0.5916653779727193
Pb0.98Tl0.01Na0.01Te_generalized_grouping_grouped_from_oqmd-5395345_rank_2,9.646113139204152,9.660429602925337,0.014316463721185002,9.653267505239409,0.00714381148757276,194,hexagonal,2,True,192,9.720917219408792,28.595474466360468,0.6281249999629789
Pb0.98Zn0.035Te_generalized_grouping_grouped_from_agm002068072_rank_3,7.804516024530659,10.247049694187453,2.442533669656794,9.025762053454843,1.2212393778507513,187,hexagonal,2,False,12,9.050358528525713,30.357585667201587,0.5904424076716792
Pb0.98Zn0.035Te_generalized_grouping_grouped_from_oqmd-5395345_rank_2,9.646113137562082,9.660429601340697,0.014316463778614619,9.65326750362605,0.007143811516289733,164,trigonal,3,True,12,9.636263673691985,28.511780463074718,0.6286666662453949
Pb0.995Zn0.02Te_generalized_grouping_grouped_from_agm002068072_rank_3,7.80451602453066,10.247049694187456,2.4425336696567967,9.025762053454843,1.2212393778507513,194,hexagonal,2,True,192,9.156664933256929,30.357585667201587,0.5916653779727193
Pb0.995Zn0.02Te_generalized_grouping_grouped_from_oqmd-5395345_rank_2,9.646113139204152,9.660429602925337,0.014316463721185002,9.653267505239409,0.00714381148757276,194,hexagonal,2,True,192,9.720917219408792,28.595474466360468,0.6281249999629789
Pb0.99Na0.01Te_generalized_grouping_grouped_from_agm002068072_rank_3,7.80451602453066,10.247049694187456,2.4425336696567967,9.025762053454843,1.2212393778507513,194,hexagonal,2,True,192,9.156664933256929,30.357585667201587,0.5916653779727193
Pb0.99Na0.01Te_generalized_grouping_grouped_from_oqmd-5395345_rank_2,9.646113139204152,9.660429602925337,0.014316463721185002,9.653267505239409,0.00714381148757276,194,hexagonal,2,True,192,9.720917219408792,28.595474466360468,0.6281249999629789
Pb0.99Sb0.012Se0.20Te0.40S0.40_generalized_grouping_grouped_from_agm002068072_rank_3,7.804516024530659,10.247049694187456,2.4425336696567976,9.025762053454843,1.221239377850752,1,triclinic,7,False,1,8.063482076931175,30.357585667201587,0.5440385270644769
Pb0.99Sb0.012Se0.20Te0.40S0.40_generalized_grouping_grouped_from_oqmd-5395345_rank_2,9.646113138374966,9.66042960212515,0.014316463750184028,9.653267504424722,0.007143811502072661,1,triclinic,7,False,1,10.102319183783438,24.23085664520716,0.6815977013707771
Pb0.99Sb0.012Se0.40Te0.30S0.30_generalized_grouping_grouped_from_agm002068072_rank_3,7.80451602453066,10.247049694187456,2.4425336696567967,9.025762053454843,1.221239377850752,1,triclinic,7,False,1,7.841291759698983,30.357585667201587,0.5224212199407159
Pb0.99Sb0.012Se0.40Te0.30S0.30_generalized_grouping_grouped_from_oqmd-5395345_rank_2,9.646113139540258,9.660429603249684,0.01431646370942552,9.65326750556964,0.007143811481693851,1,triclinic,7,False,1,10.294666496507553,23.122913832841434,0.6858757963362343
Pb0.99Sb0.012Se0.50Te0.25S0.25_generalized_grouping_grouped_from_agm002068072_rank_3,7.804516024530659,10.247049694187458,2.4425336696567994,9.025762053454843,1.2212393778507522,6,monoclinic,6,False,8,7.838308937807455,30.357585667201587,0.5193931691909396
Pb0.99Sb0.012Se0.50Te0.25S0.25_generalized_grouping_grouped_from_oqmd-5395345_rank_2,9.64611313601189,9.660429599844734,0.014316463832845017,9.653267502102967,0.007143811543398715,6,monoclinic,6,False,8,10.35574442247938,22.977791393630298,0.6862070578743356
Pb0.99Sb0.012Se0.6Te0.2S0.2_generalized_grouping_grouped_from_agm002068072_rank_3,7.804516024530659,10.247049694187458,2.4425336696567994,9.025762053454844,1.2212393778507522,1,triclinic,7,False,1,7.835326115915928,30.357585667201587,0.516365118441163
Pb0.99Sb0.012Se0.6Te0.2S0.2_generalized_grouping_grouped_from_oqmd-5395345_rank_2,9.646113139112089,9.660429602836503,0.014316463724414419,9.653267505148971,0.0071438114891811955,1,triclinic,7,False,1,10.417321158406274,22.833277401881467,0.6865242357779364
Pb0.99Sb0.012Se0.8Te0.1S0.1_generalized_grouping_grouped_from_agm002068072_rank_3,7.804516024530659,10.247049694187455,2.442533669656796,9.025762053454843,1.2212393778507515,1,triclinic,7,False,2,7.832343294024402,30.357585667201587,0.5133370676913864
Pb0.99Sb0.012Se0.8Te0.1S0.1_generalized_grouping_grouped_from_oqmd-5395345_rank_2,9.646113142225394,9.660429605840896,0.014316463615502428,9.653267508207826,0.007143811434735248,1,triclinic,7,False,2,10.479401857405183,22.6893706109055,0.6868270731626699
Pb0.99Sb0.012Se_generalized_grouping_grouped_from_agm002068072_rank_3,7.80451602453066,10.247049694187456,2.4425336696567967,9.025762053454843,1.2212393778507513,194,hexagonal,2,True,192,7.826377650241346,30.357585667201587,0.5072809661918334
Pb0.99Sb0.012Se_generalized_grouping_grouped_from_oqmd-5395345_rank_2,9.646113141270112,9.66042960491903,0.014316463648917477,9.653267507269243,0.007143811451441828,194,hexagonal,2,True,192,10.493973823619571,22.64060631124428,0.6801860858673723
Pb0.99Sb0.012Te0.50S0.50_generalized_grouping_grouped_from_agm002068072_rank_3,7.80451602453066,10.247049694187456,2.4425336696567967,9.025762053454843,1.2212393778507513,156,trigonal,3,False,48,7.850240225373566,30.357585667201587,0.5315053721900456
Pb0.99Sb0.012Te0.50S0.50_generalized_grouping_grouped_from_oqmd-5395345_rank_2,9.646113142902166,9.660429606493992,0.014316463591825368,9.653267508872759,0.007143811422899327,156,trigonal,3,False,48,10.114374739014119,23.561944885296906,0.6848000004832305
Pb0.99Tl0.005Na0.005Te_generalized_grouping_grouped_from_agm002068072_rank_3,7.80451602453066,10.247049694187456,2.4425336696567967,9.025762053454843,1.2212393778507513,194,hexagonal,2,True,192,9.156664933256929,30.357585667201587,0.5916653779727193
Pb0.99Tl0.005Na0.005Te_generalized_grouping_grouped_from_oqmd-5395345_rank_2,9.646113139204152,9.660429602925337,0.014316463721185002,9.653267505239409,0.00714381148757276,194,hexagonal,2,True,192,9.720917219408792,28.595474466360468,0.6281249999629789
Pb0.99Tl0.01Te_generalized_grouping_grouped_from_agm002068072_rank_3,7.80451602453066,10.247049694187456,2.4425336696567967,9.025762053454843,1.2212393778507513,194,hexagonal,2,True,192,9.156664933256929,30.357585667201587,0.5916653779727193
Pb0.99Tl0.01Te_generalized_grouping_grouped_from_oqmd-5395345_rank_2,9.646113139204152,9.660429602925337,0.014316463721185002,9.653267505239409,0.00714381148757276,194,hexagonal,2,True,192,9.720917219408792,28.595474466360468,0.6281249999629789
Pb0.99Yb0.01Te0.15GeTe0.85_generalized_grouping_grouped_from_agm002068072_rank_3,7.80451602453066,10.247049694187456,2.4425336696567967,9.025762053454843,1.2212393778507515,8,monoclinic,6,False,4,5.936516399082285,30.357585667201587,0.35750941509830947
Pb0.99Yb0.01Te0.15GeTe0.85_generalized_grouping_grouped_from_oqmd-5395345_rank_2,9.646113141270112,9.660429604919031,0.014316463648919253,9.653267507269243,0.007143811451442161,8,monoclinic,6,False,4,7.959959317007493,22.64060631124428,0.4793653732801292
Pb0.9Yb0.1Te0.15GeTe0.85_generalized_grouping_grouped_from_agm002068072_rank_3,7.80451602453066,10.247049694187456,2.4425336696567967,9.025762053454843,1.2212393778507515,8,monoclinic,6,False,4,5.936516399082285,30.357585667201587,0.35750941509830947
Pb0.9Yb0.1Te0.15GeTe0.85_generalized_grouping_grouped_from_oqmd-5395345_rank_2,9.646113141270112,9.660429604919031,0.014316463648919253,9.653267507269243,0.007143811451442161,8,monoclinic,6,False,4,7.959959317007493,22.64060631124428,0.4793653732801292
Pb1.002S0.6Se0.4_generalized_grouping_grouped_from_agm002068072_rank_3,7.804516024530659,10.24704969418746,2.442533669656801,9.025762053454843,1.2212393778507522,164,trigonal,3,True,24,7.02477631727188,30.357585667201587,0.48482121632654485
Pb1.002S0.6Se0.4_generalized_grouping_grouped_from_oqmd-5395345_rank_2,9.646113141270112,9.66042960491903,0.014316463648917477,9.653267507269245,0.007143811451441828,187,hexagonal,2,False,24,9.419149200902734,22.64060631124428,0.650071000996134
Pb1.004S0.6Se0.4Cu0.0005_generalized_grouping_grouped_from_agm002068072_rank_3,7.804516024530659,10.24704969418746,2.442533669656801,9.025762053454843,1.2212393778507522,164,trigonal,3,True,24,7.02477631727188,30.357585667201587,0.48482121632654485
Pb1.004S0.6Se0.4Cu0.0005_generalized_grouping_grouped_from_oqmd-5395345_rank_2,9.646113141270112,9.66042960491903,0.014316463648917477,9.653267507269245,0.007143811451441828,187,hexagonal,2,False,24,9.419149200902734,22.64060631124428,0.650071000996134
Pb1.004S0.6Se0.4Cu0.001_generalized_grouping_grouped_from_agm002068072_rank_3,7.804516024530659,10.24704969418746,2.442533669656801,9.025762053454843,1.2212393778507522,164,trigonal,3,True,24,7.02477631727188,30.357585667201587,0.48482121632654485
Pb1.004S0.6Se0.4Cu0.001_generalized_grouping_grouped_from_oqmd-5395345_rank_2,9.646113141270112,9.66042960491903,0.014316463648917477,9.653267507269245,0.007143811451441828,187,hexagonal,2,False,24,9.419149200902734,22.64060631124428,0.650071000996134
Pb1.004S0.6Se0.4Cu0.002_generalized_grouping_grouped_from_agm002068072_rank_3,7.804516024530659,10.24704969418746,2.442533669656801,9.025762053454843,1.2212393778507522,164,trigonal,3,True,24,7.02477631727188,30.357585667201587,0.48482121632654485
Pb1.004S0.6Se0.4Cu0.002_generalized_grouping_grouped_from_oqmd-5395345_rank_2,9.646113141270112,9.66042960491903,0.014316463648917477,9.653267507269245,0.007143811451441828,187,hexagonal,2,False,24,9.419149200902734,22.64060631124428,0.650071000996134
Pb1.004S0.6Se0.4Cu0.004_generalized_grouping_grouped_from_agm002068072_rank_3,7.804516024530659,10.24704969418746,2.442533669656801,9.025762053454843,1.2212393778507522,164,trigonal,3,True,24,7.02477631727188,30.357585667201587,0.48482121632654485
Pb1.004S0.6Se0.4Cu0.004_generalized_grouping_grouped_from_oqmd-5395345_rank_2,9.646113141270112,9.66042960491903,0.014316463648917477,9.653267507269245,0.007143811451441828,187,hexagonal,2,False,24,9.419149200902734,22.64060631124428,0.650071000996134
Pb1.004S0.6Se0.4Cu0.006_generalized_grouping_grouped_from_agm002068072_rank_3,7.804516024530659,10.24704969418746,2.442533669656801,9.025762053454843,1.2212393778507522,164,trigonal,3,True,24,7.02477631727188,30.357585667201587,0.48482121632654485
Pb1.004S0.6Se0.4Cu0.006_generalized_grouping_grouped_from_oqmd-5395345_rank_2,9.646113141270112,9.66042960491903,0.014316463648917477,9.653267507269245,0.007143811451441828,187,hexagonal,2,False,24,9.419149200902734,22.64060631124428,0.650071000996134
Pb1.004S0.6Se0.4_generalized_grouping_grouped_from_agm002068072_rank_3,7.804516024530659,10.24704969418746,2.442533669656801,9.025762053454843,1.2212393778507522,164,trigonal,3,True,24,7.02477631727188,30.357585667201587,0.48482121632654485
Pb1.004S0.6Se0.4_generalized_grouping_grouped_from_oqmd-5395345_rank_2,9.646113141270112,9.66042960491903,0.014316463648917477,9.653267507269245,0.007143811451441828,187,hexagonal,2,False,24,9.419149200902734,22.64060631124428,0.650071000996134
Pb1.006S0.6Se0.4_generalized_grouping_grouped_from_agm002068072_rank_3,7.804516024530659,10.24704969418746,2.442533669656801,9.025762053454843,1.2212393778507522,164,trigonal,3,True,24,7.02477631727188,30.357585667201587,0.48482121632654485
Pb1.006S0.6Se0.4_generalized_grouping_grouped_from_oqmd-5395345_rank_2,9.646113141270112,9.66042960491903,0.014316463648917477,9.653267507269245,0.007143811451441828,187,hexagonal,2,False,24,9.419149200902734,22.64060631124428,0.650071000996134
Pb1.18S1.18Ti2S4,11.99999999999948,11.99999999999949,1.0658141036401503e-14,11.999999999999485,2.1711028037114174e-15,1,triclinic,7,False,1,8.079961960726195,12.643683796219928,0.6968485203226469
Pb10Bi2S13,11.00852452297082,12.144801723712725,1.1362772007419046,11.553246175290028,0.36843450710110637,6,monoclinic,6,False,2,8.673585882406583,22.931785250728392,0.5975517768649359
Pb2Bi2S5,11.999999999999481,11.999999999999492,1.0658141036401503e-14,11.999999999999487,1.7763568394002505e-15,1,triclinic,7,False,1,11.640256376839877,15.734605270778163,0.7352270682529907
Pb3Bi2S6,11.999999999999481,11.999999999999492,1.0658141036401503e-14,11.999999999999485,1.973729821555834e-15,1,triclinic,7,False,1,11.438330007145975,16.00280303590163,0.739734868505509
Pb4Bi2S7,11.999999999999481,11.99999999999949,8.881784197001252e-15,11.999999999999485,2.1711028037114174e-15,1,triclinic,7,False,1,11.24096678566675,16.274031271138224,0.74395550149176
Pb5Bi2S8,7.860108073326683,10.394347684008306,2.534239610681623,9.549601147114428,1.1263287158584943,2,triclinic,7,True,2,9.179281322133779,20.361785270909213,0.6166746482926307
Pb6Bi2S9,11.999999999999483,11.999999999999492,8.881784197001252e-15,11.999999999999488,1.7763568394002505e-15,5,monoclinic,6,False,2,10.952417889892128,17.676225074467656,0.7425859900924751
Pb6Bi2Se9,11.999999999999483,11.999999999999492,8.881784197001252e-15,11.999999999999487,2.039520815607695e-15,5,monoclinic,6,False,2,11.206615986550513,20.878287344647692,0.6828835758321306
Pb8Bi2S11,11.008524522970818,12.144801723712721,1.1362772007419029,11.553246175290026,0.36843450710110653,6,monoclinic,6,False,2,8.673585882406583,22.931785250728392,0.5975517768649359
PbBi2S4,11.99999999999948,11.999999999999488,8.881784197001252e-15,11.999999999999485,1.578983857244667e-15,1,triclinic,7,False,1,12.05833000580878,15.20723297540915,0.7253035663311119
PbBi4Te4.9Se2.1,11.99999999999948,11.99999999999949,1.0658141036401503e-14,11.999999999999485,2.2368937977632784e-15,1,triclinic,7,False,1,11.829104708550663,21.283417559000263,0.629182555108362
PbBi4Te5.6Se1.4,11.99999999999948,11.999999999999492,1.2434497875801753e-14,11.999999999999488,2.434266779918862e-15,1,triclinic,7,False,1,11.657820499049333,22.109333013500272,0.6228440804783183
PbBi4Te6.3Se0.7,11.999999999999481,11.999999999999492,1.0658141036401503e-14,11.999999999999487,2.039520815607695e-15,1,triclinic,7,False,1,11.572833003295997,22.530184781269035,0.619631991530539
PbBi4Te7,11.999999999999481,11.999999999999492,1.0658141036401503e-14,11.999999999999488,2.6974307561263064e-15,2,triclinic,7,True,2,11.404255256532778,23.38784258780175,0.6131363062371777
PbS0.6Se0.4_generalized_grouping_grouped_from_agm002068072_rank_3,7.804520460063269,10.247035589857523,2.442515129794254,9.025762056613868,1.2212393795777248,164,trigonal,3,True,8,7.185096576349602,30.357585698957987,0.48931316578774287
PbS0.6Se0.4_generalized_grouping_grouped_from_oqmd-3052242_rank_1,11.008524528997244,12.144801581079802,1.1362770520825585,11.553246206167671,0.36843455885704873,6,monoclinic,6,False,4,9.370293615210601,22.931785250728392,0.64379883054014
PbS0.6Se0.4_generalized_grouping_grouped_from_oqmd-5395345_rank_2,9.646113089100231,9.660429203389915,0.014316114289684378,9.653267500720453,0.007143811562863034,187,hexagonal,2,False,8,9.634114112175435,22.64060634243095,0.6560940170666343
PbTe0.05Ag2Te0.95_generalized_grouping_grouped_from_oqmd-3241062_rank_3,7.999999999893484,9.97181797742895,1.9718179775354656,9.314545318200231,0.8763635455378305,216,cubic,1,False,24,7.7305350291431925,24.759786220816597,0.6071768112577243
PbTe0.05Ag2Te0.95_generalized_grouping_grouped_from_oqmd-5473064_rank_2,7.999999999989333,9.971811232772206,1.9718112327828727,9.314540821839282,0.8763605478999651,216,cubic,1,False,24,7.653944194161267,25.007550334653875,0.6011611630806476
PbTe0.05Ag2Te0.95_generalized_grouping_grouped_from_oqmd-5757776_rank_1,9.579430428233325,13.164159281081597,3.584728852848272,10.774342205181133,1.5932093551402435,8,monoclinic,6,False,2,7.625138827874688,25.37363756046784,0.607757996943532
PbTe0.15Ag2Te0.85_generalized_grouping_grouped_from_oqmd-3241062_rank_3,7.999999999892574,9.971818280075214,1.9718182801826396,9.314545375847054,0.8763635839684577,156,trigonal,3,False,6,7.7454283836881945,25.719009064693623,0.6094139188884671
PbTe0.15Ag2Te0.85_generalized_grouping_grouped_from_oqmd-5473064_rank_2,7.999999999988442,9.97181127599185,1.9718112760034083,9.31454076419218,0.8763605094687654,156,trigonal,3,False,6,7.7454283836881945,25.719009064693623,0.6094139188884671
PbTe0.15Ag2Te0.85_generalized_grouping_grouped_from_oqmd-5757776_rank_1,9.57943397037486,13.164158013890257,3.584724043515397,10.774342207006189,1.5932093538912555,25,orthorhombic,5,False,4,7.865389996557552,25.442462940361295,0.6098548633898958
PbTe0.15GeTe0.85_generalized_grouping_grouped_from_agm002068072_rank_3,7.804518289539199,10.247034134947622,2.4425158454084235,9.02576205630667,1.2212393793901164,8,monoclinic,6,False,2,6.002233709827454,30.357585698957983,0.36228810783921384
PbTe0.15GeTe0.85_generalized_grouping_grouped_from_oqmd-5395345_rank_2,9.646110035505256,9.6604297397182,0.014319704212944373,9.653267500713905,0.007143811559487924,8,monoclinic,6,False,2,8.048076163480388,22.64060634243095,0.48577286823058535
PbTe0.1Ag2Te0.9_generalized_grouping_grouped_from_oqmd-3241062_rank_3,7.999999999893485,9.971817977428948,1.971817977535463,9.314545318200231,0.8763635455378304,216,cubic,1,False,24,7.6978147635212055,25.58048684229837,0.6087658070777764
PbTe0.1Ag2Te0.9_generalized_grouping_grouped_from_oqmd-5473064_rank_2,7.999999999989333,9.971811232772207,1.9718112327828745,9.314540821839282,0.8763605478999659,160,trigonal,3,False,6,7.6978147635212055,25.58048684229837,0.6087658070777764
PbTe0.1Ag2Te0.9_generalized_grouping_grouped_from_oqmd-5757776_rank_1,9.5794304326553,13.16415928096995,3.584728848314649,10.774342208091916,1.5932093531253013,38,orthorhombic,5,False,8,7.69781475665701,25.580486865108668,0.6087658065349358
PbTe0.94SrTe0.04Na0.02_generalized_grouping_grouped_from_agm002068072_rank_3,7.804516024530661,10.247049694187451,2.4425336696567905,9.025762053454843,1.2212393778507513,8,monoclinic,6,False,2,8.952260439395134,30.357585667201587,0.6010136357520225
PbTe0.94SrTe0.04Na0.02_generalized_grouping_grouped_from_oqmd-5395345_rank_2,9.64611313346177,9.660429597383809,0.014316463922039446,9.653267499597435,0.007143811587997928,8,monoclinic,6,False,2,9.393407353166989,28.93188839643056,0.6306302127430199
PbTe0.97SrTe0.02Na0.01_generalized_grouping_grouped_from_agm002068072_rank_3,7.80451602453066,10.247049694187456,2.4425336696567967,9.025762053454843,1.2212393778507513,194,hexagonal,2,True,192,9.156664933256929,30.357585667201587,0.5916653779727193
PbTe0.97SrTe0.02Na0.01_generalized_grouping_grouped_from_oqmd-5395345_rank_2,9.646113139204152,9.660429602925337,0.014316463721185002,9.653267505239409,0.00714381148757276,194,hexagonal,2,True,192,9.720917219408792,28.595474466360468,0.6281249999629789
PbTe0.98Na0.02_generalized_grouping_grouped_from_agm002068072_rank_3,7.80451602453066,10.247049694187456,2.4425336696567967,9.025762053454843,1.2212393778507513,194,hexagonal,2,True,192,9.156664933256929,30.357585667201587,0.5916653779727193
PbTe0.98Na0.02_generalized_grouping_grouped_from_oqmd-5395345_rank_2,9.646113139204152,9.660429602925337,0.014316463721185002,9.653267505239409,0.00714381148757276,194,hexagonal,2,True,192,9.720917219408792,28.595474466360468,0.6281249999629789
PbTeMnTe0.03_generalized_grouping_grouped_from_agm002068072_rank_3,7.80451602453066,10.247049694187456,2.4425336696567967,9.025762053454843,1.2212393778507513,194,hexagonal,2,True,192,9.156664933256929,30.357585667201587,0.5916653779727193
PbTeMnTe0.03_generalized_grouping_grouped_from_oqmd-5395345_rank_2,9.646113139204152,9.660429602925337,0.014316463721185002,9.653267505239409,0.00714381148757276,194,hexagonal,2,True,192,9.720917219408792,28.595474466360468,0.6281249999629789
PbTe_transmutation_transmuted_from_agm002068072_rank_3,7.804522677273523,10.247001436745924,2.442478759472401,9.025762057009723,1.2212393797361998,194,hexagonal,2,True,24,9.156664923678344,30.357585698957987,0.5916653773537917
PbTe_transmutation_transmuted_from_agm004226516_rank_5,6.00000000855033,6.0000000085503356,5.329070518200751e-15,6.000000008550333,2.6645352591003757e-15,225,cubic,1,True,48,9.720917234402233,28.59547442225511,0.6281250009317927
PbTe_transmutation_transmuted_from_agm004461667_rank_4,10.793991179286444,11.742736749967982,0.9487455706815382,11.458208905453816,0.3475419430628624,65,orthorhombic,5,True,16,9.720917229440696,28.59547443685018,0.6281250006111989
PbTe_transmutation_transmuted_from_oqmd-3052242_rank_1,11.00852452528899,12.144801724865703,1.1362771995767122,11.55324617733308,0.3684345070483172,57,orthorhombic,5,True,8,9.72091723314423,28.595474425955704,0.6281250008505055
PbTe_transmutation_transmuted_from_oqmd-5395345_rank_2,9.646113446366108,9.660428423192268,0.01431497682616012,9.653267511293663,0.007143811367271713,194,hexagonal,2,True,24,9.720917231796331,28.59547442992074,0.6281250007634104
PbZn0.015Te_generalized_grouping_grouped_from_agm002068072_rank_3,7.80451602453066,10.247049694187456,2.4425336696567967,9.025762053454843,1.2212393778507513,194,hexagonal,2,True,192,9.156664933256929,30.357585667201587,0.5916653779727193
PbZn0.015Te_generalized_grouping_grouped_from_oqmd-5395345_rank_2,9.646113139204152,9.660429602925337,0.014316463721185002,9.653267505239409,0.00714381148757276,194,hexagonal,2,True,192,9.720917219408792,28.595474466360468,0.6281249999629789
Pr0.5Ca0.5MnO3,11.999999999999483,11.999999999999492,8.881784197001252e-15,11.999999999999488,2.3684757858670005e-15,1,triclinic,7,False,1,5.222391312303372,12.643683796219928,0.6585026488605873
Rb2Bi8Se12.909,11.999999999999483,11.99999999999949,7.105427357601002e-15,11.999999999999488,1.578983857244667e-15,2,triclinic,7,True,2,10.900454666040986,18.70423152190496,0.7228880640920881
Rb2Bi8Se12.9415,11.999999999999483,11.999999999999492,8.881784197001252e-15,11.999999999999488,1.7763568394002505e-15,5,monoclinic,6,False,2,10.900454666040986,18.70423152190496,0.7228880640920881
Rb2Bi8Se12.961,11.999999999999481,11.999999999999492,1.0658141036401503e-14,11.999999999999488,2.500057773970723e-15,5,monoclinic,6,False,2,10.900454666040986,18.70423152190496,0.7228880640920881
Rb2Bi8Se12.9805,11.999999999999483,11.999999999999492,8.881784197001252e-15,11.999999999999488,2.3026847918151395e-15,5,monoclinic,6,False,2,10.900454666040986,18.70423152190496,0.7228880640920881
Rb2Bi8Se12.9935,11.999999999999483,11.99999999999949,7.105427357601002e-15,11.999999999999488,1.578983857244667e-15,2,triclinic,7,True,2,10.900454666040986,18.70423152190496,0.7228880640920881
Rb2Bi8Se13,11.999999999999481,11.999999999999492,1.0658141036401503e-14,11.999999999999488,2.434266779918862e-15,5,monoclinic,6,False,2,10.900454666040986,18.70423152190496,0.7228880640920881
Rb7.88Au2.47Ge43.53,11.99999999999948,11.999999999999492,1.2434497875801753e-14,11.999999999999485,2.039520815607695e-15,8,monoclinic,6,False,2,6.621139822081118,19.849080134041305,0.760814166243494
Sb0.05Ge0.95Te_generalized_grouping_grouped_from_agm002068072_rank_3,7.80451602453066,10.247049694187456,2.4425336696567967,9.025762053454843,1.2212393778507513,187,hexagonal,2,False,12,5.560458624792313,30.357585667201587,0.32878227930948933
Sb0.05Ge0.95Te_generalized_grouping_grouped_from_oqmd-5395345_rank_2,9.646113141270112,9.66042960491903,0.014316463648917477,9.653267507269243,0.007143811451441828,164,trigonal,3,True,12,7.455723434722166,22.64060631124428,0.4408466837320792
Sb0.15Ge0.85Te_generalized_grouping_grouped_from_agm002068072_rank_3,7.804518289539199,10.247034134947622,2.4425158454084235,9.02576205630667,1.2212393793901166,38,orthorhombic,5,False,4,5.668411619419928,30.357585698957983,0.33485562816683734
Sb0.15Ge0.85Te_generalized_grouping_grouped_from_oqmd-5395345_rank_2,9.646110035505256,9.6604297397182,0.014319704212944373,9.653267500713905,0.007143811559487924,12,monoclinic,6,True,4,7.60047186505842,22.64060634243095,0.4489901142710165
Sb0.1Ge0.9Te_generalized_grouping_grouped_from_agm002068072_rank_3,7.80451602453066,10.247049694187456,2.4425336696567967,9.025762053454843,1.2212393778507513,187,hexagonal,2,False,24,5.644422069670146,30.357585667201587,0.3335059953598706
Sb0.1Ge0.9Te_generalized_grouping_grouped_from_oqmd-5395345_rank_2,9.646113141270112,9.66042960491903,0.014316463648917477,9.653267507269243,0.007143811451441828,164,trigonal,3,True,24,7.568305555348781,22.64060631124428,0.44718046352117274
Sb1.81Mn0.04In0.15Te2.98,11.999999999999481,11.999999999999492,1.0658141036401503e-14,11.99999999999949,4.320099833421409e-15,1,triclinic,7,False,1,10.281936476749815,20.108002405020738,0.6009919564354924
Sb1.85In0.15Te2.98,11.999999999999481,11.999999999999492,1.0658141036401503e-14,11.999999999999487,2.2697892947892088e-15,1,triclinic,7,False,1,10.346460883577208,20.08351565996552,0.6009324077813397
Sb2Si2Te6,11.999999999999481,11.999999999999492,1.0658141036401503e-14,11.999999999999487,2.500057773970723e-15,1,triclinic,7,False,1,10.363967264312654,17.31841770901705,0.6140440725319459
Sb2Te3,7.80451602453066,10.247049694187456,2.4425336696567967,9.025762053454843,1.2212393778507513,194,hexagonal,2,True,192,6.8199102979598205,30.357585667201587,0.3996380200652082
Si0.8Ge0.2,11.99999999999948,11.99999999999949,1.0658141036401503e-14,11.999999999999487,2.3684757858670005e-15,8,monoclinic,6,False,2,4.772177325356654,12.643683796219928,0.4791217020595083
Sm0.2Bi1.8Te3,11.99999999999948,11.999999999999492,1.2434497875801753e-14,11.999999999999488,3.026385726385612e-15,1,triclinic,7,False,1,11.385820686048135,23.128300450270057,0.6117234494064152
Sm0.5Ca0.5MnO3,11.99999999999948,11.99999999999949,1.0658141036401503e-14,11.999999999999485,2.1711028037114174e-15,1,triclinic,7,False,1,5.360325765242533,12.643683796219928,0.6585026488605873
Sm0.7Ca0.3MnO3,11.999999999999481,11.99999999999949,8.881784197001252e-15,11.999999999999487,2.105311809659556e-15,1,triclinic,7,False,1,5.896759820937202,12.643683796219928,0.6646331415702331
Sn.985Na.015Se_generalized_grouping_grouped_from_agm002068072_rank_3,7.80451602453066,10.247049694187456,2.4425336696567967,9.025762053454843,1.2212393778507513,194,hexagonal,2,True,192,5.406206563192644,30.357585667201587,0.31525360828432164
Sn.985Na.015Se_generalized_grouping_grouped_from_oqmd-5395345_rank_2,9.646113141270112,9.66042960491903,0.014316463648917477,9.653267507269243,0.007143811451441828,194,hexagonal,2,True,192,7.2488950437338575,22.64060631124428,0.42270680779572023
Sn0.87Mn0.1Bi0.03Te_generalized_grouping_grouped_from_agm002068072_rank_3,7.80451602453066,10.247049694187456,2.4425336696567967,9.025762053454843,1.2212393778507513,187,hexagonal,2,False,24,6.518476214758951,30.357585667201587,0.39701097852828915
Sn0.87Mn0.1Bi0.03Te_generalized_grouping_grouped_from_oqmd-5395345_rank_2,9.646113141270112,9.66042960491903,0.014316463648917477,9.653267507269243,0.007143811451441828,164,trigonal,3,True,24,8.740278303010049,22.64060631124428,0.5323309201974149
Sn0.8Ge0.20.82Mn0.18Te_generalized_grouping_grouped_from_agm002068072_rank_3,7.804522623638806,10.247001912951182,2.4424792893123763,9.025762056201897,1.221239379353722,25,orthorhombic,5,False,4,6.235803886703764,30.357585698957987,0.3835387214804214
Sn0.8Ge0.20.82Mn0.18Te_generalized_grouping_grouped_from_oqmd-3052242_rank_1,11.008524293753023,12.144802077782742,1.1362777840297191,11.553246206167389,0.3684345588570153,6,monoclinic,6,False,2,8.223021503671564,22.931785250728392,0.5073503129803029
Sn0.8Ge0.20.82Mn0.18Te_generalized_grouping_grouped_from_oqmd-5395345_rank_2,9.646113318782604,9.660428528553155,0.014315209770551007,9.653267500710937,0.007143811558746993,6,monoclinic,6,False,2,8.361257999425955,22.640606342430953,0.5142666865944242
Sn0.8Ge0.20.85Mn0.15Te_generalized_grouping_grouped_from_agm002068072_rank_3,7.804518289539199,10.247034134947615,2.4425158454084164,9.02576205630667,1.221239379390116,38,orthorhombic,5,False,4,6.307331022769131,30.357585698957983,0.38583862121852636
Sn0.8Ge0.20.85Mn0.15Te_generalized_grouping_grouped_from_oqmd-5395345_rank_2,9.646110035505256,9.660429739718198,0.014319704212942597,9.653267500713905,0.007143811559488812,8,monoclinic,6,False,2,8.457164934517,22.64060634243095,0.5173504999138441
Sn0.8Ge0.20.88Mn0.12Te_generalized_grouping_grouped_from_agm002068072_rank_3,7.80451602453066,10.247049694187456,2.4425336696567967,9.025762053454843,1.2212393778507515,6,monoclinic,6,False,2,6.282226464828873,30.357585667201587,0.38283983037714536
Sn0.8Ge0.20.88Mn0.12Te_generalized_grouping_grouped_from_oqmd-5395345_rank_2,9.646113141270112,9.660429604919027,0.0143164636489157,9.653267507269243,0.007143811451440885,2,triclinic,7,True,2,8.423503569870709,22.64060631124428,0.5133295808301341
Sn0.8Ge0.20.8Mn0.2Te_generalized_grouping_grouped_from_agm002068072_rank_3,7.804522623638806,10.247001912951182,2.4424792893123763,9.025762056201897,1.221239379353722,25,orthorhombic,5,False,4,6.235803886703764,30.357585698957987,0.3835387214804214
Sn0.8Ge0.20.8Mn0.2Te_generalized_grouping_grouped_from_oqmd-3052242_rank_1,11.008524293753023,12.144802077782742,1.1362777840297191,11.553246206167389,0.3684345588570153,6,monoclinic,6,False,2,8.19095301662852,22.931785250728392,0.5069638981434468
Sn0.8Ge0.20.8Mn0.2Te_generalized_grouping_grouped_from_oqmd-5395345_rank_2,9.646113318782604,9.660428528553155,0.014315209770551007,9.653267500710937,0.007143811558746993,6,monoclinic,6,False,2,8.361257999425955,22.640606342430953,0.5142666865944242
Sn0.8Ge0.20.91Mn0.09Te_generalized_grouping_grouped_from_agm002068072_rank_3,7.80451602453066,10.247049694187456,2.4425336696567967,9.025762053454843,1.2212393778507515,38,orthorhombic,5,False,4,6.39123528055351,30.357585667201587,0.38415335114560495
Sn0.8Ge0.20.91Mn0.09Te_generalized_grouping_grouped_from_oqmd-5395345_rank_2,9.646113141270112,9.660429604919027,0.0143164636489157,9.653267507269243,0.007143811451440885,12,monoclinic,6,True,4,8.56966769711837,22.64060631124428,0.5150908110156683
Sn0.8Ge0.20.94Mn0.06Te_generalized_grouping_grouped_from_agm002068072_rank_3,7.80451602453066,10.247049694187456,2.4425336696567967,9.025762053454843,1.2212393778507515,38,orthorhombic,5,False,4,6.39123528055351,30.357585667201587,0.38415335114560495
Sn0.8Ge0.20.94Mn0.06Te_generalized_grouping_grouped_from_oqmd-5395345_rank_2,9.646113141270112,9.660429604919027,0.0143164636489157,9.653267507269243,0.007143811451440885,12,monoclinic,6,True,4,8.56966769711837,22.64060631124428,0.5150908110156683
Sn0.8Ge0.20.97Mn0.03Te_generalized_grouping_grouped_from_agm002068072_rank_3,7.80451602453066,10.247049694187456,2.4425336696567967,9.025762053454843,1.2212393778507515,25,orthorhombic,5,False,16,6.421494179634789,30.357585667201587,0.3807431558636831
Sn0.8Ge0.20.97Mn0.03Te_generalized_grouping_grouped_from_oqmd-5395345_rank_2,9.646113141270112,9.660429604919027,0.0143164636489157,9.653267507269243,0.007143811451440885,10,monoclinic,6,True,16,8.610240246652914,22.64060631124428,0.5105182614121088
Sn0.8Ge0.2Te_generalized_grouping_grouped_from_agm002068072_rank_3,7.804518242977359,10.247026131846267,2.4425078888689082,9.02576205633863,1.2212393793944332,38,orthorhombic,5,False,4,6.484494106166191,30.357585698957983,0.38452212830174803
Sn0.8Ge0.2Te_generalized_grouping_grouped_from_oqmd-3052242_rank_1,11.008524523511984,12.144801257879854,1.1362767343678701,11.553246236786906,0.368434485700312,6,monoclinic,6,False,2,8.584311399657617,22.931785250728392,0.5090385827110963
Sn0.8Ge0.2Te_generalized_grouping_grouped_from_oqmd-5395345_rank_2,9.646110007511387,9.660429832754387,0.014319825242999684,9.653267500715119,0.007143811559693169,12,monoclinic,6,True,4,8.694713496846731,22.64060634243095,0.5155852845331823
Sn0.91Mn0.08Bi0.01Te_generalized_grouping_grouped_from_agm002068072_rank_3,7.80451602453066,10.247049694187456,2.4425336696567967,9.025762053454843,1.2212393778507513,187,hexagonal,2,False,12,6.627485030483588,30.357585667201587,0.3983244992967487
Sn0.91Mn0.08Bi0.01Te_generalized_grouping_grouped_from_oqmd-5395345_rank_2,9.646113141270112,9.66042960491903,0.014316463648917477,9.653267507269243,0.007143811451441828,164,trigonal,3,True,12,8.88644243025771,22.64060631124428,0.5340921503829491
Sn0.91Mn0.09Te0.97I0.03_generalized_grouping_grouped_from_agm002068072_rank_3,7.80451602453066,10.247049694187456,2.4425336696567967,9.025762053454843,1.2212393778507513,187,hexagonal,2,False,12,6.627485030483588,30.357585667201587,0.3983244992967487
Sn0.91Mn0.09Te0.97I0.03_generalized_grouping_grouped_from_oqmd-5395345_rank_2,9.646113141270112,9.66042960491903,0.014316463648917477,9.653267507269243,0.007143811451441828,164,trigonal,3,True,12,8.88644243025771,22.64060631124428,0.5340921503829491
Sn0.91Mn0.09Te0.98I0.02_generalized_grouping_grouped_from_agm002068072_rank_3,7.80451602453066,10.247049694187456,2.4425336696567967,9.025762053454843,1.2212393778507513,187,hexagonal,2,False,12,6.627485030483588,30.357585667201587,0.3983244992967487
Sn0.91Mn0.09Te0.98I0.02_generalized_grouping_grouped_from_oqmd-5395345_rank_2,9.646113141270112,9.66042960491903,0.014316463648917477,9.653267507269243,0.007143811451441828,164,trigonal,3,True,12,8.88644243025771,22.64060631124428,0.5340921503829491
Sn0.91Mn0.09Te0.99I0.01_generalized_grouping_grouped_from_agm002068072_rank_3,7.80451602453066,10.247049694187456,2.4425336696567967,9.025762053454843,1.2212393778507513,187,hexagonal,2,False,12,6.627485030483588,30.357585667201587,0.3983244992967487
Sn0.91Mn0.09Te0.99I0.01_generalized_grouping_grouped_from_oqmd-5395345_rank_2,9.646113141270112,9.66042960491903,0.014316463648917477,9.653267507269243,0.007143811451441828,164,trigonal,3,True,12,8.88644243025771,22.64060631124428,0.5340921503829491
Sn0.91Mn0.09Te_generalized_grouping_grouped_from_agm002068072_rank_3,7.80451602453066,10.247049694187456,2.4425336696567967,9.025762053454843,1.2212393778507513,187,hexagonal,2,False,12,6.627485030483588,30.357585667201587,0.3983244992967487
Sn0.91Mn0.09Te_generalized_grouping_grouped_from_oqmd-5395345_rank_2,9.646113141270112,9.66042960491903,0.014316463648917477,9.653267507269243,0.007143811451441828,164,trigonal,3,True,12,8.88644243025771,22.64060631124428,0.5340921503829491
Sn0.93Pb0.06Zn0.01Se_generalized_grouping_grouped_from_agm002068072_rank_3,7.80451602453066,10.247049694187456,2.4425336696567967,9.025762053454843,1.2212393778507515,187,hexagonal,2,False,12,5.557467256133188,30.357585667201587,0.3272553181535412
Sn0.93Pb0.06Zn0.01Se_generalized_grouping_grouped_from_oqmd-5395345_rank_2,9.646113141270114,9.66042960491903,0.0143164636489157,9.653267507269245,0.007143811451441495,164,trigonal,3,True,12,7.451712467476715,22.64060631124428,0.4387992626751986
Sn0.95Mn0.05Te_generalized_grouping_grouped_from_agm002068072_rank_3,7.80451602453066,10.247049694187456,2.4425336696567967,9.025762053454843,1.2212393778507513,187,hexagonal,2,False,12,6.627485030483588,30.357585667201587,0.3983244992967487
Sn0.95Mn0.05Te_generalized_grouping_grouped_from_oqmd-5395345_rank_2,9.646113141270112,9.66042960491903,0.014316463648917477,9.653267507269243,0.007143811451441828,164,trigonal,3,True,12,8.88644243025771,22.64060631124428,0.5340921503829491
Sn0.965Pb0.01Cd0.025Se_generalized_grouping_grouped_from_agm002068072_rank_3,7.80451602453066,10.247049694187456,2.4425336696567967,9.025762053454843,1.2212393778507513,194,hexagonal,2,True,192,5.406206563192644,30.357585667201587,0.31525360828432164
Sn0.965Pb0.01Cd0.025Se_generalized_grouping_grouped_from_oqmd-5395345_rank_2,9.646113141270112,9.66042960491903,0.014316463648917477,9.653267507269243,0.007143811451441828,194,hexagonal,2,True,192,7.2488950437338575,22.64060631124428,0.42270680779572023
Sn0.96Pb0.01Cd0.035Se_generalized_grouping_grouped_from_agm002068072_rank_3,7.80451602453066,10.247049694187456,2.4425336696567967,9.025762053454843,1.2212393778507513,187,hexagonal,2,False,12,5.3954393453733145,30.357585667201587,0.31816523700455895
Sn0.96Pb0.01Cd0.035Se_generalized_grouping_grouped_from_oqmd-5395345_rank_2,9.646113141270112,9.66042960491903,0.014316463648917477,9.653267507269243,0.007143811451441828,164,trigonal,3,True,12,7.234457853631516,22.64060631124428,0.42661085599525056
Sn0.96Pb0.03Zn0.01Se_generalized_grouping_grouped_from_agm002068072_rank_3,7.80451602453066,10.247049694187456,2.4425336696567967,9.025762053454843,1.2212393778507513,194,hexagonal,2,True,192,5.406206563192644,30.357585667201587,0.31525360828432164
Sn0.96Pb0.03Zn0.01Se_generalized_grouping_grouped_from_oqmd-5395345_rank_2,9.646113141270112,9.66042960491903,0.014316463648917477,9.653267507269243,0.007143811451441828,194,hexagonal,2,True,192,7.2488950437338575,22.64060631124428,0.42270680779572023
Sn0.975Pb0.01Cd0.015Se_generalized_grouping_grouped_from_agm002068072_rank_3,7.80451602453066,10.247049694187456,2.4425336696567967,9.025762053454843,1.2212393778507513,194,hexagonal,2,True,192,5.406206563192644,30.357585667201587,0.31525360828432164
Sn0.975Pb0.01Cd0.015Se_generalized_grouping_grouped_from_oqmd-5395345_rank_2,9.646113141270112,9.66042960491903,0.014316463648917477,9.653267507269243,0.007143811451441828,194,hexagonal,2,True,192,7.2488950437338575,22.64060631124428,0.42270680779572023
Sn0.97Ce0.03Te_generalized_grouping_grouped_from_agm002068072_rank_3,7.80451602453066,10.247049694187456,2.4425336696567967,9.025762053454843,1.2212393778507513,194,hexagonal,2,True,192,6.736493846208226,30.357585667201587,0.3996380200652082
Sn0.97Ce0.03Te_generalized_grouping_grouped_from_oqmd-5395345_rank_2,9.646113141270112,9.66042960491903,0.014316463648917477,9.653267507269243,0.007143811451441828,194,hexagonal,2,True,192,9.03260655750537,22.64060631124428,0.5358533805684832
Sn0.97Mn0.03Te_generalized_grouping_grouped_from_agm002068072_rank_3,7.80451602453066,10.247049694187456,2.4425336696567967,9.025762053454843,1.2212393778507513,194,hexagonal,2,True,192,6.736493846208226,30.357585667201587,0.3996380200652082
Sn0.97Mn0.03Te_generalized_grouping_grouped_from_oqmd-5395345_rank_2,9.646113141270112,9.66042960491903,0.014316463648917477,9.653267507269243,0.007143811451441828,194,hexagonal,2,True,192,9.03260655750537,22.64060631124428,0.5358533805684832
Sn0.97Pb0.01Cd0.025Se_generalized_grouping_grouped_from_agm002068072_rank_3,7.80451602453066,10.247049694187456,2.4425336696567967,9.025762053454843,1.2212393778507513,194,hexagonal,2,True,192,5.406206563192644,30.357585667201587,0.31525360828432164
Sn0.97Pb0.01Cd0.025Se_generalized_grouping_grouped_from_oqmd-5395345_rank_2,9.646113141270112,9.66042960491903,0.014316463648917477,9.653267507269243,0.007143811451441828,194,hexagonal,2,True,192,7.2488950437338575,22.64060631124428,0.42270680779572023
Sn0.97Pb0.02Zn0.01Se_generalized_grouping_grouped_from_agm002068072_rank_3,7.80451602453066,10.247049694187456,2.4425336696567967,9.025762053454843,1.2212393778507513,194,hexagonal,2,True,192,5.406206563192644,30.357585667201587,0.31525360828432164
Sn0.97Pb0.02Zn0.01Se_generalized_grouping_grouped_from_oqmd-5395345_rank_2,9.646113141270112,9.66042960491903,0.014316463648917477,9.653267507269243,0.007143811451441828,194,hexagonal,2,True,192,7.2488950437338575,22.64060631124428,0.42270680779572023
Sn0.985In0.015Te0.85AgCl0.15_generalized_grouping_grouped_from_agm002068072_rank_3,7.80451602453066,10.247049694187456,2.4425336696567967,9.025762053454843,1.2212393778507515,1,triclinic,7,False,1,6.365872841722375,30.357585667201587,0.3981466323071748
Sn0.985In0.015Te0.85AgCl0.15_generalized_grouping_grouped_from_oqmd-5395345_rank_2,9.646113141270112,9.660429604919031,0.014316463648919253,9.653267507269243,0.007143811451442161,8,monoclinic,6,False,2,8.53566055088912,22.64060631124428,0.5338536579901604
Sn0.985In0.015Te0.95AgCl0.05_generalized_grouping_grouped_from_agm002068072_rank_3,7.80451602453066,10.247049694187456,2.4425336696567967,9.02576205345484,1.2212393778507515,8,monoclinic,6,False,2,6.560449578459158,30.357585667201587,0.396634223904919
Sn0.985In0.015Te0.95AgCl0.05_generalized_grouping_grouped_from_oqmd-5395345_rank_2,9.646113141270112,9.66042960491903,0.014316463648917477,9.653267507269243,0.007143811451441828,8,monoclinic,6,False,2,8.796558155534884,22.64060631124428,0.5318257499472351
Sn0.985In0.015Te0.9AgCl0.1_generalized_grouping_grouped_from_agm002068072_rank_3,7.80451602453066,10.247049694187456,2.4425336696567967,9.025762053454843,1.2212393778507515,8,monoclinic,6,False,4,6.384405310710089,30.357585667201587,0.3936304277446298
Sn0.985In0.015Te0.9AgCl0.1_generalized_grouping_grouped_from_oqmd-5395345_rank_2,9.646113141270112,9.660429604919031,0.014316463648919253,9.653267507269243,0.007143811451442161,8,monoclinic,6,False,4,8.560509753564396,22.64060631124428,0.527798119325987
Sn0.985In0.015Te_generalized_grouping_grouped_from_agm002068072_rank_3,7.80451602453066,10.247049694187456,2.4425336696567967,9.025762053454843,1.2212393778507513,194,hexagonal,2,True,192,6.736493846208226,30.357585667201587,0.3996380200652082
Sn0.985In0.015Te_generalized_grouping_grouped_from_oqmd-5395345_rank_2,9.646113141270112,9.66042960491903,0.014316463648917477,9.653267507269243,0.007143811451441828,194,hexagonal,2,True,192,9.03260655750537,22.64060631124428,0.5358533805684832
Sn0.98Bi0.02Te_generalized_grouping_grouped_from_agm002068072_rank_3,7.80451602453066,10.247049694187456,2.4425336696567967,9.025762053454843,1.2212393778507513,194,hexagonal,2,True,192,6.736493846208226,30.357585667201587,0.3996380200652082
Sn0.98Bi0.02Te_generalized_grouping_grouped_from_oqmd-5395345_rank_2,9.646113141270112,9.66042960491903,0.014316463648917477,9.653267507269243,0.007143811451441828,194,hexagonal,2,True,192,9.03260655750537,22.64060631124428,0.5358533805684832
Sn0.98Ce0.02Te_generalized_grouping_grouped_from_agm002068072_rank_3,7.80451602453066,10.247049694187456,2.4425336696567967,9.025762053454843,1.2212393778507513,194,hexagonal,2,True,192,6.736493846208226,30.357585667201587,0.3996380200652082
Sn0.98Ce0.02Te_generalized_grouping_grouped_from_oqmd-5395345_rank_2,9.646113141270112,9.66042960491903,0.014316463648917477,9.653267507269243,0.007143811451441828,194,hexagonal,2,True,192,9.03260655750537,22.64060631124428,0.5358533805684832
Sn0.98In0.02Se_generalized_grouping_grouped_from_agm002068072_rank_3,7.80451602453066,10.247049694187456,2.4425336696567967,9.025762053454843,1.2212393778507513,194,hexagonal,2,True,192,5.406206563192644,30.357585667201587,0.31525360828432164
Sn0.98In0.02Se_generalized_grouping_grouped_from_oqmd-5395345_rank_2,9.646113141270112,9.66042960491903,0.014316463648917477,9.653267507269243,0.007143811451441828,194,hexagonal,2,True,192,7.2488950437338575,22.64060631124428,0.42270680779572023
Sn0.98Pb0.01Zn0.01Se_generalized_grouping_grouped_from_agm002068072_rank_3,7.80451602453066,10.247049694187456,2.4425336696567967,9.025762053454843,1.2212393778507513,194,hexagonal,2,True,192,5.406206563192644,30.357585667201587,0.31525360828432164
Sn0.98Pb0.01Zn0.01Se_generalized_grouping_grouped_from_oqmd-5395345_rank_2,9.646113141270112,9.66042960491903,0.014316463648917477,9.653267507269243,0.007143811451441828,194,hexagonal,2,True,192,7.2488950437338575,22.64060631124428,0.42270680779572023
Sn0.99Ce0.01Te_generalized_grouping_grouped_from_agm002068072_rank_3,7.80451602453066,10.247049694187456,2.4425336696567967,9.025762053454843,1.2212393778507513,194,hexagonal,2,True,192,6.736493846208226,30.357585667201587,0.3996380200652082
Sn0.99Ce0.01Te_generalized_grouping_grouped_from_oqmd-5395345_rank_2,9.646113141270112,9.66042960491903,0.014316463648917477,9.653267507269243,0.007143811451441828,194,hexagonal,2,True,192,9.03260655750537,22.64060631124428,0.5358533805684832
Sn0.99Mn0.01Te_generalized_grouping_grouped_from_agm002068072_rank_3,7.80451602453066,10.247049694187456,2.4425336696567967,9.025762053454843,1.2212393778507513,194,hexagonal,2,True,192,6.736493846208226,30.357585667201587,0.3996380200652082
Sn0.99Mn0.01Te_generalized_grouping_grouped_from_oqmd-5395345_rank_2,9.646113141270112,9.66042960491903,0.014316463648917477,9.653267507269243,0.007143811451441828,194,hexagonal,2,True,192,9.03260655750537,22.64060631124428,0.5358533805684832
Sn0.9Pb0.09Zn0.01Se_generalized_grouping_grouped_from_agm002068072_rank_3,7.80451602453066,10.247049694187456,2.4425336696567967,9.025762053454843,1.2212393778507515,187,hexagonal,2,False,24,5.708727949073731,30.357585667201587,0.3392570280227607
Sn0.9Pb0.09Zn0.01Se_generalized_grouping_grouped_from_oqmd-5395345_rank_2,9.646113141270112,9.660429604919027,0.0143164636489157,9.653267507269241,0.007143811451440885,164,trigonal,3,True,24,7.654529891219571,22.64060631124428,0.4548917175546769
Sn1.03Se0.08Te0.92_generalized_grouping_grouped_from_agm002068072_rank_3,7.80451602453066,10.247049694187456,2.4425336696567967,9.02576205345484,1.2212393778507515,164,trigonal,3,True,12,6.653350891019752,30.357585667201587,0.3943639943289028
Sn1.03Se0.08Te0.92_generalized_grouping_grouped_from_oqmd-5395345_rank_2,9.646113141270112,9.66042960491903,0.014316463648917477,9.653267507269243,0.007143811451441828,187,hexagonal,2,False,12,8.92112458789465,22.64060631124428,0.5287817197701855
Sn1.03Se0.12Te0.865Br0.015_generalized_grouping_grouped_from_agm002068072_rank_3,7.80451602453066,10.247049694187456,2.4425336696567967,9.025762053454843,1.2212393778507515,164,trigonal,3,True,24,6.570207935831278,30.357585667201587,0.38908996859259737
Sn1.03Se0.12Te0.865Br0.015_generalized_grouping_grouped_from_oqmd-5395345_rank_2,9.646113141270112,9.660429604919031,0.014316463648919253,9.653267507269243,0.007143811451442161,187,hexagonal,2,False,24,8.809642618283931,22.64060631124428,0.5217100589718878
Sn1.03Se0.12Te0.875Br0.005_generalized_grouping_grouped_from_agm002068072_rank_3,7.80451602453066,10.247049694187456,2.4425336696567967,9.025762053454843,1.2212393778507515,164,trigonal,3,True,24,6.570207935831278,30.357585667201587,0.38908996859259737
Sn1.03Se0.12Te0.875Br0.005_generalized_grouping_grouped_from_oqmd-5395345_rank_2,9.646113141270112,9.660429604919031,0.014316463648919253,9.653267507269243,0.007143811451442161,187,hexagonal,2,False,24,8.809642618283931,22.64060631124428,0.5217100589718878
Sn1.03Se0.12Te0.87Br0.01_generalized_grouping_grouped_from_agm002068072_rank_3,7.80451602453066,10.247049694187456,2.4425336696567967,9.025762053454843,1.2212393778507515,164,trigonal,3,True,24,6.570207935831278,30.357585667201587,0.38908996859259737
Sn1.03Se0.12Te0.87Br0.01_generalized_grouping_grouped_from_oqmd-5395345_rank_2,9.646113141270112,9.660429604919031,0.014316463648919253,9.653267507269243,0.007143811451442161,187,hexagonal,2,False,24,8.809642618283931,22.64060631124428,0.5217100589718878
Sn1.03Se0.12Te0.88_generalized_grouping_grouped_from_agm002068072_rank_3,7.80451602453066,10.247049694187456,2.4425336696567967,9.025762053454843,1.2212393778507515,164,trigonal,3,True,24,6.570207935831278,30.357585667201587,0.38908996859259737
Sn1.03Se0.12Te0.88_generalized_grouping_grouped_from_oqmd-5395345_rank_2,9.646113141270112,9.660429604919031,0.014316463648919253,9.653267507269243,0.007143811451442161,187,hexagonal,2,False,24,8.809642618283931,22.64060631124428,0.5217100589718878
Sn1.03Se0.15Te0.85_generalized_grouping_grouped_from_agm002068072_rank_3,7.80451602453066,10.247049694187453,2.442533669656793,9.02576205345484,1.2212393778507513,12,monoclinic,6,True,4,6.4870649806428045,30.357585667201587,0.38381594285629206
Sn1.03Se0.15Te0.85_generalized_grouping_grouped_from_oqmd-5395345_rank_2,9.646113141270112,9.660429604919031,0.014316463648919253,9.653267507269243,0.007143811451442161,38,orthorhombic,5,False,4,8.69816064867321,22.64060631124428,0.5146383981735903
Sn1.03Te_generalized_grouping_grouped_from_agm002068072_rank_3,7.80451602453066,10.247049694187456,2.4425336696567967,9.025762053454843,1.2212393778507513,194,hexagonal,2,True,192,6.736493846208226,30.357585667201587,0.3996380200652082
Sn1.03Te_generalized_grouping_grouped_from_oqmd-5395345_rank_2,9.646113141270112,9.66042960491903,0.014316463648917477,9.653267507269243,0.007143811451441828,194,hexagonal,2,True,192,9.03260655750537,22.64060631124428,0.5358533805684832
Sn1.2S1.2Ti2S4,11.99999999999948,11.99999999999949,1.0658141036401503e-14,11.999999999999485,2.1711028037114174e-15,1,triclinic,7,False,1,6.358228601214348,12.643683796219928,0.5602383815528873
SnS0.88Se0.12_generalized_grouping_grouped_from_agm002068072_rank_3,7.80451602453066,10.247049694187458,2.4425336696567985,9.025762053454843,1.2212393778507518,164,trigonal,3,True,24,4.28396469703539,30.357585667201587,0.283809958472918
SnS0.88Se0.12_generalized_grouping_grouped_from_oqmd-5395345_rank_2,9.646113141270112,9.66042960491903,0.014316463648917477,9.653267507269245,0.007143811451441828,187,hexagonal,2,False,24,5.744140571930286,22.64060631124428,0.38054568897598695
SnS0.91Se0.09_generalized_grouping_grouped_from_agm002068072_rank_3,7.804516024530661,10.247049694187451,2.4425336696567905,9.025762053454843,1.2212393778507513,164,trigonal,3,True,12,4.203804563738444,30.357585667201587,0.2815639834863892
SnS0.91Se0.09_generalized_grouping_grouped_from_oqmd-5395345_rank_2,9.646113141270112,9.66042960491903,0.014316463648917477,9.653267507269243,0.007143811451441828,187,hexagonal,2,False,12,5.636658109658603,22.64060631124428,0.3775341804888632
SnS0.94Se0.06_generalized_grouping_grouped_from_agm002068072_rank_3,7.804516024530661,10.247049694187451,2.4425336696567905,9.025762053454843,1.2212393778507513,164,trigonal,3,True,12,4.203804563738444,30.357585667201587,0.2815639834863892
SnS0.94Se0.06_generalized_grouping_grouped_from_oqmd-5395345_rank_2,9.646113141270112,9.66042960491903,0.014316463648917477,9.653267507269243,0.007143811451441828,187,hexagonal,2,False,12,5.636658109658603,22.64060631124428,0.3775341804888632
SnS0.97Se0.03_generalized_grouping_grouped_from_agm002068072_rank_3,7.80451602453066,10.247049694187456,2.4425336696567967,9.025762053454843,1.2212393778507513,194,hexagonal,2,True,192,4.123644430441497,30.357585667201587,0.27931800849986044
SnS0.97Se0.03_generalized_grouping_grouped_from_oqmd-5395345_rank_2,9.646113141270112,9.66042960491903,0.014316463648917477,9.653267507269243,0.007143811451441828,194,hexagonal,2,True,192,5.529175647386919,22.64060631124428,0.37452267200173944
SnS_transmutation_transmuted_from_agm002068072_rank_3,7.804522677273523,10.247001436745924,2.442478759472401,9.025762057009723,1.2212393797361998,194,hexagonal,2,True,24,4.123644426127844,30.357585698957987,0.2793180082076719
SnS_transmutation_transmuted_from_agm004226516_rank_5,6.000000008550332,6.000000008550333,8.881784197001252e-16,6.000000008550332,4.440892098500626e-16,225,cubic,1,True,48,5.804173571251153,21.56790928483927,0.39314985330483976
SnS_transmutation_transmuted_from_agm004461667_rank_4,10.793991182669812,11.742736753657026,0.9487455709872137,11.458208908966597,0.34754194318382253,65,orthorhombic,5,True,16,7.115664819391216,17.592718633550902,0.4819846521762493
SnS_transmutation_transmuted_from_oqmd-3052242_rank_1,11.008524522970818,12.144801723712721,1.1362772007419029,11.553246175290026,0.36843450710110653,57,orthorhombic,5,True,8,5.458968313608737,22.931785250728392,0.3697671279717447
SnS_transmutation_transmuted_from_oqmd-5395345_rank_2,9.646113435606475,9.660428412808987,0.014314977202511514,9.653267500722176,0.007143811555440749,194,hexagonal,2,True,24,5.529175639770666,22.64060634243095,0.37452267148584695
SnSe0.8S0.2_generalized_grouping_grouped_from_agm002068072_rank_3,7.80451824297736,10.247026131846274,2.4425078888689145,9.025762056338632,1.221239379394433,12,monoclinic,6,True,4,5.149694131255433,30.357585698957983,0.3080664880051677
SnSe0.8S0.2_generalized_grouping_grouped_from_oqmd-3052242_rank_1,11.008524523511984,12.144801257879857,1.1362767343678737,11.553246236786903,0.3684344857003116,6,monoclinic,6,False,2,6.817274765297316,22.931785250728392,0.40782497779133065
SnSe0.8S0.2_generalized_grouping_grouped_from_oqmd-5395345_rank_2,9.646110007511389,9.660429832754385,0.014319825242996131,9.65326750071512,0.007143811559693259,38,orthorhombic,5,False,4,6.904951154953133,22.64060634243095,0.4130699800679339
SnSe0.95_generalized_grouping_grouped_from_agm002068072_rank_3,7.80451602453066,10.247049694187456,2.4425336696567967,9.025762053454843,1.2212393778507513,194,hexagonal,2,True,192,5.406206563192644,30.357585667201587,0.31525360828432164
SnSe0.95_generalized_grouping_grouped_from_oqmd-5395345_rank_2,9.646113141270112,9.66042960491903,0.014316463648917477,9.653267507269243,0.007143811451441828,194,hexagonal,2,True,192,7.2488950437338575,22.64060631124428,0.42270680779572023
SnSe0.9S0.1_generalized_grouping_grouped_from_agm002068072_rank_3,7.80451602453066,10.247049694187456,2.4425336696567967,9.025762053454843,1.2212393778507515,164,trigonal,3,True,24,5.2458862965987505,30.357585667201587,0.31076165831126396
SnSe0.9S0.1_generalized_grouping_grouped_from_oqmd-5395345_rank_2,9.646113141270112,9.660429604919031,0.014316463648919253,9.653267507269243,0.007143811451442161,187,hexagonal,2,False,24,7.03393011919049,22.64060631124428,0.4166837908214726
SnSe_transmutation_transmuted_from_agm002068072_rank_3,7.804522677273523,10.247001436745924,2.442478759472401,9.025762057009723,1.2212393797361998,194,hexagonal,2,True,24,5.406206557537331,30.357585698957987,0.3152536079545418
SnSe_transmutation_transmuted_from_agm004226516_rank_5,6.000000008550332,6.000000008550333,8.881784197001252e-16,6.000000008550332,4.440892098500626e-16,225,cubic,1,True,48,7.609424571906587,21.56790928483927,0.4437304652015105
SnSe_transmutation_transmuted_from_agm004461667_rank_4,10.793991182669812,11.742736753657026,0.9487455709872137,11.458208908966597,0.34754194318382253,65,orthorhombic,5,True,16,9.328824174094256,17.592718633550902,0.5439942864847623
SnSe_transmutation_transmuted_from_oqmd-3052242_rank_1,11.008524522970818,12.144801723712721,1.1362772007419029,11.553246175290026,0.36843450710110653,57,orthorhombic,5,True,8,7.156851378219459,22.931785250728392,0.41733944024622827
SnSe_transmutation_transmuted_from_oqmd-5395345_rank_2,9.646113435606475,9.660428412808987,0.014314977202511514,9.653267500722176,0.007143811555440749,194,hexagonal,2,True,24,7.24889503374875,22.64060634243095,0.4227068072134559
SnTe0.86CuSbTe20.14_generalized_grouping_grouped_from_agm002068072_rank_3,7.80451602453066,10.247049694187456,2.4425336696567967,9.02576205345484,1.2212393778507515,38,orthorhombic,5,False,8,6.558331347577793,30.357585667201587,0.39456503792620906
SnTe0.86CuSbTe20.14_generalized_grouping_grouped_from_oqmd-5395345_rank_2,9.646113141270112,9.66042960491903,0.014316463648917477,9.653267507269245,0.007143811451441828,12,monoclinic,6,True,8,8.793717932328846,22.64060631124428,0.5290512884444589
SnTe0.88CuSbTe20.12_generalized_grouping_grouped_from_agm002068072_rank_3,7.80451602453066,10.247049694187456,2.4425336696567967,9.02576205345484,1.2212393778507515,38,orthorhombic,5,False,8,6.558331347577793,30.357585667201587,0.39456503792620906
SnTe0.88CuSbTe20.12_generalized_grouping_grouped_from_oqmd-5395345_rank_2,9.646113141270112,9.66042960491903,0.014316463648917477,9.653267507269245,0.007143811451441828,12,monoclinic,6,True,8,8.793717932328846,22.64060631124428,0.5290512884444589
SnTe0.92CuSbTe20.08_generalized_grouping_grouped_from_agm002068072_rank_3,7.80451602453066,10.247049694187456,2.4425336696567967,9.025762053454843,1.2212393778507513,187,hexagonal,2,False,12,6.64741259689301,30.357585667201587,0.39710152899570866
SnTe0.92CuSbTe20.08_generalized_grouping_grouped_from_oqmd-5395345_rank_2,9.646113141270112,9.66042960491903,0.014316463648917477,9.653267507269243,0.007143811451441828,164,trigonal,3,True,12,8.913162244917109,22.64060631124428,0.5324523345064711
SnTe0.94CuSbTe20.06_generalized_grouping_grouped_from_agm002068072_rank_3,7.80451602453066,10.247049694187456,2.4425336696567967,9.025762053454843,1.2212393778507513,187,hexagonal,2,False,12,6.64741259689301,30.357585667201587,0.39710152899570866
SnTe0.94CuSbTe20.06_generalized_grouping_grouped_from_oqmd-5395345_rank_2,9.646113141270112,9.66042960491903,0.014316463648917477,9.653267507269243,0.007143811451441828,164,trigonal,3,True,12,8.913162244917109,22.64060631124428,0.5324523345064711
SnTe0.96CuSbTe20.04_generalized_grouping_grouped_from_agm002068072_rank_3,7.80451602453066,10.247049694187456,2.4425336696567967,9.025762053454843,1.2212393778507513,187,hexagonal,2,False,12,6.64741259689301,30.357585667201587,0.39710152899570866
SnTe0.96CuSbTe20.04_generalized_grouping_grouped_from_oqmd-5395345_rank_2,9.646113141270112,9.66042960491903,0.014316463648917477,9.653267507269243,0.007143811451441828,164,trigonal,3,True,12,8.913162244917109,22.64060631124428,0.5324523345064711
SnTe0.98CuSbTe20.02_generalized_grouping_grouped_from_agm002068072_rank_3,7.80451602453066,10.247049694187456,2.4425336696567967,9.025762053454843,1.2212393778507513,194,hexagonal,2,True,192,6.736493846208226,30.357585667201587,0.3996380200652082
SnTe0.98CuSbTe20.02_generalized_grouping_grouped_from_oqmd-5395345_rank_2,9.646113141270112,9.66042960491903,0.014316463648917477,9.653267507269243,0.007143811451441828,194,hexagonal,2,True,192,9.03260655750537,22.64060631124428,0.5358533805684832
SnTe0.9CuSbTe20.1_generalized_grouping_grouped_from_agm002068072_rank_3,7.80451602453066,10.247049694187456,2.4425336696567967,9.025762053454843,1.2212393778507515,38,orthorhombic,5,False,4,6.553117819343318,30.357585667201587,0.39456503792620906
SnTe0.9CuSbTe20.1_generalized_grouping_grouped_from_oqmd-5395345_rank_2,9.646113141270112,9.66042960491903,0.014316463648917477,9.653267507269243,0.007143811451441828,12,monoclinic,6,True,4,8.786727389415345,22.64060631124428,0.5290512884444589
SnTe10Sb2Te3,11.008524522970818,12.144801723712721,1.1362772007419029,11.553246175290026,0.36843450710110653,6,monoclinic,6,False,2,8.936318758974535,22.931785250728392,0.5290493216011182
SnTe12Sb2Te3,11.008524522970818,12.144801723712721,1.1362772007419029,11.553246175290026,0.36843450710110653,6,monoclinic,6,False,2,8.936318758974535,22.931785250728392,0.5290493216011182
SnTe15Sb2Te3,11.008524522970818,12.144801723712721,1.1362772007419029,11.553246175290026,0.36843450710110653,6,monoclinic,6,False,2,8.927116386036655,22.931785250728392,0.5290493216011182
SnTe20Sb2Te3,11.008524522970818,12.144801723712721,1.1362772007419029,11.553246175290026,0.36843450710110653,6,monoclinic,6,False,2,8.927116386036655,22.931785250728392,0.5290493216011182
SnTe25Sb2Te3,11.00852452297087,12.144801723712751,1.1362772007418815,11.553246175290084,0.3684345071011397,31,orthorhombic,5,False,4,8.927116386036655,22.931785250728392,0.5290493216011182
SnTe40Sb2Te3,11.00852452297087,12.144801723712751,1.1362772007418815,11.553246175290084,0.3684345071011397,6,monoclinic,6,False,2,8.922515199567716,22.931785250728392,0.5290493216011182
SnTe8Sb2Te3,11.008524522970818,12.144801723712721,1.1362772007419029,11.553246175290026,0.36843450710110653,26,orthorhombic,5,False,4,8.936318758974535,22.931785250728392,0.5290493216011182
SnTeAgSbSe20.15_generalized_grouping_grouped_from_oqmd-3241062_rank_3,7.999999999892574,9.971818280075219,1.971818280182645,9.314545375847052,0.8763635839684562,156,trigonal,3,False,6,9.132584231080862,21.331375927743437,0.553481054183997
SnTeAgSbSe20.15_generalized_grouping_grouped_from_oqmd-5473064_rank_2,7.99999999998844,9.971811275991849,1.9718112760034083,9.31454076419218,0.8763605094687645,156,trigonal,3,False,6,7.790070772142781,25.007550396282465,0.4721179103346999
SnTeAgSbSe20.15_generalized_grouping_grouped_from_oqmd-5757776_rank_1,9.579433971662105,13.164158013857751,3.5847240421956457,10.774342207853525,1.5932093533047036,6,monoclinic,6,False,2,10.049192112451584,19.385696406737512,0.6090321538089917
SnTeAgSbSe20.1_generalized_grouping_grouped_from_agm002068072_rank_3,7.80451602453066,10.247049694187453,2.442533669656793,9.02576205345484,1.2212393778507515,1,triclinic,7,False,1,6.455213570901852,30.357585667201587,0.3928483519813821
SnTeAgSbSe20.1_generalized_grouping_grouped_from_oqmd-5395345_rank_2,9.646113141270112,9.660429604919031,0.014316463648919253,9.653267507269243,0.007143811451442161,8,monoclinic,6,False,2,8.655452786236157,22.64060631124428,0.5267494755019371
SnTeAgSbSe20.25_generalized_grouping_grouped_from_oqmd-3241062_rank_3,7.999999999893933,9.971818020664012,1.9718180207700788,9.314545347023648,0.8763635647531439,6,monoclinic,6,False,2,8.905381312203401,21.331375935662052,0.5458506743138645
SnTeAgSbSe20.25_generalized_grouping_grouped_from_oqmd-5473064_rank_2,7.99999999998919,9.971811189536908,1.9718111895477177,9.314540793015734,0.8763605286843624,6,monoclinic,6,False,2,7.596267282411728,25.007550361066123,0.46560921683283474
SnTeAgSbSe20.25_generalized_grouping_grouped_from_oqmd-5757776_rank_1,9.579430435423806,13.164159280898746,3.58472884547494,10.774342209913849,1.5932093518632946,6,monoclinic,6,False,4,10.005374172244506,18.98620015111494,0.6132741594341566
SnTeAgSbSe20.2_generalized_grouping_grouped_from_oqmd-3241062_rank_3,7.9999999998934825,9.971818150368778,1.9718181504752952,9.314545433492592,0.8763636223994064,160,trigonal,3,False,6,9.03446348876371,21.331375926159712,0.5524228512722844
SnTeAgSbSe20.2_generalized_grouping_grouped_from_oqmd-5473064_rank_2,7.99999999998831,9.971811103066152,1.971811103077842,9.314540735368205,0.8763604902532627,160,trigonal,3,False,6,7.706374032770953,25.00755039276083,0.47121526601427227
SnTeAgSbSe20.2_generalized_grouping_grouped_from_oqmd-5757776_rank_1,9.57943213713052,13.16415926096488,3.5847271238343588,10.77434220720889,1.5932093537516085,8,monoclinic,6,False,2,10.032230803259433,19.22523224253666,0.6107289466621186
SnTe_transmutation_transmuted_from_agm002068072_rank_3,7.804522677273523,10.247001436745924,2.442478759472401,9.025762057009723,1.2212393797361998,194,hexagonal,2,True,24,6.736493839161329,30.357585698957987,0.3996380196471556
SnTe_transmutation_transmuted_from_agm004226516_rank_5,6.000000008550332,6.000000008550333,8.881784197001252e-16,6.000000008550332,4.440892098500626e-16,225,cubic,1,True,48,9.481850388558259,21.56790928483927,0.5625044722590873
SnTe_transmutation_transmuted_from_agm004461667_rank_4,10.793991187602547,11.742736758562556,0.9487455709600088,11.458208913794577,0.3475419431691857,65,orthorhombic,5,True,16,10.123232098007387,20.201422535110712,0.6005540158825203
SnTe_transmutation_transmuted_from_oqmd-3052242_rank_1,11.008524522970818,12.144801723712721,1.1362772007419029,11.553246175290026,0.36843450710110653,57,orthorhombic,5,True,8,8.917914013098775,22.931785250728392,0.5290493216011182
SnTe_transmutation_transmuted_from_oqmd-5395345_rank_2,9.646113435606475,9.660428412808987,0.014314977202511514,9.653267500722176,0.007143811555440749,194,hexagonal,2,True,24,9.03260654506326,22.64060634243095,0.5358533798303632
Sr0.145Ga0.302Ge0.553,11.999999999999481,11.99999999999949,8.881784197001252e-15,11.999999999999488,2.434266779918862e-15,1,triclinic,7,False,1,6.756608174719589,18.185385880895446,0.6728681875679297
Sr0.146Ga0.285Ge0.569,11.999999999999481,11.999999999999492,1.0658141036401503e-14,11.999999999999485,2.434266779918862e-15,1,triclinic,7,False,1,6.756608174719589,18.185385880895446,0.6728681875679297
Sr0.147Ga0.298Ge0.555,11.999999999999481,11.99999999999949,8.881784197001252e-15,11.999999999999488,2.434266779918862e-15,1,triclinic,7,False,1,6.756608174719589,18.185385880895446,0.6728681875679297
Sr0.21Co4Sb12.25,11.999999999999481,11.99999999999949,8.881784197001252e-15,11.999999999999487,2.020605904817785e-15,1,triclinic,7,False,1,8.599033769607768,20.548947149453035,0.6055828833855409
Sr0.267Ba0.267Ca0.267La0.2TiO3,11.99999999999948,11.99999999999949,1.0658141036401503e-14,11.999999999999485,2.2368937977632784e-15,1,triclinic,7,False,1,4.529811932252784,12.643683796219928,0.5987023535750283
Sr0.2Ba0.2Ca0.2Pb0.2La0.2TiO3,11.99999999999948,11.99999999999949,1.0658141036401503e-14,11.999999999999485,1.8421478334521115e-15,1,triclinic,7,False,1,5.459850499827314,12.643683796219928,0.6676117297218797
Sr0.33Ba0.33Ca0.330.95La0.05Ti0.95Nb0.05O3,11.999999999999481,11.999999999999494,1.2434497875801753e-14,11.99999999999949,3.730349362740526e-15,1,triclinic,7,False,1,4.869055358140674,12.643683805890246,0.7235409948493059
Sr0.33Ba0.33Ca0.330.95La0.05Ti0.9Nb0.1O3,11.99999999999948,11.999999999999492,1.2434497875801753e-14,11.99999999999949,3.9968028886505635e-15,1,triclinic,7,False,1,4.928207145925094,12.643683805890246,0.7245502024787617
Sr0.33Ba0.33Ca0.330.9La0.1Ti0.95Nb0.05O3,11.99999999999948,11.999999999999492,1.2434497875801753e-14,11.99999999999949,4.209965709378594e-15,1,triclinic,7,False,1,5.030472184261663,12.643683805890246,0.7473905133507365
Sr0.33Ba0.33Ca0.330.9La0.1Ti0.9Nb0.1O3,11.99999999999948,11.999999999999494,1.4210854715202004e-14,11.999999999999488,2.55351295663786e-15,1,triclinic,7,False,1,5.077461427299939,12.643683808307825,0.7592920818008523
Sr0.33Ba0.33Ca0.33TiO3,11.999999999999481,11.999999999999492,1.0658141036401503e-14,11.999999999999488,2.7632217501781674e-15,1,triclinic,7,False,1,4.987634286932995,12.643683796219928,0.7940866931538009
Sr0.4Ba0.4La0.2TiO3,11.99999999999948,11.99999999999949,1.0658141036401503e-14,11.999999999999488,3.026385726385612e-15,1,triclinic,7,False,1,5.351227978493663,12.643683796219928,0.7445994909329554
Sr0.61Ba0.39Nb2O6,11.99999999999948,11.99999999999949,1.0658141036401503e-14,11.999999999999485,2.039520815607695e-15,1,triclinic,7,False,1,5.6327204383166825,12.643683796219928,0.5904184428607936
Sr0.85Dy0.05Nd0.1TiO3,11.99999999999948,11.999999999999494,1.4210854715202004e-14,11.99999999999949,3.570477247194503e-15,1,triclinic,7,False,1,5.066619992655258,12.643683805890246,0.7350199551615277
Sr0.87Dy0.07Nd0.06TiO3,11.99999999999948,11.999999999999494,1.4210854715202004e-14,11.99999999999949,4.281019982954604e-15,1,triclinic,7,False,1,4.898194515658852,12.643683805890246,0.7147591905857696
Sr0.88Dy0.08TiO3,11.999999999999478,11.999999999999492,1.4210854715202004e-14,11.999999999999487,2.1371793224034263e-15,1,triclinic,7,False,1,4.868712084310947,12.643683808307825,0.7115357669941361
Sr0.88Nb0.24Ti0.76O3,11.999999999999481,11.999999999999492,1.0658141036401503e-14,11.999999999999485,2.039520815607695e-15,1,triclinic,7,False,1,4.8372758321437255,12.643683796219928,0.7079484391967295
Sr0.8La0.2TiO3,11.999999999999481,11.999999999999488,7.105427357601002e-15,11.999999999999485,2.039520815607695e-15,1,triclinic,7,False,1,4.8676580830181555,12.643683796219928,0.6970310393700447
Sr0.8Nd0.2TiO3,11.999999999999481,11.999999999999492,1.0658141036401503e-14,11.999999999999488,2.105311809659556e-15,1,triclinic,7,False,1,4.8936160492432546,12.643683796219928,0.6837393581536849
Sr0.915Nb0.17Ti0.83O3,11.999999999999481,11.999999999999494,1.2434497875801753e-14,11.999999999999487,2.1217595581725213e-15,1,triclinic,7,False,1,4.908352563122362,12.643683804278528,0.7386465320360213
Sr0.95La0.05TiO3,11.99999999999948,11.999999999999492,1.2434497875801753e-14,11.99999999999949,3.552713678800501e-15,1,triclinic,7,False,1,4.886905181143818,12.643683805890246,0.7528842139713193
Sr0.9Dy0.1TiO3,11.999999999999481,11.999999999999492,1.0658141036401503e-14,11.999999999999488,2.4424906541753444e-15,1,triclinic,7,False,1,5.015683694605888,12.643683808307825,0.751829530772252
Sr0.9La0.1TiO3,11.999999999999481,11.999999999999492,1.0658141036401503e-14,11.999999999999487,1.6930901125533637e-15,1,triclinic,7,False,1,4.967265696596206,12.643683808307825,0.7624697968881201
Sr0.9Nb0.2Ti0.8O3,11.999999999999483,11.999999999999492,8.881784197001252e-15,11.999999999999487,2.2368937977632784e-15,1,triclinic,7,False,1,4.8372758321437255,12.643683796219928,0.7079484391967295
Sr0.9Y0.1TiO3,11.999999999999481,11.999999999999492,1.0658141036401503e-14,11.999999999999488,2.4702462297909733e-15,1,triclinic,7,False,1,4.864662190544383,12.643683808307825,0.75427606727092
Sr1.6La0.4Nb2O7,11.999999999999481,11.999999999999492,1.0658141036401503e-14,11.999999999999488,2.0724163126336257e-15,1,triclinic,7,False,1,5.820030039944195,12.643683804278528,0.678448606007
Sr14.1Ga29.6Ge56.3,11.99999999999948,11.99999999999949,1.0658141036401503e-14,11.999999999999485,1.578983857244667e-15,1,triclinic,7,False,1,6.756608174719589,18.185385880895446,0.6728681875679297
Sr14.5Ga29.2Ge56.3,11.99999999999948,11.99999999999949,1.0658141036401503e-14,11.999999999999485,2.2368937977632784e-15,1,triclinic,7,False,1,6.756608174719589,18.185385880895446,0.6728681875679297
Sr14.7Ga28.7Ge56.6,11.99999999999948,11.99999999999949,1.0658141036401503e-14,11.999999999999485,2.2368937977632784e-15,1,triclinic,7,False,1,6.756608174719589,18.185385880895446,0.6728681875679297
Sr14.8Ga28.6Ge56.6,11.999999999999481,11.99999999999949,8.881784197001252e-15,11.999999999999487,1.7105658453483892e-15,1,triclinic,7,False,1,6.756608174719589,18.185385880895446,0.6728681875679297
Sr14MgBi11,11.008524522516321,12.14480172307513,1.1362772005588084,11.553246174687766,0.36843450686197704,31,orthorhombic,5,False,4,5.774516524153513,40.43295143181264,0.623451022663799
Sr15Ga29.5Ge55.6,11.99999999999948,11.99999999999949,1.0658141036401503e-14,11.999999999999485,2.2368937977632784e-15,1,triclinic,7,False,1,6.756608174719589,18.185385880895446,0.6728681875679297
Sr2Ti0.8Nb0.2O4,11.999999999999481,11.99999999999949,8.881784197001252e-15,11.999999999999488,2.319132540328105e-15,1,triclinic,7,False,1,5.4596854296124215,12.643683804278528,0.9070180524926491
Sr3Ti1.6Nb0.4O7,11.999999999999481,11.999999999999494,1.2434497875801753e-14,11.999999999999487,2.1217595581725213e-15,1,triclinic,7,False,1,5.314660427782305,12.643683804278528,0.8586489711896302
Sr4.5Nb4.5O15.5,11.999999999999481,11.999999999999492,1.0658141036401503e-14,11.999999999999485,2.039520815607695e-15,44,orthorhombic,5,False,4,5.71359861480539,12.643683796219928,0.72289966334825
Sr8Ga16Ge30,11.999999999999481,11.999999999999492,1.0658141036401503e-14,11.999999999999485,2.434266779918862e-15,1,triclinic,7,False,1,6.756608174719589,18.185385880895446,0.6728681875679297
SrMn0.96Mo0.04O3,11.99999999999948,11.999999999999492,1.2434497875801753e-14,11.99999999999949,4.106937012693379e-15,1,triclinic,7,False,1,5.0483626208319885,12.643683805890246,0.7556300703963783
SrNb0.15Ti0.85O3,11.999999999999481,11.999999999999492,1.0658141036401503e-14,11.999999999999488,2.319132540328105e-15,1,triclinic,7,False,1,4.908352563122362,12.643683804278528,0.7386465320360213
SrTi0.8Nb0.2O3,11.99999999999948,11.99999999999949,1.0658141036401503e-14,11.999999999999485,2.039520815607695e-15,1,triclinic,7,False,1,4.8372758321437255,12.643683796219928,0.7079484391967295
Ta0.84Ti0.16FeSb_generalized_grouping_grouped_from_oqmd-3241062_rank_3,7.999999999892574,9.971818280075219,1.971818280182645,9.314545375847054,0.8763635839684555,156,trigonal,3,False,6,8.728301873438134,21.331375927743437,0.5753883098999164
Ta0.84Ti0.16FeSb_generalized_grouping_grouped_from_oqmd-5473064_rank_2,7.99999999998844,9.971811275991849,1.9718112760034083,9.31454076419218,0.8763605094687644,156,trigonal,3,False,6,7.445218964781695,25.007550396282465,0.49080474290391285
Ta0.84Ti0.16FeSb_generalized_grouping_grouped_from_oqmd-5757776_rank_1,9.57943396424147,13.164158014045107,3.5847240498036363,10.774342202968871,1.5932093566860206,11,monoclinic,6,True,4,9.109553359446013,20.438618791345323,0.6005212225055723
Ta0.88Ti0.12FeSb_generalized_grouping_grouped_from_oqmd-3241062_rank_3,7.999999999893484,9.971817977428948,1.9718179775354638,9.314545318200231,0.876363545537831,216,cubic,1,False,24,8.872186166134764,21.331375935662052,0.5762191217336272
Ta0.88Ti0.12FeSb_generalized_grouping_grouped_from_oqmd-5473064_rank_2,7.999999999989333,9.971811232772206,1.9718112327828727,9.314540821839282,0.8763605478999651,216,cubic,1,False,24,7.567951916455487,25.007550334653875,0.4915134246469624
Ta0.88Ti0.12FeSb_generalized_grouping_grouped_from_oqmd-5757776_rank_1,9.579430433492547,13.1641592809488,3.584728847456253,10.774342208643027,1.593209352743802,164,trigonal,3,True,24,9.246250555496927,20.46839822748342,0.6005133655506493
Ta0.92Ti0.08FeSb_generalized_grouping_grouped_from_oqmd-3241062_rank_3,7.999999999893484,9.971817977428948,1.9718179775354638,9.314545318200231,0.876363545537831,216,cubic,1,False,24,8.872186166134764,21.331375935662052,0.5762191217336272
Ta0.92Ti0.08FeSb_generalized_grouping_grouped_from_oqmd-5473064_rank_2,7.999999999989333,9.971811232772206,1.9718112327828727,9.314540821839282,0.8763605478999651,216,cubic,1,False,24,7.567951916455487,25.007550334653875,0.4915134246469624
Ta0.92Ti0.08FeSb_generalized_grouping_grouped_from_oqmd-5757776_rank_1,9.579430432738686,13.16415928096784,3.5847288482291546,10.774342208146797,1.5932093530873086,164,trigonal,3,True,12,9.450527198742835,20.513121587395272,0.6005000360723055
Ta0.94Ti0.06FeSb_generalized_grouping_grouped_from_oqmd-3241062_rank_3,7.999999999893484,9.971817977428948,1.9718179775354638,9.314545318200231,0.876363545537831,216,cubic,1,False,192,9.303839053944984,21.331375935662052,0.5787115578755448
Ta0.94Ti0.06FeSb_generalized_grouping_grouped_from_oqmd-5473064_rank_2,7.999999999989333,9.971811232772206,1.9718112327828727,9.314540821839282,0.8763605478999651,216,cubic,1,False,192,7.936150716432886,25.007550334653875,0.4936394662474946
Ta0.94Ti0.06FeSb_generalized_grouping_grouped_from_oqmd-5757776_rank_1,9.579430432738686,13.16415928096784,3.5847288482291546,10.774342208146797,1.5932093530873086,164,trigonal,3,True,12,9.450527198742835,20.513121587395272,0.6005000360723055
Ta0.96Ti0.04FeSb_generalized_grouping_grouped_from_oqmd-3241062_rank_3,7.999999999893484,9.971817977428948,1.9718179775354638,9.314545318200231,0.876363545537831,216,cubic,1,False,192,9.303839053944984,21.331375935662052,0.5787115578755448
Ta0.96Ti0.04FeSb_generalized_grouping_grouped_from_oqmd-5473064_rank_2,7.999999999989333,9.971811232772206,1.9718112327828727,9.314540821839282,0.8763605478999651,216,cubic,1,False,192,7.936150716432886,25.007550334653875,0.4936394662474946
Ta0.96Ti0.04FeSb_generalized_grouping_grouped_from_oqmd-5757776_rank_1,9.579430432738686,13.16415928096784,3.5847288482291546,10.774342208146797,1.5932093530873086,164,trigonal,3,True,12,9.450527198742835,20.513121587395272,0.6005000360723055
Ta0.98Ti0.02FeSb_generalized_grouping_grouped_from_oqmd-3241062_rank_3,7.999999999893484,9.971817977428948,1.9718179775354638,9.314545318200231,0.876363545537831,216,cubic,1,False,192,9.303839053944984,21.331375935662052,0.5787115578755448
Ta0.98Ti0.02FeSb_generalized_grouping_grouped_from_oqmd-5473064_rank_2,7.999999999989333,9.971811232772206,1.9718112327828727,9.314540821839282,0.8763605478999651,216,cubic,1,False,192,7.936150716432886,25.007550334653875,0.4936394662474946
Ta0.98Ti0.02FeSb_generalized_grouping_grouped_from_oqmd-5757776_rank_1,9.579430431985921,13.16415928098684,3.5847288490009195,10.774342207651287,1.5932093534303162,194,hexagonal,2,True,192,9.653884468449634,20.55791004680079,0.6004848630650064
TaFeSb_transmutation_transmuted_from_oqmd-3241062_rank_3,7.99999999989483,9.971818107134123,1.9718181072392928,9.314545404670476,0.8763636031837647,216,cubic,1,False,24,9.303839053944984,21.331375935662052,0.5787115578755447
TaFeSb_transmutation_transmuted_from_oqmd-3750974_rank_4,7.999999999996656,9.971809676302795,1.9718096763061395,9.31453978419915,0.8763598561349975,216,cubic,1,False,24,6.858329960217788,28.937611584131556,0.42659753599448175
TaFeSb_transmutation_transmuted_from_oqmd-5473064_rank_2,7.999999999988903,9.971811103066289,1.9718111030773855,9.314540735368631,0.8763604902531519,216,cubic,1,False,24,7.936150691287089,25.007550413890623,0.4936394646833915
TaFeSb_transmutation_transmuted_from_oqmd-5757776_rank_1,9.579434091437077,13.164157892968877,3.5847238015317995,10.77434220767348,1.5932093534390557,194,hexagonal,2,True,24,9.653884468449636,20.55791004680078,0.6004848630650066
TaFeSb_transmutation_transmuted_from_oqmd-7001747_rank_5,7.999999999909052,9.971808898020026,1.9718088981109734,9.314539265311607,0.8763595102683693,216,cubic,1,False,24,7.334811369757397,27.057776744319884,0.4562353335976637
Te0.98Cd0.02,11.999999999999481,11.999999999999494,1.2434497875801753e-14,11.999999999999488,2.3592239273284576e-15,225,cubic,1,True,48,10.984756909818348,19.25310630965736,0.6003276980253414
Te0.98Ge0.02,11.999999999999481,11.999999999999494,1.2434497875801753e-14,11.999999999999488,2.220446049250313e-15,225,cubic,1,True,48,11.041513612990833,19.06068358428166,0.6003078338524693
Te0.98Sn0.02,11.999999999999478,11.99999999999949,1.2434497875801753e-14,11.999999999999487,2.248201624865942e-15,225,cubic,1,True,48,11.030073847142564,19.188822203033627,0.6000356801336483
Te0.98Zn0.02,11.999999999999481,11.999999999999492,1.0658141036401503e-14,11.999999999999488,2.609024107869118e-15,225,cubic,1,True,48,10.994754822348204,19.124681331910157,0.6000349448932
Te_transmutation_transmuted_from_agm002067129_rank_2,7.860108076814623,10.394347662798042,2.5342395859834186,9.549601134136902,1.1263287048815178,2,triclinic,7,True,2,10.406002328737918,20.36178529472712,0.5644907927061948
Te_transmutation_transmuted_from_agm004445120_rank_3,5.804387574859156,8.006606436385558,2.2022188615264024,6.905497005622357,1.1011094307631977,217,cubic,1,False,48,10.039535989325948,21.10503766503434,0.5446112205227923
Te_transmutation_transmuted_from_agm005268722_rank_5,4.615552813724778,8.034404173286067,3.4188513595612884,5.456872172359927,0.8085333606971548,5,monoclinic,6,False,4,11.060590306280584,19.15673389275403,0.5999999992838777
Te_transmutation_transmuted_from_mp-614456_rank_1,11.99999999999949,11.99999999999949,0.0,11.99999999999949,0.0,225,cubic,1,True,48,11.060590318828481,19.156733871021306,0.5999999999645592
Te_transmutation_transmuted_from_oqmd-4113138_rank_4,11.376877206872011,11.376877206872011,0.0,11.376877206872011,0.0,166,trigonal,3,True,12,11.06059036629305,19.15673378881357,0.6000000025393533
Ti0.925Mn0.075NiSn0.925Sb0.075_generalized_grouping_grouped_from_oqmd-3241062_rank_3,7.999999999893486,9.971817977428948,1.971817977535462,9.314545318200233,0.8763635455378299,160,trigonal,3,False,6,5.878212767207516,21.331375935662052,0.5402071525120171
Ti0.925Mn0.075NiSn0.925Sb0.075_generalized_grouping_grouped_from_oqmd-5473064_rank_2,7.999999999989332,9.971811232772204,1.9718112327828718,9.314540821839282,0.8763605478999649,216,cubic,1,False,24,5.014100329265512,25.007550334653875,0.4607953077834665
Ti0.925Mn0.075NiSn0.925Sb0.075_generalized_grouping_grouped_from_oqmd-5757776_rank_1,9.579430432332806,13.164159280978087,3.5847288486452804,10.774342207879622,1.5932093532722547,8,monoclinic,6,False,2,6.527220876189841,19.156733868909928,0.6015306122756651
Ti0.95Al0.05O2_generalized_grouping_grouped_from_oqmd-3241062_rank_3,7.999999999893484,9.971817977428948,1.9718179775354638,9.314545318200231,0.876363545537831,225,cubic,1,True,384,2.0723820405920574,21.331375935662052,0.20788778824405274
Ti0.95Al0.05O2_generalized_grouping_grouped_from_oqmd-5473064_rank_2,7.999999999989333,9.971811232772206,1.9718112327828727,9.314540821839282,0.8763605478999651,216,cubic,1,False,192,1.767736535510426,25.007550334653875,0.17732774718530112
Ti0.95Al0.05O2_generalized_grouping_grouped_from_oqmd-5757776_rank_1,9.579430432217562,13.164159280980998,3.5847288487634366,10.774342207803763,1.5932093533247678,191,hexagonal,2,True,24,3.167584360248034,13.727885989766337,0.31800349326276345
Ti0.95Mn0.05NiSn0.95Sb0.05_generalized_grouping_grouped_from_oqmd-3241062_rank_3,7.999999999893484,9.971817977428948,1.9718179775354638,9.314545318200231,0.876363545537831,216,cubic,1,False,192,5.845384773419775,21.331375935662052,0.5402071525120171
Ti0.95Mn0.05NiSn0.95Sb0.05_generalized_grouping_grouped_from_oqmd-5473064_rank_2,7.999999999989333,9.971811232772206,1.9718112327828727,9.314540821839282,0.8763605478999651,216,cubic,1,False,192,4.986098135234955,25.007550334653875,0.4607953077834665
Ti0.95Mn0.05NiSn0.95Sb0.05_generalized_grouping_grouped_from_oqmd-5757776_rank_1,9.579430432332806,13.164159280978087,3.5847288486452804,10.774342207879622,1.5932093532722547,8,monoclinic,6,False,2,6.527220876189841,19.156733868909928,0.6015306122756651
Ti0.95Nb0.05NiSn_generalized_grouping_grouped_from_oqmd-3241062_rank_3,7.999999999893484,9.971817977428948,1.9718179775354638,9.314545318200231,0.876363545537831,216,cubic,1,False,192,5.845384773419775,21.331375935662052,0.5402071525120171
Ti0.95Nb0.05NiSn_generalized_grouping_grouped_from_oqmd-5473064_rank_2,7.999999999989333,9.971811232772206,1.9718112327828727,9.314540821839282,0.8763605478999651,216,cubic,1,False,192,4.986098135234955,25.007550334653875,0.4607953077834665
Ti0.95Nb0.05NiSn_generalized_grouping_grouped_from_oqmd-5757776_rank_1,9.579430431562992,13.164159280997522,3.58472884943453,10.774342207372891,1.5932093536230312,164,trigonal,3,True,12,6.575590256508369,19.199526259485932,0.6015744994661161
Ti0.96Al0.04O2_generalized_grouping_grouped_from_oqmd-3241062_rank_3,7.999999999893484,9.971817977428948,1.9718179775354638,9.314545318200231,0.876363545537831,225,cubic,1,True,384,2.0723820405920574,21.331375935662052,0.20788778824405274
Ti0.96Al0.04O2_generalized_grouping_grouped_from_oqmd-5473064_rank_2,7.999999999989333,9.971811232772206,1.9718112327828727,9.314540821839282,0.8763605478999651,216,cubic,1,False,192,1.767736535510426,25.007550334653875,0.17732774718530112
Ti0.96Al0.04O2_generalized_grouping_grouped_from_oqmd-5757776_rank_1,9.579430432217562,13.164159280980998,3.5847288487634366,10.774342207803763,1.5932093533247678,191,hexagonal,2,True,24,3.167584360248034,13.727885989766337,0.31800349326276345
Ti0.97Al0.03O2_generalized_grouping_grouped_from_oqmd-3241062_rank_3,7.999999999893484,9.971817977428948,1.9718179775354638,9.314545318200231,0.876363545537831,225,cubic,1,True,384,2.0723820405920574,21.331375935662052,0.20788778824405274
Ti0.97Al0.03O2_generalized_grouping_grouped_from_oqmd-5473064_rank_2,7.999999999989333,9.971811232772206,1.9718112327828727,9.314540821839282,0.8763605478999651,216,cubic,1,False,192,1.767736535510426,25.007550334653875,0.17732774718530112
Ti0.97Al0.03O2_generalized_grouping_grouped_from_oqmd-5757776_rank_1,9.579430432217562,13.164159280980998,3.5847288487634366,10.774342207803764,1.5932093533247684,191,hexagonal,2,True,384,3.2202161660679756,13.727885989766337,0.32303098720174284
Ti0.97Mn0.03NiSn0.97Sb0.03_generalized_grouping_grouped_from_oqmd-3241062_rank_3,7.999999999893484,9.971817977428948,1.9718179775354638,9.314545318200231,0.876363545537831,216,cubic,1,False,192,5.845384773419775,21.331375935662052,0.5402071525120171
Ti0.97Mn0.03NiSn0.97Sb0.03_generalized_grouping_grouped_from_oqmd-5473064_rank_2,7.999999999989333,9.971811232772206,1.9718112327828727,9.314540821839282,0.8763605478999651,216,cubic,1,False,192,4.986098135234955,25.007550334653875,0.4607953077834665
Ti0.97Mn0.03NiSn0.97Sb0.03_generalized_grouping_grouped_from_oqmd-5757776_rank_1,9.579430432332805,13.164159280978085,3.5847288486452804,10.77434220787962,1.593209353272254,194,hexagonal,2,True,192,6.508943588383585,19.156733868909928,0.6015306122756651
Ti0.98Al0.02O2_generalized_grouping_grouped_from_oqmd-3241062_rank_3,7.999999999893484,9.971817977428948,1.9718179775354638,9.314545318200231,0.876363545537831,225,cubic,1,True,384,2.0723820405920574,21.331375935662052,0.20788778824405274
Ti0.98Al0.02O2_generalized_grouping_grouped_from_oqmd-5473064_rank_2,7.999999999989333,9.971811232772206,1.9718112327828727,9.314540821839282,0.8763605478999651,216,cubic,1,False,192,1.767736535510426,25.007550334653875,0.17732774718530112
Ti0.98Al0.02O2_generalized_grouping_grouped_from_oqmd-5757776_rank_1,9.579430432217562,13.164159280980998,3.5847288487634366,10.774342207803764,1.5932093533247684,191,hexagonal,2,True,384,3.2202161660679756,13.727885989766337,0.32303098720174284
Ti0.98Mn0.02NiSn0.98Sb0.02_generalized_grouping_grouped_from_oqmd-3241062_rank_3,7.999999999893484,9.971817977428948,1.9718179775354638,9.314545318200231,0.876363545537831,216,cubic,1,False,192,5.845384773419775,21.331375935662052,0.5402071525120171
Ti0.98Mn0.02NiSn0.98Sb0.02_generalized_grouping_grouped_from_oqmd-5473064_rank_2,7.999999999989333,9.971811232772206,1.9718112327828727,9.314540821839282,0.8763605478999651,216,cubic,1,False,192,4.986098135234955,25.007550334653875,0.4607953077834665
Ti0.98Mn0.02NiSn0.98Sb0.02_generalized_grouping_grouped_from_oqmd-5757776_rank_1,9.579430432332805,13.164159280978085,3.5847288486452804,10.77434220787962,1.593209353272254,194,hexagonal,2,True,192,6.508943588383585,19.156733868909928,0.6015306122756651
Ti0.98Nb0.02NiSn_generalized_grouping_grouped_from_oqmd-3241062_rank_3,7.999999999893484,9.971817977428948,1.9718179775354638,9.314545318200231,0.876363545537831,216,cubic,1,False,192,5.845384773419775,21.331375935662052,0.5402071525120171
Ti0.98Nb0.02NiSn_generalized_grouping_grouped_from_oqmd-5473064_rank_2,7.999999999989333,9.971811232772206,1.9718112327828727,9.314540821839282,0.8763605478999651,216,cubic,1,False,192,4.986098135234955,25.007550334653875,0.4607953077834665
Ti0.98Nb0.02NiSn_generalized_grouping_grouped_from_oqmd-5757776_rank_1,9.579430432332805,13.164159280978085,3.5847288486452804,10.77434220787962,1.593209353272254,194,hexagonal,2,True,192,6.508943588383585,19.156733868909928,0.6015306122756651
Ti0.995Al0.005O2_generalized_grouping_grouped_from_oqmd-3241062_rank_3,7.999999999893484,9.971817977428948,1.9718179775354638,9.314545318200231,0.876363545537831,225,cubic,1,True,384,2.0723820405920574,21.331375935662052,0.20788778824405274
Ti0.995Al0.005O2_generalized_grouping_grouped_from_oqmd-5473064_rank_2,7.999999999989333,9.971811232772206,1.9718112327828727,9.314540821839282,0.8763605478999651,216,cubic,1,False,192,1.767736535510426,25.007550334653875,0.17732774718530112
Ti0.995Al0.005O2_generalized_grouping_grouped_from_oqmd-5757776_rank_1,9.579430432217562,13.164159280980998,3.5847288487634366,10.774342207803764,1.5932093533247684,191,hexagonal,2,True,384,3.2202161660679756,13.727885989766337,0.32303098720174284
Ti0.99Al0.01O2_generalized_grouping_grouped_from_oqmd-3241062_rank_3,7.999999999893484,9.971817977428948,1.9718179775354638,9.314545318200231,0.876363545537831,225,cubic,1,True,384,2.0723820405920574,21.331375935662052,0.20788778824405274
Ti0.99Al0.01O2_generalized_grouping_grouped_from_oqmd-5473064_rank_2,7.999999999989333,9.971811232772206,1.9718112327828727,9.314540821839282,0.8763605478999651,216,cubic,1,False,192,1.767736535510426,25.007550334653875,0.17732774718530112
Ti0.99Al0.01O2_generalized_grouping_grouped_from_oqmd-5757776_rank_1,9.579430432217562,13.164159280980998,3.5847288487634366,10.774342207803764,1.5932093533247684,191,hexagonal,2,True,384,3.2202161660679756,13.727885989766337,0.32303098720174284
Ti0.99Mn0.01NiSn0.99Sb0.01_generalized_grouping_grouped_from_oqmd-3241062_rank_3,7.999999999893484,9.971817977428948,1.9718179775354638,9.314545318200231,0.876363545537831,216,cubic,1,False,192,5.845384773419775,21.331375935662052,0.5402071525120171
Ti0.99Mn0.01NiSn0.99Sb0.01_generalized_grouping_grouped_from_oqmd-5473064_rank_2,7.999999999989333,9.971811232772206,1.9718112327828727,9.314540821839282,0.8763605478999651,216,cubic,1,False,192,4.986098135234955,25.007550334653875,0.4607953077834665
Ti0.99Mn0.01NiSn0.99Sb0.01_generalized_grouping_grouped_from_oqmd-5757776_rank_1,9.579430432332805,13.164159280978085,3.5847288486452804,10.77434220787962,1.593209353272254,194,hexagonal,2,True,192,6.508943588383585,19.156733868909928,0.6015306122756651
Ti0.99Nb0.01NiSn_generalized_grouping_grouped_from_oqmd-3241062_rank_3,7.999999999893484,9.971817977428948,1.9718179775354638,9.314545318200231,0.876363545537831,216,cubic,1,False,192,5.845384773419775,21.331375935662052,0.5402071525120171
Ti0.99Nb0.01NiSn_generalized_grouping_grouped_from_oqmd-5473064_rank_2,7.999999999989333,9.971811232772206,1.9718112327828727,9.314540821839282,0.8763605478999651,216,cubic,1,False,192,4.986098135234955,25.007550334653875,0.4607953077834665
Ti0.99Nb0.01NiSn_generalized_grouping_grouped_from_oqmd-5757776_rank_1,9.579430432332805,13.164159280978085,3.5847288486452804,10.77434220787962,1.593209353272254,194,hexagonal,2,True,192,6.508943588383585,19.156733868909928,0.6015306122756651
Ti0.9Mn0.1NiSn0.9Sb0.1_generalized_grouping_grouped_from_oqmd-3241062_rank_3,7.999999999893486,9.971817977428948,1.971817977535462,9.314545318200233,0.8763635455378299,160,trigonal,3,False,6,5.878212767207516,21.331375935662052,0.5402071525120171
Ti0.9Mn0.1NiSn0.9Sb0.1_generalized_grouping_grouped_from_oqmd-5473064_rank_2,7.999999999989332,9.971811232772204,1.9718112327828718,9.314540821839282,0.8763605478999649,216,cubic,1,False,24,5.014100329265512,25.007550334653875,0.4607953077834665
Ti0.9Mn0.1NiSn0.9Sb0.1_generalized_grouping_grouped_from_oqmd-5757776_rank_1,9.579430432332806,13.164159280978089,3.584728848645282,10.774342207879625,1.5932093532722558,8,monoclinic,6,False,4,6.5454981639961,19.156733868909928,0.6015306122756651
TiNiSn_transmutation_transmuted_from_oqmd-3241062_rank_3,7.99999999989483,9.971818107134123,1.9718181072392928,9.314545404670476,0.8763636031837647,216,cubic,1,False,24,5.845384773419775,21.331375935662052,0.5402071525120171
TiNiSn_transmutation_transmuted_from_oqmd-3750974_rank_4,7.999999999996656,9.971809676302795,1.9718096763061395,9.31453978419915,0.8763598561349975,216,cubic,1,False,24,4.308928528116257,28.937611584131556,0.39821399288137516
TiNiSn_transmutation_transmuted_from_oqmd-5473064_rank_2,7.999999999988903,9.971811103066289,1.9718111030773855,9.314540735368631,0.8763604902531519,216,cubic,1,False,24,4.986098119436439,25.007550413890623,0.4607953063234306
TiNiSn_transmutation_transmuted_from_oqmd-5757776_rank_1,9.579434091783956,13.164157892960118,3.584723801176162,10.774342207901816,1.5932093532809943,194,hexagonal,2,True,24,6.508943588383585,19.156733868909928,0.6015306122756653
TiNiSn_transmutation_transmuted_from_oqmd-7001747_rank_5,7.999999999909052,9.971808898020026,1.9718088981109734,9.314539265311607,0.8763595102683693,216,cubic,1,False,24,4.6082906688402465,27.057776744319884,0.4258798482320395
TiO2_generalized_grouping_grouped_from_oqmd-3241062_rank_3,7.99999999989483,9.971818107134123,1.9718181072392928,9.314545404670476,0.8763636031837647,225,cubic,1,True,48,2.0723820405920574,21.331375935662052,0.20788778824405257
TiO2_generalized_grouping_grouped_from_oqmd-5473064_rank_2,7.999999999988903,9.971811103066289,1.9718111030773855,9.314540735368631,0.8763604902531519,216,cubic,1,False,24,1.76773652990933,25.007550413890623,0.17732774662343573
TiO2_generalized_grouping_grouped_from_oqmd-5757776_rank_1,9.579434091668714,13.164157892963022,3.5847238012943077,10.774342207825955,1.5932093533335063,191,hexagonal,2,True,48,3.2202161660679756,13.727885989766337,0.32303098720174267
TiS2_generalized_grouping_grouped_from_oqmd-3241062_rank_3,7.99999999989483,9.971818107134123,1.9718181072392928,9.314545404670476,0.8763636031837647,225,cubic,1,True,48,2.9061321792330213,21.331375935662052,0.31052256531164535
TiS2_generalized_grouping_grouped_from_oqmd-5473064_rank_2,7.999999999988903,9.971811103066289,1.9718111030773855,9.314540735368631,0.8763604902531519,216,cubic,1,False,24,2.478923245497512,25.007550413890623,0.2648749464677516
TiS2_generalized_grouping_grouped_from_oqmd-5757776_rank_1,9.579434091668714,13.164157892963022,3.5847238012943077,10.774342207825955,1.5932093533335063,191,hexagonal,2,True,48,4.515757056851807,13.727885989766337,0.4825122806313184
TiZr0.005NiSn_generalized_grouping_grouped_from_oqmd-3241062_rank_3,7.999999999893484,9.971817977428948,1.9718179775354638,9.314545318200231,0.876363545537831,216,cubic,1,False,192,5.845384773419775,21.331375935662052,0.5402071525120171
TiZr0.005NiSn_generalized_grouping_grouped_from_oqmd-5473064_rank_2,7.999999999989333,9.971811232772206,1.9718112327828727,9.314540821839282,0.8763605478999651,216,cubic,1,False,192,4.986098135234955,25.007550334653875,0.4607953077834665
TiZr0.005NiSn_generalized_grouping_grouped_from_oqmd-5757776_rank_1,9.579430432332805,13.164159280978085,3.5847288486452804,10.77434220787962,1.593209353272254,194,hexagonal,2,True,192,6.508943588383585,19.156733868909928,0.6015306122756651
TiZr0.015NiSn_generalized_grouping_grouped_from_oqmd-3241062_rank_3,7.999999999893484,9.971817977428948,1.9718179775354638,9.314545318200231,0.876363545537831,216,cubic,1,False,192,5.845384773419775,21.331375935662052,0.5402071525120171
TiZr0.015NiSn_generalized_grouping_grouped_from_oqmd-5473064_rank_2,7.999999999989333,9.971811232772206,1.9718112327828727,9.314540821839282,0.8763605478999651,216,cubic,1,False,192,4.986098135234955,25.007550334653875,0.4607953077834665
TiZr0.015NiSn_generalized_grouping_grouped_from_oqmd-5757776_rank_1,9.579430432332805,13.164159280978085,3.5847288486452804,10.77434220787962,1.593209353272254,194,hexagonal,2,True,192,6.508943588383585,19.156733868909928,0.6015306122756651
TiZr0.025NiSn_generalized_grouping_grouped_from_oqmd-3241062_rank_3,7.999999999893484,9.971817977428948,1.9718179775354638,9.314545318200231,0.876363545537831,216,cubic,1,False,192,5.845384773419775,21.331375935662052,0.5402071525120171
TiZr0.025NiSn_generalized_grouping_grouped_from_oqmd-5473064_rank_2,7.999999999989333,9.971811232772206,1.9718112327828727,9.314540821839282,0.8763605478999651,216,cubic,1,False,192,4.986098135234955,25.007550334653875,0.4607953077834665
TiZr0.025NiSn_generalized_grouping_grouped_from_oqmd-5757776_rank_1,9.579430432332805,13.164159280978085,3.5847288486452804,10.77434220787962,1.593209353272254,194,hexagonal,2,True,192,6.508943588383585,19.156733868909928,0.6015306122756651
Tl0.01Pb0.99Te_generalized_grouping_grouped_from_agm002068072_rank_3,7.80451602453066,10.247049694187456,2.4425336696567967,9.025762053454843,1.2212393778507513,194,hexagonal,2,True,192,9.156664933256929,30.357585667201587,0.5916653779727193
Tl0.01Pb0.99Te_generalized_grouping_grouped_from_oqmd-5395345_rank_2,9.646113139204152,9.660429602925337,0.014316463721185002,9.653267505239409,0.00714381148757276,194,hexagonal,2,True,192,9.720917219408792,28.595474466360468,0.6281249999629789
Tl0.02Pb0.98Te_generalized_grouping_grouped_from_agm002068072_rank_3,7.80451602453066,10.247049694187456,2.4425336696567967,9.025762053454843,1.2212393778507513,194,hexagonal,2,True,192,9.156664933256929,30.357585667201587,0.5916653779727193
Tl0.02Pb0.98Te_generalized_grouping_grouped_from_oqmd-5395345_rank_2,9.646113139204152,9.660429602925337,0.014316463721185002,9.653267505239409,0.00714381148757276,194,hexagonal,2,True,192,9.720917219408792,28.595474466360468,0.6281249999629789
Tl0.22Co4Sb12,11.999999999999481,11.999999999999494,1.2434497875801753e-14,11.999999999999488,2.3314683517128287e-15,1,triclinic,7,False,1,8.698960737764809,20.441595443799436,0.6043338144029132
Tl0.7Co4Sn0.75Sb11.25,11.999999999999481,11.99999999999949,8.881784197001252e-15,11.999999999999485,2.039520815607695e-15,1,triclinic,7,False,1,8.74049191765533,21.039716683034882,0.6090208240331083
Tl0.8Co4SnSb11,11.999999999999483,11.999999999999492,8.881784197001252e-15,11.999999999999488,2.105311809659556e-15,1,triclinic,7,False,1,8.731576426246066,21.039716683034882,0.6090208240331083
Tl11.5Sb11.5Cu8Se27,11.999999999999483,11.999999999999494,1.0658141036401503e-14,11.999999999999488,2.434266779918862e-15,1,triclinic,7,False,1,9.885906701165007,18.1120577931265,0.677974650687143
Tl2Cu2SnTe4,11.999999999999481,11.99999999999949,8.881784197001252e-15,11.999999999999485,2.500057773970723e-15,1,triclinic,7,False,1,9.0217978720841,23.824715080729707,0.6380863308060649
Tl2GeTe3,7.860108072591212,10.394347683056909,2.534239610465697,9.549601146235005,1.1263287157625295,2,triclinic,7,True,4,9.349892558208479,25.58048686984924,0.6523538584521527
Tl2GeTe5,11.999999999999483,11.999999999999494,1.0658141036401503e-14,11.999999999999488,2.039520815607695e-15,5,monoclinic,6,False,2,9.711283009020063,24.17810445660842,0.6449955164049722
Tl2SnTe5,11.99999999999948,11.99999999999949,1.0658141036401503e-14,11.999999999999485,1.7763568394002505e-15,1,triclinic,7,False,1,9.63215324955945,25.25920463322799,0.6375750169364973
Tl4PbTe3,11.999999999999481,11.999999999999488,7.105427357601002e-15,11.999999999999485,1.907938827503973e-15,1,triclinic,7,False,1,8.477706802006745,34.523877074955,0.6334427014040244
Tl4SnTe3,11.999999999999481,11.999999999999492,1.0658141036401503e-14,11.999999999999485,1.973729821555834e-15,1,triclinic,7,False,1,8.578958325659777,32.21329535418085,0.6386635140126353
Tl8.95Bi1.05Te6.0,11.008524524261608,12.144801723531424,1.1362771992698164,11.553246176024103,0.3684345065725489,26,orthorhombic,5,False,4,8.87650996309623,32.32091204042498,0.6368760006609783
Tl8.97Sb1.03Te6,11.008524523468088,12.144801723604864,1.1362772001367762,11.553246175554193,0.36843450687443524,26,orthorhombic,5,False,4,8.697311373452111,31.599132090963607,0.6398533445398513
Tl8.98Sb1.02Te6,11.008524523468088,12.144801723604864,1.1362772001367762,11.553246175554193,0.36843450687443524,6,monoclinic,6,False,2,8.697311373452111,31.599132090963607,0.6398533445398513
Tl8.99Bi1.01Te6.0,11.008524524261608,12.144801723531424,1.1362771992698164,11.553246176024103,0.3684345065725489,26,orthorhombic,5,False,4,8.87650996309623,32.32091204042498,0.6368760006609783
Tl8.99Sb1.01Te6,11.008524523468088,12.144801723604864,1.1362772001367762,11.553246175554191,0.36843450687443524,26,orthorhombic,5,False,4,8.697311373452111,31.599132090963607,0.6398533445398513
Tl9.0Bi0.95Te6.0,11.008524525104017,12.14480172319212,1.136277198088104,11.553246176394874,0.3684345060936188,6,monoclinic,6,False,2,8.834150359048142,31.838518409782605,0.6391140574210666
Tl9.0Bi0.96Te6.0,11.008524525104017,12.14480172319212,1.136277198088104,11.553246176394877,0.3684345060936188,6,monoclinic,6,False,2,8.834150359048142,31.838518409782605,0.6391140574210666
Tl9.0Bi0.97Te6.0,11.008524525104017,12.14480172319212,1.136277198088104,11.553246176394874,0.3684345060936188,6,monoclinic,6,False,2,8.834150359048142,31.838518409782605,0.6391140574210666
Tl9.0Bi0.98Te6.0,11.008524525104017,12.14480172319212,1.136277198088104,11.553246176394877,0.3684345060936188,6,monoclinic,6,False,2,8.834150359048142,31.838518409782605,0.6391140574210666
Tl9.0Bi0.99Te6.0,11.008524525104017,12.14480172319212,1.136277198088104,11.553246176394877,0.3684345060936188,6,monoclinic,6,False,2,8.834150359048142,31.838518409782605,0.6391140574210666
Tl9.0BiTe6.0,11.008524524261608,12.144801723531424,1.1362771992698164,11.553246176024103,0.3684345065725489,26,orthorhombic,5,False,4,8.87650996309623,32.32091204042498,0.6368760006609783
Tl9.0Sb0.97Te6,11.008524523267496,12.14480172423183,1.136277200964333,11.553246175733605,0.3684345073196183,6,monoclinic,6,False,2,8.743091352733455,31.479890158836678,0.6405881074829629
Tl9.0Sb0.98Te6,11.008524523267496,12.14480172423183,1.136277200964333,11.553246175733605,0.3684345073196183,6,monoclinic,6,False,2,8.743091352733455,31.479890158836678,0.6405881074829629
Tl9.0Sb0.99Te6,11.008524523267496,12.14480172423183,1.136277200964333,11.553246175733605,0.3684345073196183,6,monoclinic,6,False,2,8.743091352733455,31.479890158836678,0.6405881074829629
Tl9.0Sb1.0Te6,11.008524523468088,12.144801723604864,1.1362772001367762,11.553246175554193,0.36843450687443524,6,monoclinic,6,False,2,8.697311373452111,31.599132090963607,0.6398533445398513
Tl9BiTe6,11.008524524261608,12.144801723531424,1.1362771992698164,11.553246176024103,0.3684345065725489,6,monoclinic,6,False,2,8.87650996309623,32.32091204042498,0.6368760006609783
TlCr5Se8,11.999999999999481,11.999999999999492,1.0658141036401503e-14,11.999999999999485,2.105311809659556e-15,1,triclinic,7,False,1,8.509438873531371,15.272499987468995,0.6498284183239704
TlTiPS5,7.860108073326683,10.394347684008306,2.534239610681623,9.549601147114426,1.126328715858495,1,triclinic,7,False,1,4.521524860384522,20.361785270909213,0.40122767168811496
TmCuTe2,11.999999999999481,11.999999999999496,1.4210854715202004e-14,11.999999999999488,2.565848768022584e-15,1,triclinic,7,False,1,8.970351882729947,22.530184781269035,0.6225550519084847
VFeSb_transmutation_transmuted_from_oqmd-3241062_rank_3,7.99999999989483,9.971818107134123,1.9718181072392928,9.314545404670476,0.8763636031837647,216,cubic,1,False,24,5.930394011456376,21.331375935662052,0.5402071525120171
VFeSb_transmutation_transmuted_from_oqmd-3750974_rank_4,7.999999999996656,9.971809676302795,1.9718096763061395,9.31453978419915,0.8763598561349975,216,cubic,1,False,24,4.371593133634611,28.937611584131556,0.39821399288137516
VFeSb_transmutation_transmuted_from_oqmd-5473064_rank_2,7.999999999988903,9.971811103066289,1.9718111030773855,9.314540735368631,0.8763604902531519,216,cubic,1,False,24,5.058610779994974,25.007550413890623,0.4607953063234306
VFeSb_transmutation_transmuted_from_oqmd-5757776_rank_1,9.579434091783956,13.164157892960118,3.584723801176162,10.774342207901816,1.5932093532809943,194,hexagonal,2,True,24,6.603602940388568,19.156733868909928,0.6015306122756653
VFeSb_transmutation_transmuted_from_oqmd-7001747_rank_5,7.999999999909052,9.971808898020026,1.9718088981109734,9.314539265311607,0.8763595102683693,216,cubic,1,False,24,4.675308888101132,27.057776744319884,0.4258798482320395
W0.95O2.85Co0.1O0.15,11.99999999999948,11.999999999999492,1.2434497875801753e-14,11.999999999999488,2.4054832200211726e-15,1,triclinic,7,False,1,7.270270447607118,12.643683808307825,0.257447333985203
W0.9O2.7Co0.2O0.3,11.999999999999481,11.999999999999492,1.0658141036401503e-14,11.999999999999485,2.039520815607695e-15,44,orthorhombic,5,False,4,7.2085603653902695,12.643683796219928,0.26433206006331317
WO3,11.99999999999948,11.99999999999949,1.0658141036401503e-14,11.999999999999485,2.039520815607695e-15,12,monoclinic,6,True,4,7.81613244415211,12.643683796219928,0.26433206006331317
Y0.2Bi1.8Te3,11.999999999999483,11.999999999999492,8.881784197001252e-15,11.999999999999488,1.578983857244667e-15,8,monoclinic,6,False,2,11.264332098679082,23.042215044537357,0.6106449267926214
Y0.5Bi1.5Ru2O7,11.999999999999481,11.999999999999492,1.0658141036401503e-14,11.999999999999487,2.565848768022584e-15,1,triclinic,7,False,1,8.279687359570405,12.643683796219928,0.4524386443487987
Y2Ru2O7,11.999999999999481,11.999999999999488,7.105427357601002e-15,11.999999999999485,2.039520815607695e-15,44,orthorhombic,5,False,4,5.94341932517812,12.643683796219928,0.5376428302397774
YBiRu2O7,11.999999999999478,11.999999999999492,1.4210854715202004e-14,11.999999999999487,2.2368937977632784e-15,1,triclinic,7,False,1,6.756921556046478,12.643683796219928,0.42613136114743655
Yb1.4Bi0.6Ru2O7,11.999999999999481,11.999999999999492,1.0658141036401503e-14,11.999999999999485,2.500057773970723e-15,1,triclinic,7,False,1,7.4005913487466355,12.643683796219928,0.4300348147241312
Yb10Ca3BaMgSb11,11.008524521570415,12.144801723233284,1.1362772016628693,11.553246174162226,0.36843450726464494,1,triclinic,7,False,1,6.983142806960189,29.270930538207804,0.6255348581892323
Yb10LaCdSb9,11.008524525627085,12.144801723842034,1.13627719821495,11.5532461770469,0.36843450631801833,6,monoclinic,6,False,2,8.18851614543358,29.95694034936739,0.6172052802350151
Yb11Ca2BaMgSb11,11.008524524619666,12.144801724563411,1.1362771999437449,11.553246176758206,0.36843450708214465,7,monoclinic,6,False,2,7.325789449679361,29.15762380672008,0.625136632543813
Yb12CaBaMgSb11,11.0085245258968,12.144801724177128,1.1362771982803288,11.553246177383107,0.3684345064337409,7,monoclinic,6,False,2,7.671032201275108,29.044609882360707,0.6247290016713117
Yb13.43Ce0.44Mn1.07Sb11.07,11.008524569287227,12.144801731560253,1.1362771622730268,11.553246174733118,0.3684345087063387,7,monoclinic,6,False,2,8.322136481975388,28.93188838067849,0.6167244422667566
Yb13.44Ce0.4Mn1.09Sb11.07,11.008524566450848,12.14480173069589,1.1362771642450422,11.553246172501142,0.36843450910218517,6,monoclinic,6,False,2,8.37617744226948,28.70732103453751,0.6165589190870913
Yb13.49Ce0.39Mn1.05Sb11.08,11.008524566450845,12.14480173069589,1.1362771642450458,11.553246172501145,0.3684345091021853,1,triclinic,7,False,1,8.37617744226948,28.70732103453751,0.6165589190870913
Yb13.6Ce0.363Mn0.99Sb11.05,11.008524566450847,12.144801730695892,1.1362771642450458,11.553246172501142,0.3684345091021854,1,triclinic,7,False,1,8.37617744226948,28.70732103453751,0.6165589190870913
Yb13CaMnSb11,11.008524521570413,12.144801723233288,1.1362772016628746,11.553246174162226,0.3684345072646453,31,orthorhombic,5,False,4,8.010971817953758,29.270930538207804,0.6163896117244774
Yb14MgBi11,11.008524523230097,12.144801723284727,1.1362772000546304,11.553246175245567,0.3684345067575577,31,orthorhombic,5,False,4,9.34784014836512,32.56392545930621,0.6042715236162904
Yb14MgSb11,11.008524522219082,12.144801723526575,1.136277201307493,11.553246174719533,0.36843450723208315,31,orthorhombic,5,False,4,8.291286812019631,28.70732103453751,0.6154052892336893
Yb14MnSb11,11.008524520518037,12.144801723954712,1.1362772034366753,11.553246173844888,0.36843450804335487,31,orthorhombic,5,False,4,8.430725691619546,28.4839187934185,0.6163655730067484
Yb7Ca6BaMgSb11,9.57943043178503,13.164159280991926,3.584728849206897,10.774342207519055,1.5932093535218528,5,monoclinic,6,False,4,5.887276221768977,32.4422670680035,0.6217401835679265
Yb8Ca5BaMgSb11,11.999999999999481,11.999999999999494,1.2434497875801753e-14,11.999999999999485,1.7763568394002505e-15,1,triclinic,7,False,1,6.50673394229292,30.31683113794204,0.6239622170997187
Yb9Ca4BaMgSb11,11.999999999999478,11.999999999999494,1.5987211554602254e-14,11.999999999999487,2.500057773970723e-15,1,triclinic,7,False,1,6.7995916667560685,30.21371277161436,0.623664959469669
YbBiRu2O7,11.999999999999481,11.99999999999949,8.881784197001252e-15,11.999999999999488,2.8290127442300285e-15,1,triclinic,7,False,1,7.575412756911963,12.643683796219928,0.41453296588340316
YbCd1.1Zn0.9Sb2,11.95692193782396,11.956921938173174,3.4921399105769524e-10,11.95692193802757,1.266578508740679e-10,216,cubic,1,False,192,7.924179646496516,24.75978617862204,0.6171688380589639
YbCd1.2Zn0.8Sb2,11.95692193782396,11.956921938173174,3.4921399105769524e-10,11.95692193802757,1.266578508740679e-10,216,cubic,1,False,192,7.924179646496516,24.75978617862204,0.6171688380589639
YbCd1.3Zn0.7Sb2,11.95692193782396,11.956921938173174,3.4921399105769524e-10,11.95692193802757,1.266578508740679e-10,216,cubic,1,False,192,7.924179646496516,24.75978617862204,0.6171688380589639
YbCd1.4Zn0.6Sb2,11.999999999999478,11.999999999999492,1.4210854715202004e-14,11.999999999999487,2.1711028037114174e-15,1,triclinic,7,False,1,8.21208732352407,24.71471377530975,0.6120559662193585
YbCd1.5Zn0.5Sb2,7.999999999893484,9.971817977428946,1.971817977535462,9.314545318200231,0.8763635455378306,215,cubic,1,False,48,8.153870050060243,26.84523244516615,0.6145690258764266
YbCd1.6Zn0.4Sb2,7.999999999893484,9.971817977428948,1.9718179775354638,9.314545318200231,0.8763635455378308,215,cubic,1,False,48,8.097024007093133,25.99755186222484,0.6126481154584227
YbCd1.7Zn0.3Sb2,7.999999999989332,9.971811232772207,1.9718112327828754,9.314540821839282,0.8763605478999662,216,cubic,1,False,24,8.118748720884456,26.84523244516615,0.6121504866327524
YbCd1.8Zn0.2Sb2,7.999999999989004,9.971811219197551,1.971811219208547,9.31454079301573,0.8763605286843643,8,monoclinic,6,False,2,8.124478262075161,27.13183392288226,0.6119003652923194
YbCd1.8Zn0.2Sb3,11.999999999999481,11.999999999999492,1.0658141036401503e-14,11.999999999999488,1.973729821555834e-15,1,triclinic,7,False,1,8.39661419666558,24.895332158187422,0.6097155173710327
YbCd1.8Zn0.2Sb4,11.99999999999948,11.999999999999492,1.2434497875801753e-14,11.999999999999487,2.0230730670947296e-15,1,triclinic,7,False,1,8.567795593583378,24.22252224084633,0.6090639281356083
YbCd1.8Zn0.2Sb5,11.99999999999948,11.999999999999492,1.2434497875801753e-14,11.999999999999483,2.7385501274087196e-15,1,triclinic,7,False,1,8.654074292041228,23.95682967746163,0.6084617863041021
YbCd1.9Zn0.1Sb2,9.579432081503525,13.164158446791292,3.584726365287768,10.774342208228424,1.5932093530357008,2,triclinic,7,True,2,8.129485345500301,27.420468059607984,0.6116101313584335
YbCd2Sb2,7.999999999893484,9.971817977428946,1.971817977535462,9.314545318200231,0.8763635455378299,216,cubic,1,False,192,8.133789340299858,27.711142023464873,0.6112809439931179
YbMg0.6Zn1.4Sb2,11.999999999999481,11.999999999999492,1.0658141036401503e-14,11.999999999999488,2.039520815607695e-15,1,triclinic,7,False,1,7.588102225055718,22.700009576023557,0.6160488539416528
YbMg0.7Zn1.3Sb2,11.956921937823957,11.956921938173176,3.4921932012821344e-10,11.956921938027572,1.2665835047442897e-10,216,cubic,1,False,192,6.608117473553919,24.155915890645936,0.617473064912878
YbMg0.8Zn1.2Sb2,11.956921937823957,11.956921938173176,3.4921932012821344e-10,11.956921938027572,1.2665835047442897e-10,216,cubic,1,False,192,6.608117473553919,24.155915890645936,0.617473064912878
YbMg0.9Zn1.1Sb2,11.956921937823957,11.956921938173176,3.4921932012821344e-10,11.956921938027572,1.2665835047442897e-10,216,cubic,1,False,192,6.608117473553919,24.155915890645936,0.617473064912878
YbMgZnSb2,11.956921937823957,11.956921938173176,3.4921932012821344e-10,11.956921938027572,1.2665835047442897e-10,216,cubic,1,False,192,6.608117473553919,24.155915890645936,0.617473064912878
YbSi2_generalized_grouping_grouped_from_oqmd-3241062_rank_3,7.99999999989483,9.971818107134123,1.9718181072392928,9.314545404670476,0.8763636031837647,225,cubic,1,True,48,5.94763665932284,21.331375935662052,0.5250459406253583
YbSi2_generalized_grouping_grouped_from_oqmd-5473064_rank_2,7.999999999988903,9.971811103066289,1.9718111030773855,9.314540735368631,0.8763604902531519,216,cubic,1,False,24,5.073318714106005,25.007550413890623,0.4478628317290813
YbSi2_generalized_grouping_grouped_from_oqmd-5757776_rank_1,9.579434096693003,13.164157892836167,3.584723796143164,10.774342211133202,1.5932093510441163,191,hexagonal,2,True,48,7.961564483463006,15.93547019210426,0.7028316207777908
Zn0.85Cd0.15Sc0.02O1.03_generalized_grouping_grouped_from_agm002068072_rank_3,7.80451602453066,10.247049694187456,2.4425336696567967,9.025762053454843,1.2212393778507515,38,orthorhombic,5,False,4,2.4675208632802574,30.357585667201587,0.20098969821852705
Zn0.85Cd0.15Sc0.02O1.03_generalized_grouping_grouped_from_oqmd-5395345_rank_2,9.646113141270112,9.660429604919027,0.0143164636489157,9.653267507269243,0.007143811451440885,12,monoclinic,6,True,4,3.3085675782205164,22.64060631124428,0.26949640385132423
Zn0.875Cd0.125Sc0.02O1.03_generalized_grouping_grouped_from_agm002068072_rank_3,7.80451602453066,10.247049694187456,2.4425336696567967,9.025762053454843,1.2212393778507515,187,hexagonal,2,False,24,2.387177829156724,30.357585667201587,0.1955415784287902
Zn0.875Cd0.125Sc0.02O1.03_generalized_grouping_grouped_from_oqmd-5395345_rank_2,9.646113141270112,9.660429604919027,0.0143164636489157,9.653267507269241,0.007143811451440885,164,trigonal,3,True,24,3.2008398739515393,22.64060631124428,0.26219130958978176
Zn0.95Al0.05O_generalized_grouping_grouped_from_agm002068072_rank_3,7.80451602453066,10.247049694187456,2.4425336696567967,9.025762053454843,1.2212393778507513,187,hexagonal,2,False,12,2.1608056445201225,30.357585667201587,0.18245811386843483
Zn0.95Al0.05O_generalized_grouping_grouped_from_oqmd-5395345_rank_2,9.646113141270112,9.66042960491903,0.014316463648917477,9.653267507269243,0.007143811451441828,164,trigonal,3,True,12,2.8973094431271567,22.64060631124428,0.24464838733961541
Zn0.95Cd0.05Sc0.02O1.03_generalized_grouping_grouped_from_agm002068072_rank_3,7.80451602453066,10.247049694187456,2.4425336696567967,9.025762053454843,1.2212393778507515,187,hexagonal,2,False,12,2.3068347950331907,30.357585667201587,0.19009345863905336
Zn0.95Cd0.05Sc0.02O1.03_generalized_grouping_grouped_from_oqmd-5395345_rank_2,9.646113141270114,9.66042960491903,0.0143164636489157,9.653267507269245,0.007143811451441495,164,trigonal,3,True,12,3.093112169682562,22.64060631124428,0.2548862153282393
Zn0.95In0.054Sb3,11.00852452297087,12.144801723712751,1.1362772007418815,11.553246175290084,0.3684345071011397,6,monoclinic,6,False,2,6.7661789667061685,22.931785250728392,0.5057150662784187
Zn0.9604Ni0.0196Al0.02O_generalized_grouping_grouped_from_agm002068072_rank_3,7.80451602453066,10.247049694187456,2.4425336696567967,9.025762053454843,1.2212393778507513,194,hexagonal,2,True,192,2.2264917609096577,30.357585667201587,0.1846453388493165
Zn0.9604Ni0.0196Al0.02O_generalized_grouping_grouped_from_oqmd-5395345_rank_2,9.646113141270112,9.66042960491903,0.014316463648917477,9.653267507269243,0.007143811451441828,194,hexagonal,2,True,192,2.985384465413585,22.64060631124428,0.24758112106669686
Zn0.96Al0.04O_generalized_grouping_grouped_from_agm002068072_rank_3,7.80451602453066,10.247049694187456,2.4425336696567967,9.025762053454843,1.2212393778507513,187,hexagonal,2,False,12,2.1608056445201225,30.357585667201587,0.18245811386843483
Zn0.96Al0.04O_generalized_grouping_grouped_from_oqmd-5395345_rank_2,9.646113141270112,9.66042960491903,0.014316463648917477,9.653267507269243,0.007143811451441828,164,trigonal,3,True,12,2.8973094431271567,22.64060631124428,0.24464838733961541
Zn0.97Al0.015Ti0.015O_generalized_grouping_grouped_from_agm002068072_rank_3,7.80451602453066,10.247049694187456,2.4425336696567967,9.025762053454843,1.2212393778507513,194,hexagonal,2,True,192,2.2264917609096577,30.357585667201587,0.1846453388493165
Zn0.97Al0.015Ti0.015O_generalized_grouping_grouped_from_oqmd-5395345_rank_2,9.646113141270112,9.66042960491903,0.014316463648917477,9.653267507269243,0.007143811451441828,194,hexagonal,2,True,192,2.985384465413585,22.64060631124428,0.24758112106669686
Zn0.97Al0.01Ti0.02O_generalized_grouping_grouped_from_agm002068072_rank_3,7.80451602453066,10.247049694187456,2.4425336696567967,9.025762053454843,1.2212393778507513,194,hexagonal,2,True,192,2.2264917609096577,30.357585667201587,0.1846453388493165
Zn0.97Al0.01Ti0.02O_generalized_grouping_grouped_from_oqmd-5395345_rank_2,9.646113141270112,9.66042960491903,0.014316463648917477,9.653267507269243,0.007143811451441828,194,hexagonal,2,True,192,2.985384465413585,22.64060631124428,0.24758112106669686
Zn0.97Al0.025Ti0.005O_generalized_grouping_grouped_from_agm002068072_rank_3,7.80451602453066,10.247049694187456,2.4425336696567967,9.025762053454843,1.2212393778507513,194,hexagonal,2,True,192,2.2264917609096577,30.357585667201587,0.1846453388493165
Zn0.97Al0.025Ti0.005O_generalized_grouping_grouped_from_oqmd-5395345_rank_2,9.646113141270112,9.66042960491903,0.014316463648917477,9.653267507269243,0.007143811451441828,194,hexagonal,2,True,192,2.985384465413585,22.64060631124428,0.24758112106669686
Zn0.97Al0.02Ti0.01O_generalized_grouping_grouped_from_agm002068072_rank_3,7.80451602453066,10.247049694187456,2.4425336696567967,9.025762053454843,1.2212393778507513,194,hexagonal,2,True,192,2.2264917609096577,30.357585667201587,0.1846453388493165
Zn0.97Al0.02Ti0.01O_generalized_grouping_grouped_from_oqmd-5395345_rank_2,9.646113141270112,9.66042960491903,0.014316463648917477,9.653267507269243,0.007143811451441828,194,hexagonal,2,True,192,2.985384465413585,22.64060631124428,0.24758112106669686
Zn0.97Al0.03O_generalized_grouping_grouped_from_agm002068072_rank_3,7.80451602453066,10.247049694187456,2.4425336696567967,9.025762053454843,1.2212393778507513,194,hexagonal,2,True,192,2.2264917609096577,30.357585667201587,0.1846453388493165
Zn0.97Al0.03O_generalized_grouping_grouped_from_oqmd-5395345_rank_2,9.646113141270112,9.66042960491903,0.014316463648917477,9.653267507269243,0.007143811451441828,194,hexagonal,2,True,192,2.985384465413585,22.64060631124428,0.24758112106669686
Zn0.98Al0.02O_generalized_grouping_grouped_from_agm002068072_rank_3,7.80451602453066,10.247049694187456,2.4425336696567967,9.025762053454843,1.2212393778507513,194,hexagonal,2,True,192,2.2264917609096577,30.357585667201587,0.1846453388493165
Zn0.98Al0.02O_generalized_grouping_grouped_from_oqmd-5395345_rank_2,9.646113141270112,9.66042960491903,0.014316463648917477,9.653267507269243,0.007143811451441828,194,hexagonal,2,True,192,2.985384465413585,22.64060631124428,0.24758112106669686
Zn0.98In0.024Sb3,11.008524567202635,12.14480173088207,1.136277163679436,11.553246173071694,0.3684345089712419,6,monoclinic,6,False,2,6.771415267766395,22.931785250728392,0.5044302409099133
Zn0.9925Al0.0075O_generalized_grouping_grouped_from_agm002068072_rank_3,7.80451602453066,10.247049694187456,2.4425336696567967,9.025762053454843,1.2212393778507513,194,hexagonal,2,True,192,2.2264917609096577,30.357585667201587,0.1846453388493165
Zn0.9925Al0.0075O_generalized_grouping_grouped_from_oqmd-5395345_rank_2,9.646113141270112,9.66042960491903,0.014316463648917477,9.653267507269243,0.007143811451441828,194,hexagonal,2,True,192,2.985384465413585,22.64060631124428,0.24758112106669686
Zn0.995Al0.005O_generalized_grouping_grouped_from_agm002068072_rank_3,7.80451602453066,10.247049694187456,2.4425336696567967,9.025762053454843,1.2212393778507513,194,hexagonal,2,True,192,2.2264917609096577,30.357585667201587,0.1846453388493165
Zn0.995Al0.005O_generalized_grouping_grouped_from_oqmd-5395345_rank_2,9.646113141270112,9.66042960491903,0.014316463648917477,9.653267507269243,0.007143811451441828,194,hexagonal,2,True,192,2.985384465413585,22.64060631124428,0.24758112106669686
Zn0.9975Al0.0025O_generalized_grouping_grouped_from_agm002068072_rank_3,7.80451602453066,10.247049694187456,2.4425336696567967,9.025762053454843,1.2212393778507513,194,hexagonal,2,True,192,2.2264917609096577,30.357585667201587,0.1846453388493165
Zn0.9975Al0.0025O_generalized_grouping_grouped_from_oqmd-5395345_rank_2,9.646113141270112,9.66042960491903,0.014316463648917477,9.653267507269243,0.007143811451441828,194,hexagonal,2,True,192,2.985384465413585,22.64060631124428,0.24758112106669686
Zn0.997Dy0.003O_generalized_grouping_grouped_from_agm002068072_rank_3,7.80451602453066,10.247049694187456,2.4425336696567967,9.025762053454843,1.2212393778507513,194,hexagonal,2,True,192,2.2264917609096577,30.357585667201587,0.1846453388493165
Zn0.997Dy0.003O_generalized_grouping_grouped_from_oqmd-5395345_rank_2,9.646113141270112,9.66042960491903,0.014316463648917477,9.653267507269243,0.007143811451441828,194,hexagonal,2,True,192,2.985384465413585,22.64060631124428,0.24758112106669686
Zn0.998Dy0.002O_generalized_grouping_grouped_from_agm002068072_rank_3,7.80451602453066,10.247049694187456,2.4425336696567967,9.025762053454843,1.2212393778507513,194,hexagonal,2,True,192,2.2264917609096577,30.357585667201587,0.1846453388493165
Zn0.998Dy0.002O_generalized_grouping_grouped_from_oqmd-5395345_rank_2,9.646113141270112,9.66042960491903,0.014316463648917477,9.653267507269243,0.007143811451441828,194,hexagonal,2,True,192,2.985384465413585,22.64060631124428,0.24758112106669686
Zn0.999Dy0.001O_generalized_grouping_grouped_from_agm002068072_rank_3,7.80451602453066,10.247049694187456,2.4425336696567967,9.025762053454843,1.2212393778507513,194,hexagonal,2,True,192,2.2264917609096577,30.357585667201587,0.1846453388493165
Zn0.999Dy0.001O_generalized_grouping_grouped_from_oqmd-5395345_rank_2,9.646113141270112,9.66042960491903,0.014316463648917477,9.653267507269243,0.007143811451441828,194,hexagonal,2,True,192,2.985384465413585,22.64060631124428,0.24758112106669686
Zn0.99Al0.01O_generalized_grouping_grouped_from_agm002068072_rank_3,7.80451602453066,10.247049694187456,2.4425336696567967,9.025762053454843,1.2212393778507513,194,hexagonal,2,True,192,2.2264917609096577,30.357585667201587,0.1846453388493165
Zn0.99Al0.01O_generalized_grouping_grouped_from_oqmd-5395345_rank_2,9.646113141270112,9.66042960491903,0.014316463648917477,9.653267507269243,0.007143811451441828,194,hexagonal,2,True,192,2.985384465413585,22.64060631124428,0.24758112106669686
Zn0.9Cd0.1Sc0.006O1.009_generalized_grouping_grouped_from_agm002068072_rank_3,7.80451602453066,10.247049694187456,2.4425336696567967,9.025762053454843,1.2212393778507515,187,hexagonal,2,False,24,2.387177829156724,30.357585667201587,0.1955415784287902
Zn0.9Cd0.1Sc0.006O1.009_generalized_grouping_grouped_from_oqmd-5395345_rank_2,9.646113141270112,9.660429604919027,0.0143164636489157,9.653267507269241,0.007143811451440885,164,trigonal,3,True,24,3.2008398739515393,22.64060631124428,0.26219130958978176
Zn0.9Cd0.1Sc0.01O1.015_generalized_grouping_grouped_from_agm002068072_rank_3,7.80451602453066,10.247049694187456,2.4425336696567967,9.025762053454843,1.2212393778507515,187,hexagonal,2,False,24,2.387177829156724,30.357585667201587,0.1955415784287902
Zn0.9Cd0.1Sc0.01O1.015_generalized_grouping_grouped_from_oqmd-5395345_rank_2,9.646113141270112,9.660429604919027,0.0143164636489157,9.653267507269241,0.007143811451440885,164,trigonal,3,True,24,3.2008398739515393,22.64060631124428,0.26219130958978176
Zn0.9Cd0.1Sc0.02O1.03_generalized_grouping_grouped_from_agm002068072_rank_3,7.80451602453066,10.247049694187456,2.4425336696567967,9.025762053454843,1.2212393778507515,187,hexagonal,2,False,24,2.387177829156724,30.357585667201587,0.1955415784287902
Zn0.9Cd0.1Sc0.02O1.03_generalized_grouping_grouped_from_oqmd-5395345_rank_2,9.646113141270112,9.660429604919027,0.0143164636489157,9.653267507269241,0.007143811451440885,164,trigonal,3,True,24,3.2008398739515393,22.64060631124428,0.26219130958978176
Zn0.9In0.14Sb3,11.008524522970818,12.144801723712721,1.1362772007419029,11.553246175290026,0.36843450710110653,6,monoclinic,6,False,2,6.755706364585714,22.931785250728392,0.5082847170154274
Zn2Cu3In3Te8,11.999999999999481,11.99999999999949,8.881784197001252e-15,11.999999999999487,2.500057773970723e-15,1,triclinic,7,False,1,8.976560157571965,19.693807729586844,0.6043583778730771
Zn4Sb3,7.80451602453066,10.247049694187456,2.4425336696567967,9.025762053454843,1.2212393778507513,194,hexagonal,2,True,192,5.119007822260354,30.357585667201587,0.3800704952485674
ZnO_transmutation_transmuted_from_agm002068072_rank_3,7.804522677273523,10.247001436745924,2.442478759472401,9.025762057009723,1.2212393797361998,194,hexagonal,2,True,24,2.2264917585805737,30.357585698957987,0.18464533865616306
ZnO_transmutation_transmuted_from_agm004226516_rank_5,6.000000008550332,6.000000008550333,8.881784197001252e-16,6.000000008550332,4.440892098500626e-16,225,cubic,1,True,48,3.133864922950372,21.56790928483927,0.2598947639355931
ZnO_transmutation_transmuted_from_agm004461667_rank_4,10.793991182669812,11.742736753657026,0.9487455709872137,11.458208908966597,0.34754194318382253,65,orthorhombic,5,True,16,3.8419823437766736,17.592718633550902,0.3186196976672844
ZnO_transmutation_transmuted_from_oqmd-3052242_rank_1,11.008524522970818,12.144801723712721,1.1362772007419029,11.553246175290026,0.36843450710110653,57,orthorhombic,5,True,8,2.947477208168367,22.931785250728392,0.24443743175161403
ZnO_transmutation_transmuted_from_oqmd-5395345_rank_2,9.646113435606475,9.660428412808987,0.014314977202511514,9.653267500722176,0.007143811555440749,194,hexagonal,2,True,24,2.9853844613013187,22.64060634243095,0.24758112072566216
ZnSc0.02O1.03_generalized_grouping_grouped_from_agm002068072_rank_3,7.80451602453066,10.247049694187456,2.4425336696567967,9.025762053454843,1.2212393778507513,194,hexagonal,2,True,192,2.2264917609096577,30.357585667201587,0.1846453388493165
ZnSc0.02O1.03_generalized_grouping_grouped_from_oqmd-5395345_rank_2,9.646113141270112,9.66042960491903,0.014316463648917477,9.653267507269243,0.007143811451441828,194,hexagonal,2,True,192,2.985384465413585,22.64060631124428,0.24758112106669686
Zr0.15Hf0.15Ti0.7NiSn_generalized_grouping_grouped_from_oqmd-3241062_rank_3,7.999999999892224,9.971818373752829,1.9718183738606045,9.314545404670456,0.8763636031837666,160,trigonal,3,False,6,6.490311333673315,21.331375922087286,0.5585324539204979
Zr0.15Hf0.15Ti0.7NiSn_generalized_grouping_grouped_from_oqmd-5473064_rank_2,7.9999999999881535,9.971811283197972,1.971811283209819,9.314540735368613,0.8763604902531541,160,trigonal,3,False,6,5.53621881167547,25.007550391251563,0.47642674123859907
Zr0.15Hf0.15Ti0.7NiSn_generalized_grouping_grouped_from_oqmd-5757776_rank_1,9.57943215774256,13.164159199772032,3.5847270420294723,10.774342205710646,1.5932093547883472,8,monoclinic,6,False,2,7.010283429994034,19.749168816429293,0.6032793506404472
Zr0.25Hf0.25Ti0.5NiSn_generalized_grouping_grouped_from_oqmd-3241062_rank_3,7.999999999893935,9.971818020664012,1.971818020770077,9.31454534702365,0.8763635647531426,38,orthorhombic,5,False,4,6.974006246635488,21.331375935662052,0.5722764293548448
Zr0.25Hf0.25Ti0.5NiSn_generalized_grouping_grouped_from_oqmd-5473064_rank_2,7.99999999998919,9.971811189536908,1.9718111895477177,9.314540793015732,0.876360528684363,38,orthorhombic,5,False,4,5.948809334649878,25.007550361066123,0.48815031770133405
Zr0.25Hf0.25Ti0.5NiSn_generalized_grouping_grouped_from_oqmd-5757776_rank_1,9.57943042976721,13.16415928104157,3.5847288512743596,10.774342206190392,1.5932093544408052,10,monoclinic,6,True,8,7.36409274071422,20.201422532629437,0.6042863384481473
Zr0.35Hf0.35Ti0.3NiSn_generalized_grouping_grouped_from_oqmd-3241062_rank_3,7.999999999894266,9.971818136794772,1.971818136900506,9.314545404670476,0.876363603183764,156,trigonal,3,False,6,7.350213409831141,21.331375919824822,0.5829661887352705
Zr0.35Hf0.35Ti0.3NiSn_generalized_grouping_grouped_from_oqmd-5473064_rank_2,7.999999999988716,9.97181113272694,1.9718111327382237,9.314540735368627,0.8763604902531547,156,trigonal,3,False,6,6.26971306071439,25.007550396282465,0.4972686538025818
Zr0.35Hf0.35Ti0.3NiSn_generalized_grouping_grouped_from_oqmd-5757776_rank_1,9.579434060409586,13.16415791303561,3.5847238526260234,10.774342206065851,1.5932093545423787,8,monoclinic,6,False,2,7.626756080759173,20.557910030923455,0.6048995691563012
Zr0.3Hf0.3Ti0.4NiSn_generalized_grouping_grouped_from_oqmd-3241062_rank_3,7.999999999894266,9.971818136794772,1.971818136900506,9.314545404670476,0.876363603183764,156,trigonal,3,False,6,7.350213409831141,21.331375919824822,0.5829661887352705
Zr0.3Hf0.3Ti0.4NiSn_generalized_grouping_grouped_from_oqmd-5473064_rank_2,7.999999999988716,9.97181113272694,1.9718111327382237,9.314540735368627,0.8763604902531547,156,trigonal,3,False,6,6.26971306071439,25.007550396282465,0.4972686538025818
Zr0.3Hf0.3Ti0.4NiSn_generalized_grouping_grouped_from_oqmd-5757776_rank_1,9.579434060409586,13.16415791303561,3.5847238526260234,10.774342206065851,1.5932093545423787,8,monoclinic,6,False,2,7.626756080759173,20.557910030923455,0.6048995691563012
Zr0.4Hf0.4Ti0.2NiSn_generalized_grouping_grouped_from_oqmd-3241062_rank_3,7.9999999998934825,9.971818150368783,1.9718181504753005,9.31454543349259,0.8763636223994075,160,trigonal,3,False,6,7.651179133973233,21.331375926159712,0.5915179957240406
Zr0.4Hf0.4Ti0.2NiSn_generalized_grouping_grouped_from_oqmd-5473064_rank_2,7.99999999998831,9.97181110306615,1.9718111030778402,9.314540735368205,0.876360490253263,160,trigonal,3,False,6,6.526436049186894,25.00755039276083,0.5045633233045753
Zr0.4Hf0.4Ti0.2NiSn_generalized_grouping_grouped_from_oqmd-5757776_rank_1,9.579432138129217,13.164159260939668,3.5847271228104507,10.77434220786628,1.593209353296538,8,monoclinic,6,False,2,7.82929045354413,20.846100850849247,0.6052879060768819
Zr0.5Hf0.5NiSn_generalized_grouping_grouped_from_oqmd-3241062_rank_3,7.999999999894382,9.971818063899065,1.9718180640046823,9.314545375847063,0.8763635839684533,160,trigonal,3,False,6,8.102627719851203,21.331375935662052,0.6043457061976725
Zr0.5Hf0.5NiSn_generalized_grouping_grouped_from_oqmd-5473064_rank_2,7.999999999989047,9.971811146301599,1.971811146312552,9.314540764192184,0.8763605094687582,160,trigonal,3,False,6,6.911520532031225,25.007550387478375,0.5155053275614185
Zr0.5Hf0.5NiSn_generalized_grouping_grouped_from_oqmd-5757776_rank_1,9.57943211266592,13.164158426716787,3.584726314050867,10.77434220992271,1.59320935187033,164,trigonal,3,True,8,8.120885533670483,21.283417583247452,0.6057074905184805
Zr0.94Y0.06NiSn0.96Sb0.04_generalized_grouping_grouped_from_oqmd-3241062_rank_3,7.999999999893484,9.971817977428948,1.9718179775354638,9.314545318200231,0.876363545537831,216,cubic,1,False,192,6.970425380712881,21.331375935662052,0.6043457061976724
Zr0.94Y0.06NiSn0.96Sb0.04_generalized_grouping_grouped_from_oqmd-5473064_rank_2,7.999999999989333,9.971811232772206,1.9718112327828727,9.314540821839282,0.8763605478999651,216,cubic,1,False,192,5.9457548715366695,25.007550334653875,0.515505328650342
Zr0.94Y0.06NiSn0.96Sb0.04_generalized_grouping_grouped_from_oqmd-5757776_rank_1,9.579430431702022,13.164159280994012,3.5847288492919898,10.774342207464409,1.5932093535596792,8,monoclinic,6,False,2,6.912564820250104,21.513589546882915,0.6077783550243586
Zr0.95Nb0.05NiSn_generalized_grouping_grouped_from_oqmd-3241062_rank_3,7.999999999893484,9.971817977428948,1.9718179775354638,9.314545318200231,0.876363545537831,216,cubic,1,False,192,6.970425380712881,21.331375935662052,0.6043457061976724
Zr0.95Nb0.05NiSn_generalized_grouping_grouped_from_oqmd-5473064_rank_2,7.999999999989333,9.971811232772206,1.9718112327828727,9.314540821839282,0.8763605478999651,216,cubic,1,False,192,5.9457548715366695,25.007550334653875,0.515505328650342
Zr0.95Nb0.05NiSn_generalized_grouping_grouped_from_oqmd-5757776_rank_1,9.579430433307493,13.16415928095348,3.5847288476459873,10.774342208521224,1.593209352828121,164,trigonal,3,True,12,7.019077765119937,21.191810435426834,0.6055451852137513
Zr0.98Nb0.02NiSn_generalized_grouping_grouped_from_oqmd-3241062_rank_3,7.999999999893484,9.971817977428948,1.9718179775354638,9.314545318200231,0.876363545537831,216,cubic,1,False,192,6.970425380712881,21.331375935662052,0.6043457061976724
Zr0.98Nb0.02NiSn_generalized_grouping_grouped_from_oqmd-5473064_rank_2,7.999999999989333,9.971811232772206,1.9718112327828727,9.314540821839282,0.8763605478999651,216,cubic,1,False,192,5.9457548715366695,25.007550334653875,0.515505328650342
Zr0.98Nb0.02NiSn_generalized_grouping_grouped_from_oqmd-5757776_rank_1,9.579430431818448,13.164159280991083,3.5847288491726346,10.774342207541059,1.5932093535066258,194,hexagonal,2,True,192,6.986131988256235,21.28341755887438,0.6057074912121164
Zr0.99Nb0.01NiSn_generalized_grouping_grouped_from_oqmd-3241062_rank_3,7.999999999893484,9.971817977428948,1.9718179775354638,9.314545318200231,0.876363545537831,216,cubic,1,False,192,6.970425380712881,21.331375935662052,0.6043457061976724
Zr0.99Nb0.01NiSn_generalized_grouping_grouped_from_oqmd-5473064_rank_2,7.999999999989333,9.971811232772206,1.9718112327828727,9.314540821839282,0.8763605478999651,216,cubic,1,False,192,5.9457548715366695,25.007550334653875,0.515505328650342
Zr0.99Nb0.01NiSn_generalized_grouping_grouped_from_oqmd-5757776_rank_1,9.579430431818448,13.164159280991083,3.5847288491726346,10.774342207541059,1.5932093535066258,194,hexagonal,2,True,192,6.986131988256235,21.28341755887438,0.6057074912121164
ZrNi0.9Co0.04Cu0.06Sn_generalized_grouping_grouped_from_oqmd-3241062_rank_3,7.999999999893484,9.971817977428948,1.9718179775354638,9.314545318200231,0.876363545537831,216,cubic,1,False,192,6.970425380712881,21.331375935662052,0.6043457061976724
ZrNi0.9Co0.04Cu0.06Sn_generalized_grouping_grouped_from_oqmd-5473064_rank_2,7.999999999989333,9.971811232772206,1.9718112327828727,9.314540821839282,0.8763605478999651,216,cubic,1,False,192,5.9457548715366695,25.007550334653875,0.515505328650342
ZrNi0.9Co0.04Cu0.06Sn_generalized_grouping_grouped_from_oqmd-5757776_rank_1,9.579430431818448,13.164159280991083,3.5847288491726346,10.774342207541059,1.5932093535066258,187,hexagonal,2,False,12,6.994409286012892,21.28341755887438,0.6057074912121164
ZrNiPb0.38Sn0.6Bi0.02_generalized_grouping_grouped_from_oqmd-3241062_rank_3,7.999999999893485,9.971817977428946,1.9718179775354612,9.314545318200231,0.8763635455378297,160,trigonal,3,False,6,7.179463800767477,23.268646049263452,0.6166623174230986
ZrNiPb0.38Sn0.6Bi0.02_generalized_grouping_grouped_from_oqmd-5473064_rank_2,7.999999999989332,9.971811232772206,1.9718112327828736,9.314540821839282,0.876360547899966,160,trigonal,3,False,6,6.680238558674897,25.007550334653875,0.5737825978161819
ZrNiPb0.38Sn0.6Bi0.02_generalized_grouping_grouped_from_oqmd-5757776_rank_1,9.579430431720866,13.164159280993532,3.5847288492726666,10.774342207476812,1.5932093535510934,187,hexagonal,2,False,24,7.179463792490854,23.26864607608799,0.6166623167121986
ZrNiPb0.58Sn0.4Bi0.02_generalized_grouping_grouped_from_oqmd-3241062_rank_3,7.999999999893484,9.971817977428946,1.971817977535462,9.314545318200231,0.8763635455378306,160,trigonal,3,False,6,7.27140158770151,24.65845018896321,0.6213074317317725
ZrNiPb0.58Sn0.4Bi0.02_generalized_grouping_grouped_from_oqmd-5473064_rank_2,7.999999999989333,9.971811232772206,1.9718112327828727,9.314540821839282,0.8763605478999651,160,trigonal,3,False,6,7.16989435010038,25.007550334653875,0.6126341105934086
ZrNiPb0.58Sn0.4Bi0.02_generalized_grouping_grouped_from_oqmd-5757776_rank_1,9.579430434238937,13.164159280929962,3.584728846691025,10.774342209134337,1.5932093524036992,187,hexagonal,2,False,24,7.271401579660193,24.658450216232563,0.6213074310446793
ZrNiPb0.985Bi0.015_generalized_grouping_grouped_from_oqmd-3241062_rank_3,7.999999999893484,9.971817977428946,1.971817977535462,9.314545318200231,0.8763635455378306,216,cubic,1,False,192,7.363286275659349,26.84523244516615,0.6249843481032166
ZrNiPb0.985Bi0.015_generalized_grouping_grouped_from_oqmd-5473064_rank_2,7.999999999989332,9.971811232772207,1.9718112327828754,9.314540821839282,0.8763605478999662,216,cubic,1,False,192,7.363286275659349,26.84523244516615,0.6249843481032166
ZrNiPb0.985Bi0.015_generalized_grouping_grouped_from_oqmd-5757776_rank_1,9.579430430746003,13.164159281018156,3.5847288502721533,10.774342206835108,1.5932093539953052,194,hexagonal,2,True,192,7.363286282802522,26.845232419123416,0.6249843487095178
ZrNiPb0.98Bi0.02_generalized_grouping_grouped_from_oqmd-3241062_rank_3,7.999999999893484,9.971817977428946,1.971817977535462,9.314545318200231,0.8763635455378306,216,cubic,1,False,192,7.363286275659349,26.84523244516615,0.6249843481032166
ZrNiPb0.98Bi0.02_generalized_grouping_grouped_from_oqmd-5473064_rank_2,7.999999999989332,9.971811232772207,1.9718112327828754,9.314540821839282,0.8763605478999662,216,cubic,1,False,192,7.363286275659349,26.84523244516615,0.6249843481032166
ZrNiPb0.98Bi0.02_generalized_grouping_grouped_from_oqmd-5757776_rank_1,9.579430430746003,13.164159281018156,3.5847288502721533,10.774342206835108,1.5932093539953052,194,hexagonal,2,True,192,7.363286282802522,26.845232419123416,0.6249843487095178
ZrNiPb0.993Bi0.007_generalized_grouping_grouped_from_oqmd-3241062_rank_3,7.999999999893484,9.971817977428946,1.971817977535462,9.314545318200231,0.8763635455378306,216,cubic,1,False,192,7.363286275659349,26.84523244516615,0.6249843481032166
ZrNiPb0.993Bi0.007_generalized_grouping_grouped_from_oqmd-5473064_rank_2,7.999999999989332,9.971811232772207,1.9718112327828754,9.314540821839282,0.8763605478999662,216,cubic,1,False,192,7.363286275659349,26.84523244516615,0.6249843481032166
ZrNiPb0.993Bi0.007_generalized_grouping_grouped_from_oqmd-5757776_rank_1,9.579430430746003,13.164159281018156,3.5847288502721533,10.774342206835108,1.5932093539953052,194,hexagonal,2,True,192,7.363286282802522,26.845232419123416,0.6249843487095178
ZrNiPb0.995Bi0.005_generalized_grouping_grouped_from_oqmd-3241062_rank_3,7.999999999893484,9.971817977428946,1.971817977535462,9.314545318200231,0.8763635455378306,216,cubic,1,False,192,7.363286275659349,26.84523244516615,0.6249843481032166
ZrNiPb0.995Bi0.005_generalized_grouping_grouped_from_oqmd-5473064_rank_2,7.999999999989332,9.971811232772207,1.9718112327828754,9.314540821839282,0.8763605478999662,216,cubic,1,False,192,7.363286275659349,26.84523244516615,0.6249843481032166
ZrNiPb0.995Bi0.005_generalized_grouping_grouped_from_oqmd-5757776_rank_1,9.579430430746003,13.164159281018156,3.5847288502721533,10.774342206835108,1.5932093539953052,194,hexagonal,2,True,192,7.363286282802522,26.845232419123416,0.6249843487095178
ZrNiPb0.99Bi0.01_generalized_grouping_grouped_from_oqmd-3241062_rank_3,7.999999999893484,9.971817977428946,1.971817977535462,9.314545318200231,0.8763635455378306,216,cubic,1,False,192,7.363286275659349,26.84523244516615,0.6249843481032166
ZrNiPb0.99Bi0.01_generalized_grouping_grouped_from_oqmd-5473064_rank_2,7.999999999989332,9.971811232772207,1.9718112327828754,9.314540821839282,0.8763605478999662,216,cubic,1,False,192,7.363286275659349,26.84523244516615,0.6249843481032166
ZrNiPb0.99Bi0.01_generalized_grouping_grouped_from_oqmd-5757776_rank_1,9.579430430746003,13.164159281018156,3.5847288502721533,10.774342206835108,1.5932093539953052,194,hexagonal,2,True,192,7.363286282802522,26.845232419123416,0.6249843487095178
ZrNiPb_transmutation_transmuted_from_oqmd-3241062_rank_3,7.999999999894832,9.971818107134121,1.9718181072392893,9.314545404670476,0.8763636031837629,216,cubic,1,False,24,7.363286298445021,26.845232362093643,0.6249843500372293
ZrNiPb_transmutation_transmuted_from_oqmd-3750974_rank_4,7.999999999996656,9.971809676302795,1.9718096763061395,9.31453978419915,0.8763598561349975,216,cubic,1,False,24,6.830872377137453,28.937611584131556,0.5797938800388737
ZrNiPb_transmutation_transmuted_from_oqmd-5473064_rank_2,7.999999999988901,9.971811103066287,1.9718111030773855,9.314540735368631,0.8763604902531537,216,cubic,1,False,24,7.363286298445021,26.845232362093643,0.6249843500372293
ZrNiPb_transmutation_transmuted_from_oqmd-5757776_rank_1,9.579434096861725,13.1641578928319,3.5847237959701754,10.77434221124426,1.5932093509672347,194,hexagonal,2,True,24,7.363286267193996,26.845232476029324,0.6249843473846908
ZrNiPb_transmutation_transmuted_from_oqmd-7001747_rank_5,7.999999999909052,9.971808898020026,1.9718088981109734,9.314539265311607,0.8763595102683693,216,cubic,1,False,24,7.305446175354107,27.057776744319884,0.6200749698677142
ZrNiSn0.98Bi0.02_generalized_grouping_grouped_from_oqmd-3241062_rank_3,7.999999999893484,9.971817977428948,1.9718179775354638,9.314545318200231,0.876363545537831,216,cubic,1,False,192,6.970425380712881,21.331375935662052,0.6043457061976724
ZrNiSn0.98Bi0.02_generalized_grouping_grouped_from_oqmd-5473064_rank_2,7.999999999989333,9.971811232772206,1.9718112327828727,9.314540821839282,0.8763605478999651,216,cubic,1,False,192,5.9457548715366695,25.007550334653875,0.515505328650342
ZrNiSn0.98Bi0.02_generalized_grouping_grouped_from_oqmd-5757776_rank_1,9.579430431818448,13.164159280991083,3.5847288491726346,10.774342207541059,1.5932093535066258,194,hexagonal,2,True,192,6.986131988256235,21.28341755887438,0.6057074912121164
ZrNiSn0.98Sb0.02_generalized_grouping_grouped_from_oqmd-3241062_rank_3,7.999999999893484,9.971817977428948,1.9718179775354638,9.314545318200231,0.876363545537831,216,cubic,1,False,192,6.970425380712881,21.331375935662052,0.6043457061976724
ZrNiSn0.98Sb0.02_generalized_grouping_grouped_from_oqmd-5473064_rank_2,7.999999999989333,9.971811232772206,1.9718112327828727,9.314540821839282,0.8763605478999651,216,cubic,1,False,192,5.9457548715366695,25.007550334653875,0.515505328650342
ZrNiSn0.98Sb0.02_generalized_grouping_grouped_from_oqmd-5757776_rank_1,9.579430431818448,13.164159280991083,3.5847288491726346,10.774342207541059,1.5932093535066258,194,hexagonal,2,True,192,6.986131988256235,21.28341755887438,0.6057074912121164
ZrNiSn_transmutation_transmuted_from_oqmd-3241062_rank_3,7.99999999989483,9.971818107134123,1.9718181072392928,9.314545404670476,0.8763636031837647,216,cubic,1,False,24,6.970425380712881,21.331375935662052,0.6043457061976724
ZrNiSn_transmutation_transmuted_from_oqmd-3750974_rank_4,7.999999999996656,9.971809676302795,1.9718096763061395,9.31453978419915,0.8763598561349975,216,cubic,1,False,24,5.138252816587075,28.937611584131556,0.445493762210666
ZrNiSn_transmutation_transmuted_from_oqmd-5473064_rank_2,7.999999999988903,9.971811103066289,1.9718111030773855,9.314540735368631,0.8763604902531519,216,cubic,1,False,24,5.945754852697468,25.007550413890623,0.5155053270169567
ZrNiSn_transmutation_transmuted_from_oqmd-5757776_rank_1,9.579434094870017,13.164157892882198,3.584723798012181,10.774342209933218,1.5932093518747867,194,hexagonal,2,True,24,6.986131980255947,21.283417583247452,0.6057074905184806
ZrNiSn_transmutation_transmuted_from_oqmd-7001747_rank_5,7.999999999909052,9.971808898020026,1.9718088981109734,9.314539265311607,0.8763595102683693,216,cubic,1,False,24,5.495232133537368,27.057776744319884,0.47644437219743024
